real_name,obj_1,obj_2,obj_1_sd,obj_2_sd
gen=2_member=72_pso,0.483578,3.2509,0,0.200069
gen=2_member=32_pso,0.265822,3.47167,0,0.122214
gen=2_member=17_pso,0,4.28366,0,0.196
gen=2_member=4_pso,0.253615,4.99925,0,0.0908279
gen=2_member=26_pso,0.221017,3.67181,0,0.160449
gen=2_member=16_pso,0.201057,4.11696,0,0.124307
gen=2_member=2_pso,0.165621,4.07701,0,0.205361
gen=2_member=54_pso,0.168144,4.21499,0,0.181222
gen=2_member=88_pso,0,4.3236,0,0.138947
gen=2_member=23_pso,0,4.31965,0,0.14114
