real_name,obs_name,x1,x10,x2,x3,x4,x5,x6,x7,x8,x9
gen=0_member=0,func,1.92002976602045e-08,6.03085893831349e-08,-2.46656895039649e-08,-2.37619618949338e-08,8.46112766396693e-09,5.57705512235717e-08,1.25637813162155e-08,2.54414799094138e-08,3.53081196313466e-08,2.1717009317538e-08
gen=0_member=1,func,1.67912035992321e-07,9.83108847150327e-08,1.3702339866725e-07,-3.09048014670681e-07,-8.68674763915785e-08,-3.18400931630432e-07,6.09709183750288e-07,-1.22993131394889e-07,-4.45602388986437e-07,-3.12287171420269e-07
gen=0_member=2,func,-9.49966770995427e-08,-4.27127576086813e-08,-2.33021366517988e-08,2.2901922771574e-08,-1.01755751505019e-08,3.90298603358407e-09,3.67028697281071e-08,4.99058339785435e-08,-3.8377339195818e-08,3.84027864050706e-08
gen=0_member=3,func,-3.47784648200753e-10,-7.8832377733424e-09,-1.21293949291554e-09,-5.05035028692564e-09,1.19909362206608e-09,-8.59560586386003e-09,-8.01328975549829e-09,-8.70875783831656e-10,1.73804373062778e-09,-2.05353087063267e-09
gen=0_member=4,func,1.99182307706369e-07,-2.33900831394693e-07,-4.76273331526574e-07,-1.05413080373104e-08,2.74566190556572e-07,-1.20993844146922e-07,-2.95946137371812e-07,7.58416471018405e-08,5.07353673563756e-08,3.32647875400865e-08
gen=0_member=5,func,5.72313797938167e-08,2.19500715736123e-07,2.94392190420093e-08,1.86040637887045e-08,7.35539015202058e-08,8.56414161428015e-08,-1.84665236257301e-07,9.44302616194901e-08,9.45565055713966e-08,7.97339907950956e-08
gen=0_member=6,func,-1.63738009597992e-07,1.16459431655121e-07,5.30057610960688e-08,1.34174259995976e-07,-2.28648257589098e-07,1.33661179275858e-07,-2.34929235908963e-07,2.89756499640199e-08,1.41976883687312e-08,2.39944406059958e-07
gen=0_member=7,func,-8.71864440800946e-08,-5.15920631082367e-08,-4.88343707920539e-08,2.29043462272393e-07,-7.90866659154767e-07,-6.32627451931714e-08,-3.5099124729753e-07,5.49068904433651e-08,4.48261921431343e-07,-4.85060508522759e-07
gen=0_member=8,func,-2.50936467606448e-08,4.70306257632147e-08,8.51479997996433e-08,-1.64021745499099e-07,-9.43166972846493e-08,-6.67461349835047e-08,3.99743728603992e-08,-1.53071687267709e-07,6.07214125269744e-08,9.80149807598275e-08
gen=0_member=9,func,7.68795780559635e-11,3.14787735124146e-09,6.45791133596358e-08,2.75509886344951e-08,9.61540726566435e-09,-2.21928413512823e-08,-4.48994948985679e-08,-2.27388773677232e-08,-4.17256494766644e-08,2.32185490176769e-08
gen=0_member=10,func,4.51980935859434e-08,1.72187842355018e-07,-4.59434825739673e-07,4.60563931949016e-07,8.44083441861119e-08,-2.16915256784377e-08,-2.04762895555402e-07,-1.69426652711183e-07,2.95489787417962e-07,-4.68495067485467e-07
gen=0_member=11,func,9.86503995954332e-10,3.78943136505398e-09,1.18055224501052e-09,-3.19949079758234e-09,-2.48476631248091e-09,3.99368679711506e-09,-2.7711829640287e-09,-4.86538694981525e-10,2.72535658986896e-09,8.60661096784e-10
gen=0_member=12,func,-5.36430507015518e-09,5.29262507907227e-09,8.10063334353681e-09,3.16136819753212e-09,-1.2475494344573e-10,-3.24091658994522e-09,-8.38043735789422e-09,-1.22164627034514e-09,2.2583450695457e-09,4.31242913824382e-09
gen=0_member=13,func,3.17365605621936e-11,-5.53939737685571e-10,-6.04977252760662e-10,3.24718883650822e-10,-3.56077593895835e-11,-4.06141435564682e-11,3.97559226181684e-10,8.17110324109421e-10,-2.32368632561072e-10,4.87465792912494e-10
gen=0_member=14,func,5.54601048377791e-10,6.56031190179829e-09,-2.30699038180999e-09,-2.4190173151658e-09,-5.60242722077474e-09,-6.56419157192282e-10,4.76553190066552e-09,-4.27036477942877e-09,2.2233094427238e-10,-6.21601139517318e-10
gen=0_member=15,func,-5.52789512617799e-08,-1.029531591544e-07,1.4453815480945e-08,7.9253182701518e-09,8.92696392304765e-08,7.7149412677286e-08,-4.37265722690956e-08,-8.66288089020413e-09,-4.92379324828348e-08,6.27038040605853e-08
gen=0_member=16,func,1.16471608308423e-07,-2.15723683527808e-07,-1.17040498966249e-07,7.06851163664569e-07,-1.06049358166963e-07,2.24548236736249e-07,9.59822101906826e-08,8.15385178217757e-07,6.80530737224653e-07,-2.16420446901921e-07
gen=0_member=17,func,-4.34235644107681e-07,6.43084841498221e-07,1.70747619811279e-07,-3.89819005152584e-07,-1.83640309562316e-07,1.66971487348214e-07,4.27939922948572e-07,-1.45962431040487e-07,3.45521928742847e-07,-5.63672886775346e-07
gen=0_member=18,func,1.36499344799478e-06,-3.18557930847081e-07,7.40920963692075e-07,-2.37346163189973e-07,4.78085076592496e-07,-2.75608760075359e-07,6.96417920030473e-07,-1.44858906532778e-07,-1.13649947419626e-06,-2.29351328301639e-07
gen=0_member=19,func,1.47231278104376e-07,1.25484129127378e-07,1.19474155279902e-07,-1.71062850895305e-07,7.42231978880952e-07,1.09969129725429e-07,-3.88298369323606e-08,4.43914790835614e-08,-3.27879045637445e-07,4.70150001649201e-07
gen=0_member=20,func,-1.09317962062076e-07,2.09696567705655e-07,1.13618572568883e-07,-7.03599670413026e-07,9.95543698304712e-08,-2.32879079114672e-07,-9.85566480214285e-08,-8.12728153503408e-07,-6.91345227679564e-07,2.15186391163709e-07
gen=0_member=21,func,-2.24135522025216e-08,-1.08767290767423e-08,-6.75859500426948e-08,-1.39276222124695e-07,-3.33601413630773e-08,-4.7718478303506e-08,-4.75282454097712e-08,1.34033351847326e-07,-2.81274771689614e-08,4.60349268757014e-08
gen=0_member=22,func,8.05056138840233e-08,-2.45472189528433e-08,3.25316989043047e-08,1.31579694866912e-08,-9.50133749596259e-09,5.25118239686809e-08,5.06584566767719e-08,1.13184127852747e-08,1.32266636978882e-07,6.3675511679036e-08
gen=0_member=23,func,1.02898034456452e-08,3.8838383385528e-07,1.32984434631901e-07,-1.81860574991302e-07,3.65394629783437e-07,-2.47748420347382e-07,3.02779407141968e-07,4.91327840119606e-08,5.89140822701343e-08,-1.34581308117658e-07
gen=0_member=24,func,-1.98276138236673e-09,1.67529604371466e-09,1.17348539705575e-09,-1.11616582659194e-09,9.84636932592565e-10,9.57260680652223e-10,1.36781704295372e-09,-2.78018439078095e-09,-1.62570076250914e-09,1.60860484884001e-09
gen=0_member=25,func,3.77684566502421e-08,1.84266469301414e-08,3.87722700922153e-08,-3.87515313341317e-08,-1.84849524412465e-08,-1.18736123120272e-08,1.41052923934541e-08,-1.63102426840216e-08,2.24366225655172e-08,2.64413994641484e-08
gen=0_member=26,func,2.49827289423422e-08,9.48941706312868e-09,-1.32329693212613e-08,-3.24733203665317e-08,1.24240318943006e-08,4.26105946869507e-09,3.16288627159418e-08,5.57129524990246e-08,-1.57319996390436e-08,-5.01912794918886e-10
gen=0_member=27,func,-5.74917859514752e-09,4.83767890800886e-09,8.69166809445345e-10,-2.41577157630229e-09,-1.01568923522557e-09,-4.02687915148094e-09,2.56416266323515e-09,-7.31708435384377e-09,-1.54839467806385e-09,2.31837660783128e-10
gen=0_member=28,func,-1.79799806156253e-08,8.21062570234059e-09,-5.75667809824162e-09,-1.80687285325129e-08,1.7706683288734e-08,1.13085131115836e-08,-2.76799584590822e-08,-4.5625714448324e-08,-4.46997498324033e-08,-2.52401071314368e-08
gen=0_member=29,func,-4.38820197207936e-08,-6.37040733888513e-08,2.9687799623793e-09,7.98806357169899e-08,-7.71148623193825e-08,1.01926966973943e-07,-1.53667639887039e-08,8.19280205577516e-08,7.62185343448258e-08,-4.32949851527044e-09
gen=0_member=30,func,2.13379429598233e-09,8.42608598743638e-08,-3.52115107951271e-08,-8.38052210439182e-08,6.45229173133582e-08,-7.97531990907224e-08,9.85232446694427e-10,-9.34137334773292e-08,-7.54530165061941e-08,1.68977725096206e-08
gen=0_member=31,func,2.85394951374443e-09,1.62040400030217e-09,1.41258878402076e-08,-7.12706554757527e-09,4.88411891004189e-09,1.66081510729123e-09,6.15119775653275e-10,1.15205205246032e-09,-4.54321540854157e-09,2.67258456678454e-09
gen=0_member=32,func,-8.38968923823507e-09,-1.75398228781665e-08,2.98791079209107e-09,1.14143991989638e-08,-2.10944269167748e-08,1.53967969695405e-08,-1.1596363991901e-08,-3.79286128639543e-09,2.62514541160874e-09,1.01020286649729e-08
gen=0_member=33,func,3.23182606315938e-08,7.55566861083541e-08,-9.15290826175818e-09,1.53368571739049e-08,-1.09544316323048e-07,-8.01202926210889e-08,2.95014061417601e-08,2.30710577753107e-08,2.00714695738233e-08,2.18674424544024e-08
gen=0_member=34,func,2.98071982784481e-08,-3.32401261254685e-08,5.2297353238095e-09,-2.99285522777387e-08,4.27655281833186e-09,3.35344243357672e-08,-9.02478855661457e-09,2.1938912140498e-08,6.05490012286929e-09,-3.12184934460743e-08
gen=0_member=35,func,9.3622223662154e-09,7.06224270183947e-08,-3.71960790935138e-08,-1.83681217333027e-08,5.71108994410984e-08,1.27389590587573e-07,1.24702549408565e-08,1.67295871900019e-08,-4.42303364333416e-08,5.11207616943029e-08
gen=0_member=36,func,-5.06188416303485e-08,-2.52628497105474e-07,-4.5459023605074e-08,-2.69685108696719e-08,-6.22567601088034e-08,-5.84114082335531e-08,1.67404125036083e-07,-1.21229985832807e-07,-8.88368445528948e-08,-8.4548661311023e-08
gen=0_member=37,func,-2.03256027121386e-08,1.51658717535006e-09,3.85520027619349e-10,-1.58454457330692e-08,-1.90666108896951e-08,-1.37190930087855e-08,-1.21378538843519e-08,6.62637905722863e-09,2.22793810545066e-09,9.40161323297351e-09
gen=0_member=38,func,3.88215149673048e-07,-1.15429944807815e-06,7.27088751873075e-07,2.26091889670716e-07,-1.21233039386307e-06,6.45511047103954e-08,2.97435895794767e-07,-1.33464359652095e-07,2.34029195554421e-07,1.85393376588175e-06
gen=0_member=39,func,-1.12432911772584e-08,-3.43050021780779e-08,-3.40867510611034e-08,2.30982595966994e-08,-6.91139111306035e-09,2.91854437055134e-08,3.07768917179143e-08,-7.96479613691021e-09,4.29430917083305e-10,-2.01293170441863e-08
gen=0_member=40,func,-1.0082373163622e-07,-1.05998968322926e-07,-7.80113749916648e-08,2.17712577008591e-08,-4.92923187031727e-09,1.10362692114017e-08,-3.64898585915087e-08,7.78412100233599e-08,-6.9464942327483e-08,2.09286736986904e-08
gen=0_member=41,func,2.5909570384758e-08,-2.05211643867487e-08,7.055242525212e-09,5.6385391820381e-09,8.4972140107479e-09,-2.64173493021533e-09,2.40087534952251e-09,3.5859385088911e-10,3.628015917816e-09,-5.17927775385241e-09
gen=0_member=42,func,5.50983664982484e-08,1.27412891295542e-07,2.37448438727806e-08,-9.85159903851541e-09,-4.99424443274865e-08,2.71208176473527e-08,-2.35714796112899e-08,-4.85513097382492e-08,-9.868188270736e-09,-1.99146290944977e-08
gen=0_member=43,func,-5.04263804198247e-10,4.54094131481154e-09,1.42140478590542e-09,2.24750310268951e-08,6.02544870411226e-09,-5.47254103951441e-09,1.68565011804549e-08,-4.46518531859559e-09,-4.62944053460689e-09,4.25364945379838e-09
gen=0_member=44,func,4.22619936009744e-09,-6.80275464388234e-09,-1.20451513239787e-09,6.34245022965053e-09,9.8527554701218e-10,1.28143026888059e-09,2.52897624197973e-08,3.8710462320121e-09,-1.49492425961957e-08,-1.57052382691216e-08
gen=0_member=45,func,-1.94209615146808e-08,-2.15425478375626e-09,-6.67947648692273e-09,-1.78577968719e-09,-1.44633313326617e-08,1.30433457899495e-08,7.23983608400397e-09,6.45173659760663e-09,-2.34097655961447e-09,-6.1446759093818e-09
gen=0_member=46,func,8.60829709420883e-09,-1.08885805034135e-08,5.59552352403519e-08,-6.8170872914451e-09,1.05051157361619e-07,3.96956701648943e-08,-5.31434944780244e-08,-3.33284053504414e-08,1.60009484559841e-08,-6.14093955109999e-08
gen=0_member=47,func,1.07648921696153e-08,2.02154348582697e-08,-1.51671167929288e-08,2.6161529028114e-08,-1.33298653204781e-08,-2.0746538203343e-08,-7.28956413875674e-09,4.02787364588176e-09,-6.20067242598927e-09,8.1158854251026e-09
gen=0_member=48,func,-2.65791998665934e-08,-7.55466820811035e-08,-2.89140361105674e-08,5.28068504937127e-08,5.21965281050757e-09,-1.36758071930605e-07,2.91297334276866e-08,-1.74187441837995e-08,-2.43512019008877e-09,-6.23423813845441e-08
gen=0_member=49,func,2.03333104226802e-08,-3.26420879834041e-10,-1.40120775808424e-08,2.68921653625791e-08,4.14883575863128e-08,-2.25318930662037e-08,-4.05152610663219e-08,2.1274738397801e-08,1.80691989959348e-08,1.37284139691346e-09
gen=0_member=50,func,1.47652982042476e-07,-2.10959042687063e-07,5.34309570875996e-07,1.90400027281275e-07,4.53925685679619e-07,1.95579585274301e-07,3.95761226817761e-07,4.30264753575116e-07,-8.55546706886875e-08,-7.12333255545633e-07
gen=0_member=51,func,-9.78544508138922e-10,9.91687836966167e-09,1.69003735884252e-08,-9.80430010189949e-09,-1.10808209565205e-09,4.83786713380296e-09,3.24633119600497e-08,2.05225943890992e-08,3.05741365054965e-08,-3.23302995665096e-09
gen=0_member=52,func,9.33236264002612e-09,-4.96531327376333e-08,3.20958093807045e-08,-3.96681262258e-08,-3.77283103043335e-08,6.44866804544571e-09,-1.95673181857803e-08,-2.72203649059958e-08,5.02652923160994e-09,-2.99918043907532e-08
gen=0_member=53,func,-2.14317327102775e-07,-1.32047322735735e-07,-1.4231370910313e-08,3.47454108418443e-07,4.33120509440237e-07,2.74183105497837e-07,2.71840529781769e-07,1.57611842329378e-07,-5.23685100918112e-08,-6.72697006767339e-08
gen=0_member=54,func,-1.40788708815616e-09,-6.84218186712601e-09,5.63576474864868e-09,9.6092140991093e-09,2.44082937961531e-09,3.38308919034346e-09,-1.33302144472105e-08,8.3951969447401e-09,-8.77188515571577e-09,-1.07352141697903e-10
gen=0_member=55,func,6.69911325785848e-08,-8.42531363566352e-08,-2.81264774801478e-08,-3.79721605479535e-08,-4.43128777039998e-08,-3.68194313177663e-08,1.03871211580981e-08,-1.06195354384171e-07,-9.39042231596004e-09,-5.79172012987697e-10
gen=0_member=56,func,-3.84075617594072e-08,-1.66920450317332e-08,-7.05870958336655e-08,4.08406058982383e-08,1.82464821500058e-08,5.12043336887805e-08,-1.06381649471534e-08,3.02314841410161e-08,-3.57180793796814e-08,-1.81018520024197e-09
gen=0_member=57,func,-1.58861677919453e-07,-1.87506972872511e-07,-4.52655569555797e-08,-3.89390429778851e-07,1.1421922199869e-07,2.00156950344823e-07,2.41131709321526e-07,3.95578993835171e-07,-5.24244622781221e-07,5.71222583324977e-07
gen=0_member=58,func,2.10684710286618e-07,-2.53391928152999e-08,5.04866868725519e-07,8.39563210930793e-08,3.5153065471205e-07,3.49825014941951e-07,-1.11065556516404e-07,-7.94012922905602e-08,1.58472880001857e-07,1.33142754283744e-07
gen=0_member=59,func,2.4495796034611e-09,-9.33257075934757e-09,2.25213222068691e-08,1.10038975853093e-09,1.33984480088635e-08,1.87606343530348e-09,-1.8090152464899e-08,5.80924102232027e-09,-3.44235260705357e-08,-2.24522078091464e-08
gen=0_member=60,func,1.89132896209548e-09,-1.65385940547371e-09,-4.21146212630908e-10,2.89793971552559e-09,1.64898475086884e-10,1.93999792236263e-09,-2.30580704051e-10,1.6008135528169e-09,-5.11094384586314e-10,2.41532096160609e-10
gen=0_member=61,func,-1.54566112745053e-06,3.30925085001114e-07,-7.32316909067029e-07,-1.08284835282968e-08,-4.32632648324255e-07,5.02972935024974e-07,-6.27608290908871e-07,3.7157302369469e-07,3.41623078899662e-07,1.12358602321112e-07
gen=0_member=62,func,-1.44865608497695e-07,-2.90033330636364e-07,-3.72153190059995e-07,4.11083579623128e-08,-2.21526942220391e-07,1.74052071255405e-07,3.06722635924342e-09,-7.25261089796736e-08,-1.44331675041154e-07,2.11205025194671e-07
gen=0_member=63,func,1.7320595492496e-08,-5.80821888994608e-08,2.45939839970104e-08,-2.6453374471983e-08,-1.13642527394582e-08,1.04021495057681e-08,-2.36244907399358e-08,-5.10139252820201e-08,1.33794045743512e-08,-4.28388767224576e-09
gen=0_member=64,func,-1.72329520490337e-09,-6.88344464211493e-09,9.25645551078041e-09,1.98486483258941e-09,5.44058542369723e-09,-4.46415130511107e-09,-7.38335294085039e-09,1.75208741384622e-09,8.94709978833158e-09,7.14536256697659e-10
gen=0_member=65,func,1.29304428456543e-08,1.1581913821224e-08,5.00255855900938e-09,7.69702681025993e-08,6.38991274791789e-09,1.37052167269246e-08,-4.45966743951005e-08,1.1667803889103e-07,-1.12558891708249e-08,1.38601386663688e-07
gen=0_member=66,func,5.58814715522439e-06,1.4908011350006e-05,-1.29603612512456e-06,1.50395299850904e-06,-1.61401755844855e-06,2.03662120984949e-06,-1.07108507849049e-06,-7.11689114537311e-06,-6.64066263657723e-06,4.11896491298995e-07
gen=0_member=67,func,3.57659885436731e-07,-6.99761170989273e-07,-1.31402018500154e-07,3.77094006254331e-07,1.15581592900695e-07,-2.62870940679147e-07,-4.47210441079258e-07,1.74548433620587e-07,-3.7800996294883e-07,5.3148759748757e-07
gen=0_member=68,func,3.04039376710792e-07,5.16587543363433e-07,-3.21438944537446e-08,6.18901851689005e-08,-1.76389225132848e-07,-3.13016241226646e-07,-1.47540375803015e-08,1.74510487211774e-08,8.34004629985179e-07,1.13559677971834e-07
gen=0_member=69,func,3.93008212798734e-09,7.94408774942035e-09,-2.24750999024317e-09,9.86301894927595e-09,5.97377431565941e-09,1.51520805809045e-08,-1.63694799947091e-08,-1.57492301165849e-08,-4.03404347246452e-09,-2.91998331668616e-09
gen=0_member=70,func,-1.4307404679027e-08,-2.74826546666075e-08,1.31861778575229e-09,-1.0326645076272e-08,3.22459667808218e-08,3.8434818876481e-08,6.25838169853745e-08,6.15833441581879e-09,7.33649079674264e-09,-8.4158428050366e-10
gen=0_member=71,func,-4.52932160711199e-10,-2.46775482442424e-07,3.5796374556495e-08,2.16699402137934e-07,8.90976567196943e-08,-1.87802710809712e-08,-1.23103904108545e-07,-5.40173584822589e-09,-7.6466219317103e-08,-9.31751850114133e-08
gen=0_member=72,func,-8.42405029958826e-08,-8.29557671445417e-08,-5.21953266453871e-08,9.02482573122868e-08,1.25948291551711e-07,-7.07098029474239e-08,-2.39615617794764e-08,6.52525168494676e-10,7.00848940042034e-08,-1.80472219210025e-07
gen=0_member=73,func,2.24623373824603e-07,-1.85108198372588e-09,4.31382074063259e-07,-1.32285093086402e-07,-1.34492792544318e-07,-1.13369915507533e-07,4.05024395476705e-08,-2.80491318822893e-07,1.9534252839985e-07,-1.29117314165822e-07
gen=0_member=74,func,-2.33808277785247e-07,-1.84269384208224e-07,2.27359692742874e-07,1.30376550929207e-07,-6.07129170013514e-07,3.82189494664965e-07,3.28097984605655e-08,-1.03737036668189e-07,-8.20130958295252e-08,1.31461345669705e-07
gen=0_member=75,func,-3.32222324038277e-09,-7.09113675168588e-08,-4.40468707328146e-08,1.93356406999851e-08,-2.33928814542576e-08,-4.83319940256096e-08,-7.05775829526971e-08,-3.60367820930779e-08,2.79878274790426e-08,6.41971441823137e-08
gen=0_member=76,func,6.64319871871681e-09,-6.88224564612127e-10,-2.28719543383463e-10,-9.26930706163432e-09,-5.19312367328679e-09,3.65561280115014e-09,-2.403474970343e-08,3.22755805401598e-09,1.40456188513351e-08,1.42946702425316e-08
gen=0_member=77,func,1.47688889994831e-08,4.07191576784432e-08,1.85726616805413e-08,-8.52624012515506e-09,-1.49140435832281e-09,-2.00872054750068e-08,5.62154777416665e-11,4.47916388413387e-08,9.60750976333302e-10,-5.70287053204532e-09
gen=0_member=78,func,-3.81737962718528e-09,1.89498407572581e-08,7.69121762914054e-09,-2.5400009513639e-08,-3.67876206731714e-08,-9.23938659376489e-09,-7.01305723378385e-08,1.03812582204211e-08,-5.47832040287124e-09,-2.77344253237974e-08
gen=0_member=79,func,8.35341706081563e-08,5.62025994539445e-08,-5.02538616069779e-08,-4.63732606412534e-09,6.96614116882511e-09,-8.72393622481005e-09,-7.95945185820074e-09,-1.76620256737396e-08,1.24357235139858e-08,5.82061240544649e-09
gen=0_member=80,func,9.68321117827558e-08,2.61621301663572e-07,4.11318285256246e-07,-3.02774114014148e-08,1.97552815437281e-07,-2.3122629671126e-07,-6.70706871929176e-08,7.36522569502104e-08,1.54195068129856e-07,-2.86625762949898e-07
gen=0_member=81,func,-1.22281912916807e-08,1.26285544094643e-09,-1.08277349981719e-08,3.09951978514106e-09,-3.76100231545471e-09,2.05351751071484e-08,2.65126254826124e-09,-1.08712297758272e-08,-5.88750517114305e-09,6.55837909003384e-09
gen=0_member=82,func,-6.58742565942875e-09,3.93742360683835e-09,6.52567966801985e-09,5.51136196180973e-09,1.50494795026066e-10,8.43961888648003e-09,9.81654767781529e-09,-3.96824936568083e-09,-5.28147432000008e-09,-1.82619992211075e-09
gen=0_member=83,func,1.04403686055743e-07,1.03138117994476e-07,7.18680523190373e-08,-1.50347617142488e-09,-5.66087509291679e-09,-1.75422272332316e-08,3.32139781684146e-08,-8.1854293626927e-08,7.37100727716816e-08,-3.14063843816817e-08
gen=0_member=84,func,3.4425628153927e-09,4.77891357620311e-09,1.02499992714073e-08,9.65643920868078e-09,-3.18105299154435e-09,4.92343141086469e-09,7.10359511371149e-09,1.2353275364837e-08,-9.38532255182101e-09,6.45698056351831e-09
gen=0_member=85,func,-5.94100192264117e-06,-1.50830362613182e-05,1.06403866606845e-06,-1.02464253323731e-06,1.48387365027233e-06,-2.01439881919875e-06,1.34993616051097e-06,7.34402206247706e-06,6.63063076089113e-06,-5.74576946764288e-07
gen=0_member=86,func,-4.56185299097751e-09,4.75796254996245e-09,3.87578400783706e-09,3.65549806503695e-09,-5.57014480422894e-09,2.59591289879759e-09,3.40018125083292e-09,-2.59046918634941e-09,-1.82227340483389e-09,1.6287856689465e-09
gen=0_member=87,func,-4.200975528311e-07,1.15674823935169e-06,-6.73500333802361e-07,-1.93355810084315e-07,1.23542706588994e-06,-8.94928445982037e-08,-3.18440136955399e-07,8.55038700500572e-08,-1.72923755308789e-07,-1.83011396666562e-06
gen=0_member=88,func,1.17839027584372e-07,2.74901688627335e-07,-3.3783383769607e-07,-5.771051997364e-07,-2.10455242193848e-07,-3.8268667519057e-07,-1.62313247056429e-08,-2.21237554734199e-07,-7.55329760664288e-08,-1.17104596181612e-07
gen=0_member=89,func,2.36231669021938e-07,9.34824464161126e-08,-4.17051266995108e-07,-3.2500965082471e-07,1.08837280648414e-07,-5.44868783248658e-07,-6.0899575826743e-07,-5.89497857158501e-07,-2.65498714835938e-07,-6.0546571928165e-09
gen=0_member=90,func,4.09427924655589e-08,-1.18433109800822e-07,2.68031876418968e-08,-6.58988397756205e-08,5.11045687516818e-09,2.02817480195639e-08,9.66980553409851e-08,1.88848915486018e-08,1.03526231580892e-07,8.04539435947558e-08
gen=0_member=91,func,7.19242611361656e-08,-6.73138594893244e-09,6.08345447675932e-08,-2.5729351915955e-07,-4.68896687858111e-07,-1.63192994875702e-07,1.34494532813555e-07,-1.78750249803245e-07,-1.24390277697415e-07,1.79263229327797e-07
gen=0_member=92,func,-2.7462477319995e-08,5.94801858004082e-08,1.62871806237884e-07,-1.7479365737719e-08,2.7453354207886e-08,-2.68857712576942e-08,-6.32678730255953e-08,2.11634343760211e-08,1.65369373386087e-07,6.87016394026188e-09
gen=0_member=93,func,-3.05486256837337e-08,-2.41602017293044e-08,-1.54928212971638e-08,3.71417895547914e-08,3.27681121320194e-08,7.57055699870256e-09,1.58935799277102e-08,-4.01118306787518e-08,-1.75707889420101e-08,2.20839161573079e-09
gen=0_member=94,func,1.04389607447226e-09,5.37367797759575e-10,4.27715105123604e-09,2.07050313283385e-09,-2.29335383241576e-09,-1.02393496862197e-09,-1.32136181747319e-09,-1.32061399999498e-09,-3.07287119341448e-09,1.47879414803481e-09
gen=0_member=95,func,4.32817236700834e-10,5.49683381018444e-09,4.26522790198507e-09,-1.02884110130047e-08,-9.57869314528109e-10,6.12778860063001e-09,-8.13897332112401e-10,2.00817432225923e-09,-1.16042385903867e-09,-4.10391440719618e-09
gen=0_member=96,func,-2.93141751102817e-07,1.37965610509111e-07,-1.2824125577347e-07,-6.13303191136421e-08,-3.0933502057601e-07,7.14321070607753e-08,3.95054563232182e-07,1.7993396274279e-07,2.15052907976734e-07,4.29124184793989e-07
gen=0_member=97,func,-1.5823855102999e-07,-5.38313928763906e-08,-1.83821578331229e-07,3.73507567544635e-07,8.63788149284162e-08,3.34447244464506e-07,-5.65202096871616e-07,1.01840895458496e-07,4.26745489983681e-07,3.40818170606049e-07
gen=0_member=98,func,5.75603054597528e-08,-6.91704833304723e-08,-1.05446498452098e-07,1.20491641331879e-07,1.21174626350886e-08,1.04093532158096e-07,1.00883666903363e-07,-1.76724732551576e-07,-1.93269310585079e-07,-3.8630846799226e-08
gen=0_member=99,func,1.22196445558605e-11,2.27292727570977e-11,-2.74545014255987e-13,-1.02020480235299e-11,-4.1081864537889e-11,2.64047952963012e-11,6.81348179157614e-11,5.22250274789428e-11,-7.60697719357893e-11,-4.665485291548e-11
gen=1_member=0,func,-0.000821881277974227,0.00118659453784103,5.23107732310768e-05,-0.000316410040692232,0.00111639987821023,-0.000234295891260533,-0.000960873515049659,0.000257560866978968,-0.000313187252481937,0.00186556072113748
gen=1_member=1,func,0.00100550505497434,0.00203969843949984,-0.00208374751222979,0.00106196854545601,0.000868758557643993,-0.00038349180885396,-0.000552131379046623,-0.00105618965937147,-0.00221004979181297,0.00212773346380445
gen=1_member=2,func,0.00547542913171889,0.00423413244892361,0.00407695984413254,-0.00458040016373887,0.00355924850024129,-0.00816013344678456,-0.00150562391183751,0.0083409447784036,-0.0104947290212795,0.00636709803921139
gen=1_member=3,func,0.000821441862467614,-0.00341667766778412,0.0169947298657398,-0.0104715104114432,-0.00291615616656877,0.00107777678210963,-0.00710441077193948,0.0245703235564686,-0.0146191729533549,0.0181890575192684
gen=1_member=4,func,0.00199171881315251,-0.00144032128858243,-0.00443234723923495,0.00170496584465908,0.000177557849544003,0.00110851796434342,-0.0025306071908762,-0.00582839482754512,-0.000656638982036818,0.00670681118205277
gen=1_member=5,func,5.01059691793121e-05,0.000745291094718035,-0.00450023215672722,0.000389317565074205,-0.000308053662536915,0.00184029153645185,-0.000561022250182699,-0.00347898942503598,-0.00220896111929101,0.00526014166593794
gen=1_member=6,func,0.0100108162963276,-0.0153166392707559,0.0143928424336089,0.00222267394567533,-0.00265160797637056,0.00419434594154117,-0.0157368316056813,0.0221178515101987,-0.0194779611289215,0.0270938742227112
gen=1_member=7,func,0.00154771286993164,-0.00682507379606702,0.0198103343339558,0.00399456314834214,0.00652189403810682,-0.0128691185555568,-0.00457761711570706,0.0265072042003144,-0.0235498544241251,0.0193276854809741
gen=1_member=8,func,0.000400968541397652,-0.000124800769595526,-0.00081244330186728,-0.000119061977245679,0.000318410773817538,0.000793475971824704,4.50714864391347e-05,0.000344026423515397,-0.000329430881668205,0.00122868046623682
gen=1_member=9,func,0.00440426686229387,0.00305479159650029,-0.00236967336723917,0.00309511056862495,0.00224457312864258,-0.00199622738032994,-0.000205918867429948,0.00276803355430985,-0.00894488642064279,0.00172587506406587
gen=1_member=10,func,0.000353668170716006,0.001395152047954,-0.00121111787672024,-0.000837152522408856,0.00112179274759999,0.000794976260529755,-0.00235977641989372,0.0017729578903629,-0.00217164626180598,0.00386676737801338
gen=1_member=11,func,-0.00123777280073727,0.00101549233952332,0.00117593521707108,-0.000550813618454725,0.00249331394889215,-0.000794179921701648,-0.00213597820642387,6.91096399336125e-05,-0.000752168922340517,0.00400153327910438
gen=1_member=12,func,0.00412299215156773,-0.0020521633587343,-0.00815386305243973,-0.00202443397900667,-0.00302005315920968,0.00890776079873694,0.00463803323478211,-0.00728536590640265,-0.00509883904044015,0.00604864828231969
gen=1_member=13,func,0.00302274836219648,8.6210737892768e-07,0.00197286848768569,-0.00135270024220019,-0.000285041443730599,0.00242838278343233,-0.00268955603040938,0.000460479576064342,-0.00251206952425221,0.00463650826652317
gen=1_member=14,func,-0.000735776643978262,-0.00034851652839776,-0.000912998223360667,-0.00190854790605139,0.000827872774307041,-0.00187277967008171,-0.00633183186140458,0.00134299050725069,-0.00896267748709067,0.00312607853140824
gen=1_member=15,func,0.00631438371868654,0.000480441447657657,0.00735512158410784,0.00850356568219707,0.00329220777350965,-0.0089763180271107,-0.00614526484219905,0.00506314476940411,-0.0132555527248014,0.0114331695866695
gen=1_member=16,func,0.0036403006023655,-0.00495343923362226,0.00223661942920253,-0.00458533944404724,0.00447936936222399,0.000391780718099416,-0.00980762580317869,0.00648862906841188,-0.0074400429564701,0.0148278247989715
gen=1_member=17,func,0.000311040577765453,0.00287171600755193,0.00241903247084232,-0.000980342190060172,-0.000358295004282025,-0.00471147134766369,-0.00360907633974204,0.0038499530718502,-0.00993413011979658,0.00405600557138844
gen=1_member=18,func,-0.000865673115703924,-0.000200759137360533,-0.00325585256923888,0.00137267629980663,0.0011045058102148,-0.000759025542828505,-0.0019714586933979,-0.00512840033789169,3.49291057414062e-05,0.00769916503694448
gen=1_member=19,func,0.00026399675289363,0.00125604616947961,0.00148342214472358,-8.10798190619562e-05,-0.000644578968934505,-0.000269126440340943,-0.00478334904192059,0.00371646354983847,-0.00452025706422536,0.00274106603856812
gen=1_member=20,func,0.0160376342945068,0.0351601525055194,-0.0188201077966683,-0.0195935995752812,0.0197532036147155,0.0148595426937923,-0.0148391121316714,0.017213179757661,-0.0419987534257969,0.0368238856878996
gen=1_member=21,func,0.0137052357773709,-0.00325554435283885,-0.00666626374182158,0.00305053829734444,-0.00125599738431316,0.00366255239290809,-0.00326896902532386,0.00700539903885271,-0.00951688278890944,0.0200917410212779
gen=1_member=22,func,0.000392414415577775,0.000337107210877877,-0.000236238626620801,0.000232140919349159,-4.33985742459101e-05,0.000313864820266543,-0.000205057889606226,9.64420065219312e-05,-0.00051371953186325,0.000491343875536117
gen=1_member=23,func,0.00255595825315095,0.00206251937258942,-0.0018877832183155,-0.0027640603583472,7.37856747458736e-06,0.00257337633104054,-0.0038092929676151,0.00391429502985735,-0.0107712465977338,0.00206620109435469
gen=1_member=24,func,0.00261836295080008,0.00045888730428777,-0.00942492636991385,0.00386017636665881,-0.00914069081902079,0.00672122940087514,-0.00123632721632853,-0.00765214458257258,-0.00702354263363267,0.00379942990491153
gen=1_member=25,func,0.000905231416907957,0.0041941584188637,-2.77034832236892e-05,0.000989337645168471,0.00142196026033562,0.000305027646044374,-0.000560474490386252,1.26716909333087e-06,-0.00244407771066192,0.00263468896179701
gen=1_member=26,func,-0.000749855759254888,-0.00015084004569773,0.000735560197296616,-0.000266278023912497,0.00174340538146508,-0.001999754371155,-0.000310168249359037,0.000800958654502593,0.000179231398818188,0.00222267814305532
gen=1_member=27,func,0.00341686898179696,-0.00477644206516115,-0.005890953710228,0.00658134847393227,-0.00104769403971873,0.00549421227159164,-0.00328814095824021,-0.00701348668512386,-0.00412666721525017,0.00731364943818823
gen=1_member=28,func,-0.00649055531047413,0.0104927710964135,0.00109381145371447,-0.00252780407547332,0.00473791239595005,-0.00116750665367814,-0.0154103794837279,0.014454105684322,-0.00980282352511464,0.014791877253808
gen=1_member=29,func,0.000688014468634148,0.000878589980850779,-0.000501735867010804,0.00165057036548494,0.000612949840603987,-0.000794121558923357,-0.00117744860538257,-0.00036006099101407,-0.00271113101442451,0.00258902190852631
gen=1_member=30,func,0.0023255967281728,-0.00279392049872081,-0.0165261558861597,-0.000845032990071365,-0.00150651115138512,0.00430888006711421,0.000914022506321667,-0.0149912382438262,-0.00789621544299299,0.008243195177975
gen=1_member=31,func,0.000439773722131012,0.000980910588290596,-0.000783413117155732,0.000162392332253272,-0.00134438812887738,0.00121021949810509,-0.000526843031877262,-0.000439535679018258,-0.000823830360366075,0.00242444204314046
gen=1_member=32,func,0.00110889746145193,0.0016370840104239,-0.0034622927826192,-0.00149736237189536,0.000526663607874678,0.00335685539800564,0.00115558595538225,-0.00288354071816775,-0.00197013062316517,0.00577036787359952
gen=1_member=33,func,-0.00051820687976267,0.00206873765189819,5.34673918544554e-05,-0.000433712852600106,5.75677223949058e-05,0.00133969272362271,0.000231548363259953,0.000616482103440968,-0.00254061111820941,0.00219082424451963
gen=1_member=34,func,-0.000707414211213647,-0.000323719438608319,-0.00596674519927196,-0.00354285018150168,0.0108525364767092,0.00309566653719369,-0.00683004696184392,0.0102361248011113,-0.00633592648638787,0.00931533575910269
gen=1_member=35,func,0.00205855771164536,0.00113952305291799,-0.00301442195816032,-0.00141690782550014,0.000949016736739628,-0.00160935863648269,-0.000715466088367214,-0.00274544108443039,8.80583317116158e-05,0.00880192960170347
gen=1_member=36,func,-0.00734514484173036,-0.00696394590632638,-0.0115379982092129,0.00650603010755535,-0.00469738899057465,0.000805924491979896,-0.000392292091084705,-0.023797322007426,-0.0121272830407841,0.0159789012460389
gen=1_member=37,func,0.00446997091986449,0.0122261572254796,-0.00146976392618186,-0.013991481941332,0.0184253952428568,0.00499882504849237,-0.0211328468083638,0.0112560011639598,-0.0312703073311253,0.00866192640198663
gen=1_member=38,func,0.0028601443212632,-0.00180021955255285,0.0115660790718025,0.0079464389610778,0.00766467338330709,-0.00619446372638258,-0.00535836328269898,0.00930263786670455,-0.0140309982171427,0.0239964151225665
gen=1_member=39,func,0.000625758928346817,0.00295404865435743,-0.011494614358272,0.00888654044351539,-0.0117259044196347,0.00195609473065343,-0.00542304411177896,-0.0102987444891415,-0.00233683506435444,0.013886428289352
gen=1_member=40,func,0.00481530995193164,-0.00182672843648719,-0.00281039320056919,-0.00258137222719492,0.00465186684685888,0.00123951318564889,8.12621561045601e-05,0.00297998567134267,-0.00500918606345695,0.00477259254604108
gen=1_member=41,func,0.00457729979888871,0.00413824105924497,-0.00168981957976654,0.0021116460136929,0.00249484873282023,-0.00362826014015453,-0.00214832616322461,0.00383121001250519,-0.0052185092328873,0.00771004024075496
gen=1_member=42,func,0.000812748319221253,-0.000598772838918324,-0.0012946993699882,0.00144299846079551,-0.000516874984064716,0.00147268432787929,0.000297593930107091,-0.00116312474902064,-0.00101543017706047,0.00462730436148072
gen=1_member=43,func,0.00626257024327424,-0.00759800760282043,0.00384383988680871,0.00452497336032918,0.00204794005955862,0.000287274306737271,0.000289744606142305,0.0129161601010749,-0.00487318001632165,0.00994183894587003
gen=1_member=44,func,-0.00069867226285001,-0.000581108379717833,-0.00157528667757659,0.00204314259124415,0.00541516244804892,-0.00102334641817665,-0.00701161752015662,0.00497166172755387,-0.0031407882553218,0.00684367365811007
gen=1_member=45,func,0.00166073310007702,0.00444313440066281,0.00192099398806997,-0.00337657601114133,0.000560486968080593,0.000957056708567711,-0.00768071054234697,0.00248706645546229,-0.00382059464809961,0.00663688686409103
gen=1_member=46,func,0.00190440099503263,0.00108188011171232,0.00184995354824283,-0.000440637701387499,0.00348087174517005,0.00325176064688545,-0.00181316118438225,0.00411691390886428,-0.00109367072320587,0.00436497430531125
gen=1_member=47,func,0.00142208480132285,0.00235376361450432,-0.00145806594030248,-0.000800452781134405,5.99117114447893e-05,-0.00150402273577676,-0.00215387645582927,0.0013332870412254,-0.00685437778985363,0.00169010265358488
gen=1_member=48,func,0.00371923812422348,-0.0029667847993341,0.00500512188624359,-0.00275112764722514,0.000828641997503904,0.00151352054523154,-0.00680942779953355,0.0023132711584929,-0.0130043693726233,0.000845834412047294
gen=1_member=49,func,-0.000963169682442872,-0.000127459953689981,0.00540758081929042,0.0012975194104113,0.00388237010264161,-0.00220179403645061,-0.00305468053741638,0.00743871046973031,-0.00328637400898459,0.00451994354116844
gen=1_member=50,func,-0.00184763555672897,0.00103303172241972,0.00091086887009128,-0.00226215474429159,0.00549716080288356,-0.00189577523688972,-0.0068182909524612,0.00223001454321878,-0.00378449630499384,0.00690384873556835
gen=1_member=51,func,-0.00160357061075173,-0.00107633714225741,-0.00248575098072705,0.00369950124131258,0.000536652238881095,-0.00176105377440014,-0.000969620020919078,-0.00556819382457631,-0.00285418453314118,0.00398274772467724
gen=1_member=52,func,0.0010258774442117,0.0017227135165338,-0.000314565572823701,-0.000651391299499228,-0.000136375669772312,0.00117977869800628,-0.00108393648255712,0.0021817247150933,-0.00350250184540995,0.00421616993541531
gen=1_member=53,func,0.00623622350501086,-0.00273118861506353,0.00211866507451935,0.00282020812705187,0.000602684436257217,0.00135591217376147,-0.00458201328620184,0.00306680943100862,-0.00449325362026561,0.00581217958688932
gen=1_member=54,func,0.00124328670786007,0.000309246610871648,-0.00142063888503475,0.000581524279026962,0.00715235936544238,3.77353449879463e-05,-0.00211659677276525,0.0016431597920051,-0.00159831445422555,0.00356020532222675
gen=1_member=55,func,0.00878221563121102,-0.0026798599363056,-0.00123287926609528,-0.0111084002952264,0.0067974367785537,-0.0116847761119037,-0.00796880705698807,0.0113591294862566,-0.02429996153606,0.0199822260070878
gen=1_member=56,func,0.000362928357576514,-0.00730310390934732,-0.0144255035635842,0.00830740935253298,0.000452137190406528,0.00528002662474261,-0.0084405626507742,0.0281466356487057,-0.0437540181095017,0.0131024923446384
gen=1_member=57,func,-0.000347823200459762,0.00118975045284132,-0.00208854991237569,-0.000299713830966554,0.00092277154545388,0.00158213975169771,-0.000568312705123199,0.00121025626412514,-0.00295482645720176,0.00129112791157523
gen=1_member=58,func,-0.00214730359631214,0.00262395491574453,-0.0033229807050012,-0.000628909251483255,0.00886128812428732,-0.00387435335218092,-0.000387550385864883,0.00878622787253443,-0.0108746171621625,0.0123517069105414
gen=1_member=59,func,0.00800028762665723,-0.00502551970445668,0.00581171966941018,0.00494660695216488,0.00382624694134805,-0.00206016441483775,-0.00689741861906996,0.00314562257408778,-0.00825368136393827,0.00654334684229224
gen=1_member=60,func,-0.000755662503029224,0.00475385234772841,-0.0128180495315585,0.00216047970567375,-0.0149447103905974,0.00192458253966894,-0.00411291446249515,-0.0173448164744066,-0.00563940442333854,0.0172000023106589
gen=1_member=61,func,-0.00376810581270747,0.00478509508891458,-0.00351486183211226,0.00700297947451831,-0.00832359379444676,-0.00300371933828339,0.000168822982696335,-0.00271765721441145,-0.000400466421709247,0.0109647483447847
gen=1_member=62,func,0.000384479489967564,0.00163955516140881,-0.00124108582235042,-0.000583640001778172,0.000662275035965006,0.0012010377519758,-0.00136614169110842,0.000602788720928144,-0.00182141414911138,0.0018975890830016
gen=1_member=63,func,0.00493407582352198,0.000733863860886787,-0.0034004196159101,0.00294005275253186,0.00436884423436515,4.49710750740193e-06,-0.012083535403644,0.00720991245884396,-0.0136555354356295,0.00762263457778025
gen=1_member=64,func,0.00178581860332796,0.000199044501868926,-0.00105673944301633,0.000941098649470077,0.00150991823713126,0.00180815429104065,-0.000908516701656806,-0.00037542845078732,-0.000236334041238425,0.00241760397306564
gen=1_member=65,func,0.00134551547477781,-0.000356244595356272,-0.00216005712564789,0.0021150741952764,-0.000649790371961965,6.63375061141466e-05,-0.000925170891495742,-0.00203115092338202,-0.00119417924386319,0.00354471768378055
gen=1_member=66,func,0.00215821273492442,0.00223398852010808,-0.000863215585706534,0.00206746849856638,0.00359626260118727,0.0014785938088172,0.00155575374466125,-0.000367144553475205,-0.00188146845199499,0.00244569637413249
gen=1_member=67,func,0.00147557782919596,-0.000402777785367102,-0.00330347262351939,0.0019984728306338,-0.000875686677744424,0.00124306205843625,-0.000730026365601294,0.000888375647679083,-0.00344739431580785,0.00129118467603005
gen=1_member=68,func,0.00192684143525322,0.000624525500074507,-0.000887165908455019,0.00126640940428589,0.000542966064119066,0.000450533136641197,-0.00130526728474884,0.000387035359322296,-0.00231008899739547,0.00293506716028851
gen=1_member=69,func,0.00153096273096654,0.00239108992489519,-0.00437835228981913,-0.000640654046084465,0.0013800987075424,0.00217792344385911,0.000223941282422222,-0.002845791427392,-0.00368920429080186,0.000660494303746129
gen=1_member=70,func,0.0282423969359957,0.0137606696265949,-0.00147180705952644,0.00701962266375414,-7.32528231143632e-05,0.0119869119239865,-0.00483885026453721,0.0206994906979048,-0.0271698051436437,0.017010161798814
gen=1_member=71,func,-0.00204883381965097,0.00202142629435789,-0.0128113061305934,0.00169989650728445,0.000587710099869575,-0.00284359062381051,0.00487802583275681,-0.00526816328602621,-0.00345293274578771,0.00857865876501242
gen=1_member=72,func,0.0037026683896261,-0.00077655758523472,-0.00264173395193794,0.00188037927453343,0.00037722504092805,0.000749072193636425,-0.00255007117555675,0.00259750886436389,-0.0039810564196515,0.00195758514847036
gen=1_member=73,func,0.00146943869559181,0.00118167808785048,0.00147161753691562,-0.000937599610180696,-0.000634755902144452,0.00293534539924547,-0.00281679806544833,0.00432548117627972,-0.00311818644024082,0.00156914024038717
gen=1_member=74,func,0.00381785122228891,0.000663647543069392,-0.0013145272813003,-0.00361630946876538,0.00457716065100764,0.000915615952931337,0.000878724450031188,-0.00257339879581725,-0.00721255240428361,0.000296720176146271
gen=1_member=75,func,0.000827141345353834,0.00229891417003255,-0.00314758925863868,0.00110619687349476,0.00121053579527988,0.00116761443719084,0.000103088539477641,-0.000128983670610454,-0.00174288254227653,0.000694052122201916
gen=1_member=76,func,0.000151490660299787,0.00156941317553612,-0.000161005028279761,-0.00136801724330913,-0.000612813201094389,0.00464301517071739,0.00218319092068257,-0.000894206289078037,-0.00612730153719828,0.00297583955613026
gen=1_member=77,func,-0.00222678438149804,0.00328574392879493,0.00188742277416991,-0.000258957865121686,0.00117699466226586,-0.00287786096334929,-0.00337936628712462,0.00103264681388043,-0.00775015906121524,0.00450375544727826
gen=1_member=78,func,0.00376296840326237,0.00150427737650817,-0.0320587791514922,-0.00460502182866883,-0.00425563120377967,0.00235997694168062,-0.00187525337565105,-0.018226100465096,0.00336217817783854,0.0128153421206861
gen=1_member=79,func,-0.000939781799864657,0.00257972341229357,-0.00534772971276262,-0.00424840052087362,0.0063732738576699,0.000876408431469023,-0.00890842699283076,0.00602684763552888,-0.0120404529492661,0.0106025150605792
gen=1_member=80,func,0.00320172188280872,-0.00512924864663351,-0.00452465930964308,-0.00382703639777115,0.00216171507478546,0.0023091657359605,-0.0118101337581914,0.00739675541712287,-0.0103784128088845,0.00482060231231938
gen=1_member=81,func,0.000383282946029724,0.00199189879119676,9.00612166214012e-05,0.00133539282707862,3.44635726741712e-05,8.64150172202831e-05,-0.001516971036315,0.000250000509595166,-0.00162330729940863,0.00149540341577808
gen=1_member=82,func,0.00134387621282556,-6.69216762144438e-05,-0.00346137868511075,0.0014160479714351,-0.00066753350645837,0.00160791901326064,0.000961152158685011,-0.000143780002656218,-0.003908733695724,0.00372398942060863
gen=1_member=83,func,0.00110014058213208,0.00119377216750224,0.00217793730183774,0.000373175090106343,0.00220269907592123,-0.000840604938338529,8.77082717427518e-05,0.000499498036586902,-0.0021069495896398,0.00166455138452251
gen=1_member=84,func,0.00097305965775986,-0.000846603076594121,-0.000336139203456716,0.00128091066095583,0.000385879182233333,-0.000195634416947709,-0.000865304094992169,-0.000495976269098057,-0.00020445378920245,0.00249752040671539
gen=1_member=85,func,0.00105535547609314,0.00136799925493624,-0.00414869582735684,-0.00101327915989259,0.00106915899381664,0.00210206495131919,-0.00128894352211816,-0.00316923652165967,-0.00153755630873118,0.00235786751078581
gen=1_member=86,func,0.00139102038487198,-0.000309097218636837,-0.00403631456579545,-0.000804212958037716,0.000105896490038467,0.0025109062466672,0.00279271901804042,-0.00387932985968655,-0.00459036233145981,0.00614385044777169
gen=1_member=87,func,0.00240754372073861,0.00157018913682747,0.00204731825161192,-0.00261567922272439,0.00291290549342087,0.000784138078884655,0.000364035282625411,0.00757362492989716,-0.00558241307298222,0.0080557410414485
gen=1_member=88,func,0.00496218981283592,0.0031600302933249,-0.00322197193211594,-0.00397072689841903,0.00560897304349822,-0.00258633229241187,-0.00263931746574513,0.00288708701647829,-0.0093274106950647,0.00139832430709134
gen=1_member=89,func,0.00402857130847363,-0.000268680480395605,-0.00666873983919703,0.00583371781130595,-0.0119728668422945,0.00555984485018524,0.000537827527880197,-0.00647248386211818,-0.00551519227133166,0.00559855510555799
gen=1_member=90,func,0.000519954344446427,0.000149178207623156,-0.00191782244157958,0.00180550218544708,0.000138921250661021,0.0017645692874462,-0.000535353891403049,-0.00195123089916154,-0.000515916756206727,0.00392339123458262
gen=1_member=91,func,-0.00445554508959374,0.0011482233789282,-0.00643641175334805,-0.000298921108810119,-0.00525378805228555,-0.00183257601039916,-0.00535076448498724,-0.00208485514310525,-0.00238497142493703,0.00321857674279127
gen=1_member=92,func,0.00293201500498675,0.00275973626146349,-0.004686759970584,-0.00149254737382631,0.00894580344720101,-0.00482948131017294,-0.00806994135619916,0.00715498360761122,-0.00795315286516898,0.0146653858153923
gen=1_member=93,func,0.000363249044594313,0.000597563410251121,-0.000623915969096659,-6.22634963761362e-05,-0.000214568633285578,0.000639451446926952,-0.00132194411577084,0.0029402402936175,-0.00125951756577321,0.000843299836769891
gen=1_member=94,func,0.00631127338434736,-0.00422177166572892,-0.00573114430983314,0.00654717653748523,0.011186460303449,-0.00199030757440279,-0.0132612051311859,0.00918593194232402,-0.00681755161322548,0.0124002211902699
gen=1_member=95,func,-0.00383750720707404,0.00421904246853159,0.0019640278919335,0.00481651060053223,0.010338195021757,-0.00575633039634706,-0.00159432091050992,0.00636923422659396,-0.00671027058990708,0.0140275330541087
gen=1_member=96,func,0.00415950341528194,-0.0124046127492102,0.00977879873698011,-0.000499382800999032,0.0154346610783575,0.00972260465088301,-0.0110980373306961,0.0109162912594521,-0.0154059307398181,0.00880163362345043
gen=1_member=97,func,0.000336616819896846,0.00411651817009917,0.00340856621716047,-0.0032302986659471,-0.0009141265564291,0.00132200226680107,-0.00411289449815673,0.00510884314592906,-0.00497917377753231,0.00786114438692446
gen=1_member=98,func,0.00242830759672256,0.000654585315646351,-0.00344856213626887,0.00102189572298693,0.000947244309390024,0.00057553031680904,-0.00136955686002159,-0.00339874580897724,-0.00258072143869473,0.00406193653257813
gen=1_member=99,func,0.00478989390233387,-0.00287002377404913,-0.00103698810460184,-0.000319636873397229,0.0055380145739986,0.00488570333568046,-0.000989840215222572,0.00653700877156982,-0.0111192623809691,0.00749717242629514
gen=1_member=100,func,0.00272242123053811,0.000647243845359506,0.00155214768127665,0.00241401385453528,0.00121662554318047,0.00198941337783896,-0.00548523250540692,0.0123813482661994,-0.0115595557584941,0.00939670941906394
gen=1_member=101,func,0.00288122381641413,-0.00595905346892683,0.000819498626517999,-0.00191936915251429,-0.00100715362590154,0.00695307737040249,0.00122885424163971,0.00140951667035671,-0.00169975244767533,0.00998338434618518
gen=1_member=102,func,-0.000681581484678657,0.000128057034000857,-0.000183604502048697,-0.00141088292836182,0.00394753578987312,-0.000554810752442255,-0.00179127362812167,-0.000541420879996458,-0.00285636081010596,0.00236826282243723
gen=1_member=103,func,-0.000765866641312154,0.00131282529509037,-0.00414554961140813,-0.000548757625469485,0.000308056502671228,0.00323363442456982,-0.000702672278320294,-0.000399974739909877,-0.000284515661782009,0.00381639268182277
gen=1_member=104,func,-0.00123947253991422,0.000250374193460824,-0.00194569358683297,0.000778804777903754,-0.000653642133078728,-0.000169223271654442,-0.000223189307257357,-0.00390484269586369,-0.00240512421452243,0.00555006362289457
gen=1_member=105,func,0.000666035337199175,0.0021160357155708,-0.001863296360113,0.00156844562135911,0.000496712526730775,0.000764093083783923,-0.000304462616881018,-0.00354081148548467,-0.00253000215784714,0.00570153434409687
gen=1_member=106,func,-0.00589681811720526,0.000884218483506691,0.0172317477481837,-0.000661574402208353,0.00569248052835672,0.000941626272800071,-0.0203346146964717,0.0146117111100531,-0.0169556910788854,0.0184324355786817
gen=1_member=107,func,0.00744175631287046,0.00613232128322952,-0.00456778595647463,-0.00221382567424386,0.00213530196167593,-0.0127122775781675,-0.0163553262897665,0.00848390826047867,-0.0221646968416193,0.00780691703338218
gen=1_member=108,func,0.00605342537273386,-0.00669382462969833,-0.00274823411225318,0.00770412529513388,-0.00283594849206091,0.00244744685184097,0.000996271195875851,-0.00305308132336192,-0.00569647115772932,0.00775202570450945
gen=1_member=109,func,0.000593205793206397,0.00207244020305432,-0.000180344797849965,0.000418554868484635,0.00177790160437361,-0.000482598961677269,-0.0027297624875436,0.00160584802293343,-0.00183844908656443,0.003377217235186
gen=1_member=110,func,0.0016718957226645,0.000360877279350957,-0.00359445207013223,0.0014001133295007,-0.000463304398015514,1.61244759722788e-05,-0.00128548884578731,-0.00306734010825211,-0.000452007291524343,0.00564082782818891
gen=1_member=111,func,0.00165442851533279,-0.00319779639030834,0.0024141651146593,-7.69998979323063e-05,0.00482365711374436,0.00185489615545546,-0.00424011859694682,0.00352244319915068,-0.00616649442757895,0.00941404235584874
gen=1_member=112,func,-0.000730543003322384,0.0013873814175137,-0.000998880273505832,0.00037106028079195,0.00094869517029753,0.000678520713511221,-0.00231701518040574,0.00233916801780593,-0.00491674209129841,0.00176107059663311
gen=1_member=113,func,0.00948781047441769,0.0125645354835744,-0.00937092661907915,0.00397296861960455,0.0150446537668292,-0.00767382897797576,-0.00686684292599691,0.0161438653298109,-0.0216003537534621,0.0058879159942863
gen=1_member=114,func,0.00225714636641313,0.00306732846127564,-0.00223057687010222,0.00381846832818151,0.00272865153328954,0.00312247670520895,-0.000578724650171484,-0.00116387842836943,-0.0034289883334212,0.000454114066493696
gen=1_member=115,func,0.00017508444231336,0.00815657903972018,0.00792657835639359,-0.00386172966135502,0.00804104415128747,0.00683792021154881,-0.00289629307050429,0.0075718285392547,-0.0102066374260378,0.0162201187348657
gen=1_member=116,func,-0.000864371500721243,0.00260140161684316,0.00149997580398651,0.00234022028350896,0.003473109038791,0.00172801267438877,-0.00308032478105705,0.00229216617717948,-0.00307112557709494,0.00365612436723583
gen=1_member=117,func,-0.00108186565234299,-0.000839239646004185,-0.00311730196983963,-0.00343655246611732,0.00324770937317938,0.00274371788962081,-0.00353497220020725,0.00380025650841035,-0.00476427758360521,0.00198566943352953
gen=1_member=118,func,0.00429173049005865,0.00565238258669909,-0.00225399342012728,-0.00510205565692669,0.0170783390026989,-0.0133050536853436,-0.00610578793313538,0.00590144554523714,-0.0126169394521036,0.012721616354157
gen=1_member=119,func,0.00256542663367934,-0.000915534492618276,-0.00444425954115375,0.00389866611180252,0.0011318620030351,0.00516670389311801,-0.00273942073564251,-0.00345169791075505,-0.00309715196664312,0.0104620479839261
gen=1_member=120,func,-0.00600238344983132,-0.00482752325514301,-0.0151369905212515,0.00150245908141344,-0.00350967154201843,0.00336068813725342,-0.00799748659581682,-0.012911918289787,0.00926609970957529,0.020996799828296
gen=1_member=121,func,-0.00195965491678724,0.00442039331837403,0.00128508454224009,0.00100241664244017,0.00282071652749639,0.00317007212689913,-0.00666829234195632,0.00252991755116232,-0.0101368746268,0.00508070959320221
gen=1_member=122,func,0.0036165239895489,-0.0021366224348267,0.000846517591451592,-0.00410389967413768,0.00170091646722897,0.00698458442193339,-0.00418504130515275,0.00624707472423596,-0.0154257689606841,0.00380404071026757
gen=1_member=123,func,-0.000160180395508979,0.00207800269302761,-0.000331347448394299,0.00317627559573607,-0.00201619707802974,7.81886972870262e-05,-0.00110693461696228,-0.000973450265438143,-0.00129485974195496,0.010115047340148
gen=1_member=124,func,0.00177644991485136,-0.000688556702085104,-0.000665418105665701,0.00175912255015833,0.00062069310108895,0.000431077981006372,0.000980279186575002,0.00157066798832508,-0.000889303994600342,0.000870365159059882
gen=1_member=125,func,0.00113613154340229,0.00160978465862723,-0.0011048780736986,-0.000675631003647107,3.59611995750521e-05,0.00156709786238206,-0.00108012424526765,0.00154928736043496,-0.00348162294543434,0.000939232112839525
gen=1_member=126,func,-0.00018786410914465,0.00083660193679403,-0.00133404189734086,0.000693546769670673,-0.00115920201179377,0.00120489093044129,-0.000598187224568846,-0.000907807584187701,-0.00106981345963512,0.00279624396778535
gen=1_member=127,func,0.000891277694326526,-0.000905084448894202,0.000706497150259983,0.000276878366307596,0.00308562720355639,0.000860583167006085,-0.00190275863539961,0.00238963890596485,-0.00151591948956327,0.00376953198947572
gen=1_member=128,func,0.0019173183593956,-0.000855356058334942,-0.000796787406438226,0.000378388177040574,0.000677062303370983,0.000840569964797618,-0.000202884166507771,0.00242563004702626,-0.00263332661406321,0.0010777152613293
gen=1_member=129,func,0.00138393454924047,0.00107010858854257,0.000386630950889216,0.00294977377168387,0.00338183602580064,0.00168378719809365,-0.00229486343520656,0.00277757047921517,-0.00483908440693819,0.00569622490696554
gen=1_member=130,func,-0.0216217518569621,0.00829484541222979,-0.0150904004590848,-0.00519824636292367,-0.00976093183468511,0.0173545772984338,-0.00978464598597177,-0.0180857243923037,0.00728231507844055,0.0115284241710051
gen=1_member=131,func,0.00202183469466262,0.0014126668425886,0.00321748755585064,-0.00278246668893201,0.00789684581019451,-0.00433818740655722,-0.000720651247012689,0.00325791693366143,-0.00660388731409897,0.00562479563060187
gen=1_member=132,func,0.000935073656853769,0.00249041663852617,-0.000210390646519317,-0.000533258392004882,0.00278397977929542,0.000637965057808499,-0.00318900497819125,0.00228884999266159,-0.00104819625176974,0.00289299050197162
gen=1_member=133,func,0.00391874632365681,-0.00049158366683227,-0.000548083927977809,-6.42581413101417e-05,0.00207679759492253,0.00103842423434217,3.32138679216205e-05,0.00744047407912366,-0.00432177193753409,0.00188216682254545
gen=1_member=134,func,0.0082650619641392,0.00441659718783083,-0.00395888038813923,0.0010271573780499,-0.000314782292977672,-0.00375632736104681,-0.0129334304657191,0.0085937519784246,-0.0123786993384809,0.0146788943839956
gen=1_member=135,func,0.000970023512602696,0.00123280748919292,-0.0012497584964312,-0.000166473257688287,-0.00172313194162657,0.00244022542426941,-0.000807477831139616,-0.000922406220956831,-0.000677033997513612,0.0068442047519842
gen=1_member=136,func,0.0013441723243193,0.000564706520615981,-0.00173992533267888,0.00076942506920923,0.00148729146416727,0.000891650820530149,0.000623906328824448,0.0004393679302699,-0.00318038100617807,0.00279485398752711
gen=1_member=137,func,0.00341795902731279,-0.00168568787265134,0.000115857484256738,-0.000570633387046039,0.00107352195476106,0.00165449917216026,-0.00194964156640708,0.00592427578980206,-0.00337337579282708,0.000783806382909452
gen=1_member=138,func,-0.00108112545054085,-0.00120171373772927,-0.00114596904624595,0.000711645096392146,-0.00066363805454397,0.00182231659218178,-0.00480608422665998,0.0092376025772311,-0.00263447650267731,0.000254485998281631
gen=1_member=139,func,-0.00125650097853215,0.00317316435256118,-0.0078450178392079,0.00630864188205988,-0.00181258583275024,0.000684530910961837,-0.00192853442552865,-0.0138898917186214,-0.00138972094118755,0.0152810448891583
gen=1_member=140,func,0.00787145827954874,-0.00646921763396411,-0.00393888583302368,0.000332686767997634,0.00815135865569801,0.00393853775006937,-0.00736053445369705,0.00761918296469887,-0.00821316037372477,0.0139591682787146
gen=1_member=141,func,0.0137968194602696,0.00247610457830791,-0.00107934212547549,0.00233889154107005,0.00175941219056464,-0.00209484628704875,-0.00270014229785247,0.0136966048696201,-0.0135583672054551,0.0142663551839581
gen=1_member=142,func,0.00668862876029088,-0.00588618000314749,-0.00309154999802213,0.00421194666535717,0.000359490340867659,-0.00314130769731281,-0.00585269253476556,0.00814633795606288,-0.0126951698728308,0.00417336388376953
gen=1_member=143,func,-0.00534048231703722,0.0027412370862961,-0.00147471294686582,-0.00319246692768019,0.000829505347703291,-0.00169576338475265,0.00222412187984092,-0.000110983492150981,-0.000845195880996046,0.0104197061637504
gen=1_member=144,func,0.000586492738649979,-3.5085258677821e-05,-0.00166703845527658,-0.000106549785183053,0.000250648101620787,0.00111880601715675,0.000379165684969106,-0.000448927101934684,-0.000714310402472387,0.0012497178312218
gen=1_member=145,func,0.0155552439728858,0.00582748391620763,0.00737195747614218,-0.0131290310981634,0.0198105801150887,0.00666822009868025,-0.0658442873142446,0.0302256642814392,-0.044670809688428,0.0363834074963859
gen=1_member=146,func,0.000673639174985038,0.00215610765850238,-0.00401791721349136,0.00337477834432178,-0.000499892085319899,0.00588507606848705,-0.00155428416614109,-0.00593103488071363,-0.00457959773544951,0.00404327818536809
gen=1_member=147,func,-0.00447024997873732,0.00427296740585395,-0.000729550148388454,-0.00588622564244278,0.00576606174545796,-0.00636726378572401,-0.0028692397737094,0.00592802698723116,-0.00773136278432275,0.0099353174407972
gen=1_member=148,func,-0.00646842272312157,-0.00295797883678025,-0.00389744573595806,0.00179981360167278,-0.000469462148264595,-0.00471391014053363,-0.00564484046526648,-0.0015424179694166,0.0017631899487155,0.012113494270175
gen=1_member=149,func,0.000814012909842793,-0.00054318668549638,-0.000304262674411478,0.000600767788581204,0.00140406519030352,0.000614397651773703,0.000474025746296502,0.00230311728141515,-0.00045352348615976,0.00163922705454975
gen=1_member=150,func,-0.000108826111331173,0.000158083191999721,-0.000451982515564258,0.00404424455938653,0.00175390369777142,-0.00127386610805609,-0.000550672112389429,-0.00469099507687832,-0.00437314660441817,0.00219915277072382
gen=1_member=151,func,0.00690028919050286,-0.0103033877306453,-0.0114422595244768,0.00124612792333738,-0.013606844013199,0.0204056951301591,0.00729743850916233,-0.0159087848579548,-0.00408487035754223,0.0163924032922046
gen=1_member=152,func,0.00422864538905552,0.00150976743286154,0.00103262750733352,0.000385583505785331,0.00485527841486434,0.000617822557756276,-0.00144264049014375,-0.000986726344756957,-0.00504644270526612,0.00817831415790535
gen=1_member=153,func,0.00179718773203356,-0.0025589973477421,-0.00329360345044369,0.00326507551429689,-0.000550362416129498,0.000391882645708512,-0.00178973788416819,-0.00369262076997394,-0.00275217084428777,0.0051664192939827
gen=1_member=154,func,0.00742029042794526,-0.00676692471723192,0.000410273635005735,0.0047644113849944,-0.00885427572532179,0.00436410610578191,-0.0011390334113584,0.00307841721470649,0.000234312788661762,0.00758077954877169
gen=1_member=155,func,0.00636552446710496,0.00732745397356704,0.00219812967120784,0.000323743296088133,0.00216283149233845,0.00478918072317527,6.43792915683152e-07,-0.0037334099979166,-0.00920708578720215,0.00280797301398818
gen=1_member=156,func,0.00263773949192816,-0.00132412417539356,-0.000186368511290794,0.00221255115612038,0.00293641248077338,0.00122636190049862,-0.00332889860207425,0.0036661834152858,-0.00364339830513341,0.00588518494504431
gen=1_member=157,func,-0.00433480278483636,0.00316448899646595,-0.00436621331881998,0.00228469602792422,-0.00228383864689335,0.00700638247063332,0.00309051462824927,-0.00637577836354331,-0.00603485285228589,0.00470430915643344
gen=1_member=158,func,0.00183329891443859,-0.00260926990893337,-0.000360562893167398,0.00268310124968919,0.000807946799257919,-0.00143127309474141,-0.00154349886895102,6.08459010287435e-05,-0.00690348387860877,0.00357329238412191
gen=1_member=159,func,0.00269220652521114,0.00319272288257701,0.00211907973717812,-0.00260383293483587,-0.00102939174814584,0.00320569969238804,-0.00389390608019557,0.00299995613043561,-0.00555546281236594,0.00448690313930197
gen=1_member=160,func,0.00147661624825193,-0.000105303048757383,9.08242180724267e-05,-0.00176341491612318,0.00377454167878674,0.00203363982885337,-0.00285912575805353,0.00536668716546238,-0.00277465031708433,0.00376052440995292
gen=1_member=161,func,-0.000556018348338772,0.00487477294247079,0.00281785674102253,-0.00118969249816762,-0.000775944393474907,0.00282820474642453,-0.00293263176995569,0.00449077014028702,-0.011780696988098,0.00632552119340661
gen=1_member=162,func,0.00308697051843882,0.0028177650431483,0.00104014482389424,-0.00153638083342237,-0.00103763447576559,0.00346703389889065,0.00119155566346995,0.00158972169653064,-0.00217155767478008,0.0049807282944573
gen=1_member=163,func,0.0012595067433182,0.00292354930491189,0.00098176312853376,-0.00148652435431848,0.00273581503549425,0.00146450560984403,-0.000142575158636661,0.00115461919453345,-0.00254310531224049,0.00366024259413699
gen=1_member=164,func,0.00267557865105633,0.0010621844909318,0.000824862366830169,0.000482413334806558,0.000523801621210635,-0.000764186225567933,-0.00666092195990239,0.00184699811089324,-0.00463292689033136,0.00764305509463304
gen=1_member=165,func,0.00296669630203139,-0.00228309357917444,0.00156500882408274,0.00123392297467335,0.00146464616653307,0.0016750331697464,-0.00609755824157859,0.00186972237051473,-0.0118068083693902,0.00523136923051016
gen=1_member=166,func,-0.00263935458091493,-0.000464530851859892,0.00216328585636915,0.0127114209441194,0.00967281413819022,-0.00859019696035345,-0.0108564691854263,0.0157080976596679,-0.023004636907199,0.0107282086714976
gen=1_member=167,func,-0.00227330829653213,0.000444627941724418,-0.00369804272648078,0.000570391500926985,0.00114340457553206,0.00186593671200269,-0.000780373091788466,-0.00372477248769949,-0.00239262170527568,0.00362772524521385
gen=1_member=168,func,0.015518183631707,-0.0103967224132637,0.010204226620503,0.00584895927859866,0.00481907484535452,-0.00621503279172422,-0.0156252442677651,0.0171937928294947,-0.0138583781897958,0.0206946960820848
gen=1_member=169,func,0.00220316204520014,-0.00185331199566115,-0.000296425143309099,-0.00316343626021343,0.00414504012704598,-0.002927340918138,-0.00600333721270676,0.00335291764776886,-0.00566769019801237,0.00276513406418013
gen=1_member=170,func,-0.00164167671790942,0.00496423549986197,0.00374356889743696,-0.00537687868783718,0.00880082160780902,0.00756489135952059,-0.00912305710775753,-0.000614517373952719,-0.00295498307691676,0.00536249057190746
gen=1_member=171,func,0.00695233128429935,0.00473018372282137,-0.0082052756729669,-0.000622381140339301,0.0107126508487515,-0.00500366325875392,-0.0170440396343545,0.00812742336530377,-0.0141750558299417,0.0124734107959351
gen=1_member=172,func,0.00557187983606607,-0.00114837461089404,-0.00100387003184016,0.00127189881429652,-0.00237386368809199,0.00160791444425708,-0.00439679694733634,0.00174108198933186,-0.00249794741947556,0.00687915521427351
gen=1_member=173,func,0.00179330327419376,0.0072712803594653,-0.0144881647097016,-0.0149604145612988,0.00469536779386415,0.0105349490416483,-0.0334647588070023,0.016873600548318,-0.0209787679267119,0.00841114543123724
gen=1_member=174,func,0.00148758309055975,0.000684449363791545,-0.00148191139921072,0.000493841054496931,-0.000939560240794691,0.000984111712753312,-0.000178759641173758,-0.000362173456172054,-0.00128061786331457,0.00180749751577411
gen=1_member=175,func,-0.00518151597429369,-0.00800371627029988,0.00511981391473315,-0.00468108518921785,0.00728627953027334,0.010409529634878,-0.0129379067432768,0.005746539533916,-0.0243633492826133,0.0279943211929924
gen=1_member=176,func,0.00335114180071325,-0.00975822292275045,-0.014417201364381,0.00336209809106144,-0.0026169837462958,0.0145996328900136,0.00852203742763158,-0.0146991558320629,-0.00234446450862616,0.017636067066556
gen=1_member=177,func,0.00509803513130472,-0.00205772061763862,-0.00317285388343182,0.00095361481936841,-0.000302468694945633,0.00351716465081919,-0.00251695315253476,-0.0107590185391291,-0.00459543381209396,0.00478268637537696
gen=1_member=178,func,0.00796394114519559,-0.00632835776090289,-0.00347059867714373,-0.00350677337415485,0.0103561270492517,0.00259603348161254,-0.00271175146962446,0.00974642608331088,-0.0107027465721513,0.00945223276235296
gen=1_member=179,func,0.00492145448570986,-0.00883798769347295,-0.00226260687372611,0.000680135958795407,-0.0041144115491973,0.00185940250579776,0.000556796472305613,-0.00712348801796137,-0.00893719714722778,0.00521168159284298
gen=1_member=180,func,0.000492908453156616,0.00150789787641315,-0.00175132620241158,-0.000556750961720784,0.00123443861830903,-0.00112022985840883,0.00046526337451368,0.00183233258645921,-0.0033176227794876,0.00278306292971531
gen=1_member=181,func,-7.53203481956248e-05,9.26945687903907e-05,-0.00264157013876349,-0.00379509958186177,0.0017543352694916,0.0013828979953371,-0.00667347987771312,0.00335499300380898,-0.00400145926357226,0.00798046185833359
gen=1_member=182,func,0.00158822007437476,7.16186601236246e-05,-0.0080113517681383,0.00437461218259859,-0.00518787543389367,0.00361077177428304,-0.00317826159014843,-0.00514597169077418,-0.00216117333099003,0.00841182850427331
gen=1_member=183,func,0.00342046139072253,0.00324373795631342,-0.0020250262889318,0.000387624446511674,0.00244883376167065,0.000904394135418608,-0.00486303463389059,-0.00108896042765298,-0.00342598774034249,0.0049315243739266
gen=1_member=184,func,0.0168533932209984,-0.00402273737858889,0.0125151820647958,0.00864869477837611,0.0269704851946996,0.00481864473459153,-0.0115333054009409,0.0183668646961948,-0.0199646730268341,0.0235967358853673
gen=1_member=185,func,0.00982292061493696,-0.00479153822688532,-0.0132436260096877,0.00620661586173841,-0.020742057903083,-0.00406861807719061,0.00212028616284645,-0.00880356038998948,0.00193940180483976,0.00784431052367622
gen=1_member=186,func,0.000646773129146403,-0.000768940874548843,-0.00181117961930602,0.000165833457545015,-0.00305463740575264,0.00342280821626898,0.0022455995677572,-0.00337366767450138,-0.00150370530126694,0.00885674993785673
gen=1_member=187,func,0.00559835075078406,0.000451248379772887,0.00608802577305255,0.00291189613444145,0.00614434383554138,0.0059318461474951,-0.00606410757822441,-0.00429525004191033,-0.00374287184491924,0.00247952914130553
gen=1_member=188,func,0.00714863170600693,-0.00333887687445561,-0.000151816662980297,0.00299642168672856,0.00074550419161374,-0.000633536711462324,-0.00470757361106671,0.00371671629910644,-0.00408150336091952,0.00674070744798831
gen=1_member=189,func,0.00190588114811434,-0.000373461108159821,0.0029157693722682,0.00264902293303345,0.000730507235886209,-0.0035152379131395,-0.00514278869917073,0.0012003431689698,-0.00544631429878316,0.00690658574024332
gen=1_member=190,func,0.00663056160388589,0.00401668699619806,3.40031841398857e-06,-0.00272093690522109,-0.00188669117420896,0.00697149176271111,-0.00767469364272173,0.00907867956010357,-0.0151954236334238,0.0066041010496946
gen=1_member=191,func,-0.00917832210217802,-0.00419699270198538,-0.0121080431059335,-5.12957694441547e-05,-0.013527368425369,0.00329774181881021,0.00726938295127726,-0.0219424318688832,-0.0141816751795381,0.0100728846761434
gen=1_member=192,func,-1.55438930998491e-05,0.000747656124507788,-0.00307649980875646,0.000540411665359169,-0.00220166675702336,-0.000248735725001105,0.00315502930750517,-0.00334573091636177,-0.00165786890683683,0.00859726062179921
gen=1_member=193,func,0.005406349099861,-0.00439338339105766,-0.000599273919123746,0.00594498670274035,-0.000752397253347959,-0.00470396300544829,-0.00125436590216244,-0.00406153516081357,-0.00363469212877523,0.00994890663911035
gen=1_member=194,func,0.00349143582025138,0.00120339349717916,-0.00155023855740477,-0.000311524019399509,-0.000906203037005662,0.00340200368664827,-0.00374674505967447,0.00446610408689658,-0.00465813328561715,0.00518294673162055
gen=1_member=195,func,0.00344706150143518,-0.00180696569808889,-0.000814057021131729,0.00193176886140297,0.000575789177896493,-0.00139259860677487,-0.00654642388674881,0.00245780001546967,-0.00573800470307456,0.0061806359952334
gen=1_member=196,func,0.00202794355102697,-0.000104640403458184,-0.000244661374972956,0.00272456765639007,0.000989461436721289,0.00240841366239131,-0.000711109156396892,-0.00190349359604068,0.000247920865800182,0.00284144535980493
gen=1_member=197,func,0.00111594770577478,-0.00094573573945683,-0.00232496881507281,-0.00245456936788369,0.00449482961707949,0.00109303752356671,-0.00232752563709584,0.00272618691336283,-0.00425349926507356,0.00724693761401095
gen=1_member=198,func,0.00182675130239726,0.00061275154313683,-0.0129914487162716,-0.00282453280694499,-0.00672034462918082,0.00340894067600775,-0.00670095640918829,-0.0139605917607463,-0.00384138293009722,0.00940560723996954
gen=1_member=199,func,0.00288623408639599,-0.00284200562359206,0.000945314912070719,0.00032454699589794,0.0026058839626748,0.00254974614154585,-0.00201910818171168,0.00380897515755175,-0.00308617107904314,0.00509654820528451
gen=1_member=200,func,0.00733078724403766,0.00497096930582557,-0.00155794696924521,-0.00548186265065796,0.00865722987218946,0.00374393551539762,-0.0116401280709276,0.00395165801545269,-0.00625921921665625,0.00799498751858538
gen=1_member=201,func,-0.00147669095345704,0.00145568299174176,-0.00125558097792191,-0.000262493768635077,0.000391091792805908,0.0023483582428993,-0.000895004179493688,-0.00173611430842466,-0.000157973178096086,0.00377805097861493
gen=1_member=202,func,-0.000273504314234364,-0.00298984523207474,-0.00513359717621398,0.00475582908014511,0.00256332621285066,0.00437158224309243,-0.0112570858699218,0.00401817175861674,-0.00665669719311018,0.0124292469961462
gen=1_member=203,func,0.00188386326029278,0.000271289520436802,0.00217577872716628,0.00104569583955714,0.0011029256994348,-0.00164509346250122,-0.00532152881910049,0.000500158144679007,-0.00365441141672114,0.00620224354557974
gen=1_member=204,func,0.00407070675253972,0.00174155771690815,-0.0066654120104253,0.00151874574202915,0.000791777412753718,0.00311625591964074,0.00354905827885838,-0.000650656961914723,-0.00534321756667299,0.00250113476201704
gen=1_member=205,func,0.00619593407124774,0.000486364377652243,0.00649420980066259,-0.0071752428336828,0.00870809162592585,-0.00593109195008357,-0.0179393756663941,0.00318414239721395,-0.0117834556163296,0.0138204858915625
gen=1_member=206,func,0.00139615257318025,0.0015157443869151,0.00228229351943314,-0.00360503831857735,0.00212598298569888,0.00391433485956493,-0.0069187633994987,0.00116950686773704,-0.00435095987986328,0.00952691922552001
gen=1_member=207,func,0.00236467033644287,-0.00490365234200966,-0.00777869614495041,0.00207840869755126,0.00431705762047989,0.000961382610647512,0.000125002963466563,0.00879996490823012,-0.00830447602920634,0.0045305384941728
gen=1_member=208,func,-0.000701885228719783,-0.000614977902754428,-0.00351075684432292,0.00187570200552737,0.00107701542438339,-0.00112994212719149,0.000773708159332372,-0.00174812820496912,-0.00204408569852844,0.00322546360352531
gen=1_member=209,func,0.00290662559236242,0.00220984091017294,-0.00023151339549988,0.00312207561948557,-0.00081707648390483,0.00456716635411125,-0.00133728924296751,-0.00304722176338717,-0.00023711830942633,0.00428632968647767
gen=1_member=210,func,-0.00100836357781526,0.00212371227907531,0.000598809103945049,-0.00278175778630571,0.000715866525835645,0.00160902601825189,-0.00265591915299024,0.00337208510255695,-0.00125726287532113,0.00560217560800589
gen=1_member=211,func,0.00184486322930289,0.00110265621619803,0.00142708795220806,0.00299764308058381,0.000258682319949449,8.70470458140848e-05,0.00242675094877997,0.00474503627647034,0.00169840236508923,0.00239882428536104
gen=1_member=212,func,0.00769782176178532,0.00442662327056296,-0.0100911955594924,0.00370859570140224,-0.0116985282581061,0.00663067918756634,-0.00536654590282067,-0.00558681128893662,0.00115552019017931,0.00796164736260013
gen=1_member=213,func,-0.00267751695139724,0.00166484771103815,-0.00588612692403937,-0.00108442523897347,-0.00105630814796294,0.000665226292400329,-0.00279545716169519,-0.00693146890022786,-0.00222608390918554,0.00575671274691326
gen=1_member=214,func,-0.000937929454801022,-0.00294243511213526,-0.00183000815397561,-0.00012810140776713,0.00320968568764216,-0.00472152017022739,-0.0126393448809211,0.00505559176473143,-0.0104543503107797,0.00978313649881702
gen=1_member=215,func,-0.00284267561297416,0.00481165495611099,-0.00337730790456529,0.00345111482391007,-0.00339958695008178,0.00666084512589554,-0.0007870016113723,0.0103155239689194,-0.0105688138490484,0.00335693543044894
gen=1_member=216,func,-2.11682640804643e-05,-0.00122314618002409,-0.0011223993442795,0.00176096434062317,-0.000448629424982555,-0.00129302570220199,-0.00178449397914346,-0.00125225680742822,-0.00401706085990171,0.00297594555866617
gen=1_member=217,func,0.00163038584994995,0.00109054435962537,-0.00165237342527243,0.00371895961521595,0.00848783289380507,0.00433686400395931,-0.00689215392420544,0.00403020421831003,-0.006791883822977,0.00445199955646428
gen=1_member=218,func,-0.0222802831490251,-0.000979269605281609,-0.0264482753484276,0.00322765047643918,-0.0146702669331902,0.0122824093030955,0.0099639634075641,-0.0253631021329491,0.0138958726710587,0.033123098806214
gen=1_member=219,func,0.00140406404037099,0.00999687863373012,-0.0026701029868386,0.00622850530491141,0.00756440456874347,-0.00797523951589403,-0.0025565199309496,0.00770662511606315,-0.0116768408249039,0.0161571459916758
gen=1_member=220,func,0.00190425708292713,0.000449716610276366,-6.75483098505236e-05,-0.000206561059930025,0.0001098205172341,-0.000240744375454624,-0.00146543232911868,0.00413977680250167,-0.00199448611443509,0.00131979876572239
gen=1_member=221,func,0.00240588409086159,-0.00123560501758014,-0.00203927122773952,-6.39435171033191e-06,0.00169261926316916,0.000936473838031615,0.000316351142095657,-0.00104042704296723,-0.00166173205684773,0.000885725324055128
gen=1_member=222,func,0.00259270445485505,0.00759246282344493,-0.00125296684785061,-0.00123175748391913,0.00648816191014888,-0.00586612779100856,-0.0042384482559359,0.0077008938042204,-0.00987246365501719,0.0119459551104413
gen=1_member=223,func,0.00372244197006455,-0.000231153713393164,-0.00233430943780484,0.000745458895286309,0.00174438304651508,-0.00195041045051543,-0.00300314644728529,-0.000115983588935058,-0.00273721230500301,0.00509107509262158
gen=1_member=224,func,0.00350416658466447,-0.00215602419228303,-0.00214070516301632,0.000486073362018005,0.00815742017478591,0.00188009347832734,-0.0062096605056839,0.00439870094830959,-0.00848518130564706,0.00460431733690433
gen=1_member=225,func,-0.00725420882501792,-0.010901897663108,-0.0108654895932637,-0.00210356927299849,-0.0011217763141449,0.000960317758307583,-0.00679988172209689,-0.0144436969748902,-0.00189139861347588,0.00545218126055733
gen=1_member=226,func,0.00468005905383313,0.00292674469815337,-0.000440146976392232,0.0014225147423966,-0.0010238776603867,8.45802388650642e-05,-0.00367817008683239,0.00397644264589387,-0.00563458252128084,0.00608620233873704
gen=1_member=227,func,0.00124600635104208,-0.00437998727746402,-0.00704961068717251,-0.00174789968598519,-0.0061488930127167,0.00828010946183767,-0.00245799446013918,-0.00483078747259484,-0.00365890911431425,0.00290971748424994
gen=1_member=228,func,-0.00111731933780391,0.00449788289128474,0.000513941209458372,0.0023564223220846,0.000697391819134236,0.000689318987284154,-0.00364993255184369,0.0029361309874512,-0.0100100620517079,0.00459080190221892
gen=1_member=229,func,0.00348443827012015,-0.00406288560125128,-0.00245360232295403,-0.000177488498509808,0.00361231381234052,0.00170707783098355,-0.00303691529658555,-0.000521980845163926,-0.000126731276161512,0.00628513440479372
gen=1_member=230,func,-0.00100125380577336,-0.00207980623226018,-0.00310458948139019,-0.00256008061627472,0.00529407118911077,0.000244183832680072,-0.00166253411740892,0.00181883269768042,-0.00394589395692787,0.00307239890712454
gen=1_member=231,func,0.000778686549177232,0.0021184153242054,-0.00414903159575275,0.00237390674231865,0.00147137934618564,0.00287094626021207,-0.00224598604400863,0.00535052893480464,-0.00838375643801339,0.00195552414833269
gen=1_member=232,func,-0.0002173175088767,0.00120071147885446,0.000850783610370782,4.58350073449459e-05,-3.00224073508087e-05,0.000778860794012853,-0.00229612517489553,0.00452687722584876,-0.000704638035554326,0.00176682166752142
gen=1_member=233,func,-0.00101436285857145,0.00151212553347212,-0.000461691861237218,-0.000424947395057848,0.000896377172483755,-0.000283900714490651,-0.00132121142484566,-6.40998239511546e-07,-0.00190544002869489,0.00253262711424615
gen=1_member=234,func,-0.00316279147335848,-0.00228364430908869,-0.00387942923219936,-0.000532950617354077,0.00152100949648728,0.000654833276646034,-0.00171535821994893,-0.00577915964146676,-0.00170778370788619,0.0103541422339243
gen=1_member=235,func,0.0081022715062277,-0.00573343718060418,-0.00122762724718112,-0.00169116366031745,0.000161656974102316,-0.00409466471133359,0.00208310805665739,0.00318998287338053,-0.00694232414463466,0.00352416061438883
gen=1_member=236,func,-0.000230237316928073,0.00029758577622398,-0.00232655346318983,-0.000687910213824436,0.000683960953219223,-0.000864338671945188,-0.00192253391809392,-0.000910660941509415,-0.00368163349325598,0.00307934168273065
gen=1_member=237,func,0.00970749203899191,-0.0224124586054677,-0.0314280079479582,0.00696358650813799,-0.0142258028518092,0.00564606241986244,0.00908413940512274,-0.0272330042361716,-0.0068939645613169,0.0247672686290095
gen=1_member=238,func,0.00145384339883031,-0.000522385620778175,-0.00135866813387179,-0.000402446416728153,0.002265682873532,0.00181351218956441,-0.000996619474037988,0.00288299211698426,-0.00278480528939221,0.00341753478899053
gen=1_member=239,func,-0.00114629429634197,0.00310030350592737,0.00144950383539608,0.00285491443654155,0.00154216180562676,0.000712067117131842,-0.00155161287343847,0.00487517861544096,-0.0038466743642817,0.00531248180229578
gen=1_member=240,func,0.00288958660779146,0.00109398187114966,-0.00281302036748972,0.00119707025137128,-0.000864766358602976,0.00168435694344783,5.35634544856709e-05,-0.000878695925691954,-0.00276458984561853,0.00245300725611686
gen=1_member=241,func,0.00327901966759926,0.0158142720855657,0.00217085158923914,0.012642250574691,0.00571193585816801,0.0142803487507998,-0.0143782876921569,0.0263349336898394,-0.0381847086998253,0.0349212295303525
gen=1_member=242,func,0.000626481186361536,-0.00249088058303432,-0.00228884944482042,-0.00107548612405744,0.00467363937592916,0.000367870634038943,-0.0038360122961704,0.00292874781689751,-0.00125192703844383,0.00495993127629939
gen=1_member=243,func,0.0033918665125442,0.00521399251230766,-0.00443223228164708,0.00216277996326207,0.00472187542235575,-0.00117133356875877,-0.00161190001331932,0.00800444221520768,-0.0131326219287122,0.0100014283753087
gen=1_member=244,func,-0.000523854951721652,0.00181096162981661,-0.000529838242206325,-0.000884485693384555,-0.000165559960418904,-0.000900731530942238,-0.00222743741415398,0.0043231589736612,-0.000991065888701955,0.00211239052048177
gen=1_member=245,func,0.00301693409665029,-0.00306343604947844,0.0106217851158239,0.00503527189518716,0.00808404140161537,0.0098875705243251,-0.00649459601323497,0.0134220298371945,-0.0132703560514697,0.0231572532340876
gen=1_member=246,func,0.000901831283442875,0.00529189976084233,-0.00256688266215011,-0.00436744580217672,0.000947378012197785,-0.00227482976932396,-0.0105935470466694,0.00375252322065727,-0.00530200718453178,0.00729413207319113
gen=1_member=247,func,0.00141965801246772,0.0048978271097325,-0.00419481226034935,-0.00201263542920458,-0.00344953711374304,-0.000163998487103443,-0.00570765198712728,0.00173381195732779,-0.000681209902798769,0.00605204878786484
gen=1_member=248,func,0.00400297349768559,0.00386074464288448,-0.000626107739467781,0.00810760365793034,0.00372309031533711,0.00582384151537646,0.000420379167741104,-0.00563906929995891,-0.00080277731674216,0.000135551231006226
gen=1_member=249,func,-0.00778596601621317,-0.00124677499236838,-0.0157796706324979,-0.00211776623096236,-0.00580460534293574,0.00826861643888787,-0.0079448777708459,-0.00892198138028258,-0.00115570641159642,0.0052373549309914
gen=1_member=250,func,-0.00103401042716323,-0.00152876040761883,-0.00145076872359123,-0.000469261070010588,0.00290297964145951,-0.00117833039254141,-0.00165302912459517,-0.00290465370514977,-0.00133746319699506,0.00399436373697129
gen=1_member=251,func,0.00252739651721675,0.00275369499360472,-0.00111195357322218,0.00218330610568219,0.000439633748303679,0.00211709933241145,-0.00299337266942219,0.00113647424409406,-0.00318611099557939,0.00447617508871492
gen=1_member=252,func,-0.00163259755010424,-0.00233370111963385,-0.0095099371295396,0.000686525756129048,9.3960849684872e-05,0.00390071638134988,-0.000728091748205274,-0.00401440365564917,-0.00255778032657988,0.0065168665083533
gen=1_member=253,func,0.00931456150733433,-0.00419197102095757,0.0124158586866019,-0.0107271723208071,0.016245398561735,0.0121178910498741,-0.00536029126859273,-0.00398916366127262,-0.00819097554274956,0.00397849022363913
gen=1_member=254,func,0.00181582207605277,0.0027768364698781,-0.000778955317552384,0.000540043147365947,0.00145078604574428,0.000270525545368057,-0.00142780266683765,0.00346981308373441,-0.00273633871243937,-0.000305103275773051
gen=1_member=255,func,0.00703246364796414,0.00317771450438364,-0.00426020493029184,-0.00334503629370401,0.00362989865125139,-6.00259416791504e-05,-0.00259098757400315,-0.000540281038496302,-0.00962559373806291,0.00290177183323177
gen=1_member=256,func,0.00191918769305739,0.000697615056855007,-0.000185214682300105,0.00110092269544988,0.00116775144644197,-0.000331158275511141,-0.00117806503085084,0.00109159457459457,-0.0018758020665038,0.0024516804715658
gen=1_member=257,func,0.00118590589979118,-0.00103234072386911,-0.0013713176645805,-0.002844539264589,0.00241274215230975,0.00160095303691915,-1.73949663676736e-05,0.00389889027003223,-0.00563147160530961,0.000677057888340403
gen=1_member=258,func,-0.000348043344228966,-0.00499483783049025,0.00885315633390023,-0.0024303293862677,0.00111070317998993,-0.00999923403736121,-0.0152907654307179,0.00480664046068981,-0.0123696538288115,0.00850689914267164
gen=1_member=259,func,0.000820905539986941,0.00018728113617252,0.000120030893619113,0.00125852381781164,0.000689561482134346,0.000112811071865498,-0.00110654509380226,0.000749995932114204,-0.000266573405922927,0.00159273333676049
gen=1_member=260,func,0.00286574080128045,-0.00141155861319649,0.003844343870351,-0.00208719669671274,0.00420970327215089,0.00428283508357305,-0.00283581515307525,0.000734537115054776,-0.00948714139405299,0.00956402776579036
gen=1_member=261,func,0.00142837971136154,0.00372986423788273,-0.000913164904674054,-0.000863992895312773,0.00272314233635534,0.00386384922019679,-0.00231466578692578,0.000227127108758742,0.00170818648055367,0.00340910670327542
gen=1_member=262,func,0.00181709636297952,-0.00121560233762984,0.00274858706724735,-0.0020540233001109,0.00261242481174935,0.00252118649319534,-0.0035776032562064,0.0019660461614906,-0.00658726632985395,0.0086952429808798
gen=1_member=263,func,-0.000402736961916461,-0.00222796467126906,0.00197113092947195,-0.00114384857742348,-0.000122709765602087,0.0045857035019993,-0.00193159535169284,0.00623088201996991,-0.00401603334434866,0.0029293729152036
gen=1_member=264,func,-0.000636966760344911,0.00632468900344813,-0.000841505610932296,0.000875788149738033,0.00281251452043243,0.00208237757526595,-0.00166500161711004,0.0027213981178937,-0.0108671489995299,0.0100507938340471
gen=1_member=265,func,0.000741173652505104,0.000752349244138926,-6.40540681636746e-05,1.14513739815128e-05,-0.000706497606465877,0.0010531726145394,-0.000278854031237781,0.00132408730956979,-0.000967059834825141,0.0015277262301295
gen=1_member=266,func,0.00420629640765408,0.00525853058324711,0.00106844467387266,0.0020458147616271,0.00323102078987834,-0.000766130230286945,-0.00159375444412962,9.1821023329858e-05,-0.00420635114104777,0.0038349316685009
gen=1_member=267,func,-0.00459765713040075,0.00392554659360784,0.00233837964793446,-0.00275931088533509,0.00541395934986312,0.000980608691699242,-0.00942616177683653,0.00234354188121449,-0.00882053650604696,0.00973496702635409
gen=1_member=268,func,0.00590932969385194,-0.00498491598607053,-0.000454763071521716,-0.00581385502003708,0.00319345694447058,0.00524044007840641,-0.00168836841473968,0.00814131317529144,-0.00789380086535241,0.0115946986516636
gen=1_member=269,func,0.00171116502796525,-0.000626388096722981,-0.00165770852871529,0.00128140916741862,-0.00017193483795286,0.00134351275756425,-0.00055991930848914,-0.000347849047791662,-0.00141851406073747,0.00209391589639704
gen=1_member=270,func,0.00210881361843176,-0.00122493920639689,0.000748726659012868,0.000986904198561997,-0.000578427432878544,-0.00029961685299752,-0.00349467353264697,0.0020689171322775,-0.00164519687624879,0.00339452036573594
gen=1_member=271,func,-0.0034028593944607,0.00713780935661601,-0.00716181823756244,0.00410962779674532,0.0101437338354099,0.00651412542545957,-0.0124636059747655,0.019133419380684,-0.0102005116595264,0.00785759644200207
gen=1_member=272,func,0.00103451246715943,0.00443445559735111,0.000644316471887973,-0.00529795602911318,0.000602766451381309,-0.000518144470635612,-0.00524540196552029,0.00600261795909174,-0.00610583250317924,0.0108751187028422
gen=1_member=273,func,0.0012354576611156,-0.000256209827323215,-0.000515587859418995,0.000685287061242807,-0.000745160729128389,-0.001905489333193,-0.00154259047706318,0.00338038488269596,-0.00330316019932887,0.00306125150216575
gen=1_member=274,func,-0.00025125430089873,0.00380816464542942,0.00106494091671143,-0.00457102092056335,-0.000881612094764194,0.0048958726424885,-0.00362396336861029,0.00831861894695141,-0.0205556079206066,0.00515249478509722
gen=1_member=275,func,0.00251837195654551,-0.000678705542481983,-0.000803607879164542,0.002259263793864,0.00276666460054665,0.00186584456912159,-0.00158961464585956,0.00229147287338663,-0.00272538672349752,0.00415746512339253
gen=1_member=276,func,-0.000705658545927682,0.00183215810871362,-0.00331399846300464,0.00221250365461964,0.00177495260860632,0.000171903250194625,-0.00167294346317254,-0.000963874381544019,-0.0030197423419999,0.00472375793749157
gen=1_member=277,func,0.000451670838780792,0.000264108240426613,-1.47824880800983e-05,0.00131203632291226,0.00140766757435765,-0.000523512357624999,-0.000229679660833645,0.00332976628722481,-0.000879389810301104,0.00177704697892404
gen=1_member=278,func,0.00364936996123583,0.0174643017456276,-0.00194839939361531,0.00988591286426621,0.00601856305739957,0.00284388275341677,-0.0134150869952896,0.0187355043215642,-0.0115468384441053,0.0081480936323133
gen=1_member=279,func,-0.00376588081449808,0.0022206456890869,0.0171991155336287,0.0185497864698558,-0.00176643897575225,-0.010023942777347,-0.0178596077807271,0.0106737306276931,-0.0198032263496969,0.0375427337891077
gen=1_member=280,func,0.00101921048842855,0.00121869600124535,0.000609742374652875,0.000255414026057856,-0.00128586757801573,0.00123425433863783,0.000712800670106894,0.00270067168864252,-0.00324975353031517,0.00132346806558242
gen=1_member=281,func,0.00974986895672844,-0.00226910533426516,-0.00162937946664217,-0.000966110378645531,0.00690985320695734,-0.0099886157516993,-0.00187407417053759,0.016539865680731,-0.0141203353479446,0.00880356881341019
gen=1_member=282,func,0.000206255299436271,0.00227242374521355,-0.0037438420035575,-9.04069351688977e-06,0.00315806937942065,0.00122285926074574,-0.000599977444285834,-0.00243410852296991,-9.01789976661844e-05,0.00509152559053767
gen=1_member=283,func,0.0133505212953536,0.000132207791307268,-0.00500549691562415,-0.00976836277937733,0.000356925715563993,-0.0102125818890413,-0.00936632394171525,0.00773085822848872,-0.01938172140708,0.0103252914741654
gen=1_member=284,func,0.00432691132336327,0.00614638636731306,-0.0248282124485496,0.00780396963488185,-0.00738708923878975,0.00026428503679715,-0.0025597231905623,-0.0138677972212256,-0.00232353651431965,0.0107591885942843
gen=1_member=285,func,-0.000865427996224277,0.00352506408618813,-0.00100774092484244,-0.00114200915680884,0.000693270226484647,0.000176912453544912,-0.00238630043879551,0.00143379003070264,-0.00762106290012564,0.00140517945472163
gen=1_member=286,func,-0.00251845611038558,-0.00048065368985927,-0.00213860977300378,0.00134295682830479,-0.000806796505813697,-0.00240520254780431,-0.00233181605721077,-0.0039931121170319,-0.00471357902180949,0.00327436592306483
gen=1_member=287,func,0.00840707612615011,-0.0114682160307487,-0.0142093890384527,0.0218410546641371,-0.011324490229405,-0.00310817234738415,0.00803019493086585,-0.0114634578707089,0.00787228793188423,0.00937841861939696
gen=1_member=288,func,-0.000562951343679877,0.00170771227867608,6.34485559133176e-05,0.000232359672264115,-0.000179647487710619,0.000124124042579656,-1.68355048530671e-05,-0.000563594724198661,-0.00143926739732463,0.00241222123304688
gen=1_member=289,func,0.000306086009595854,-0.000156406968158334,-0.00181265163158771,0.000619655385617622,0.000262519507303808,0.000898860668282818,-0.000154966654382942,-0.000652900017762884,-0.000552094327771488,0.00250406416799454
gen=1_member=290,func,0.00130491806617377,-7.5879973938529e-05,0.00104942796374418,0.000756321805063553,0.000562350877014052,-0.000991644023000741,-0.00311963857557582,0.000508454039924856,-0.000647822821548272,0.0030990669631749
gen=1_member=291,func,0.00246290873173502,-0.0052555030016558,-0.00495072512208315,0.00273011847058915,0.010351118030766,0.00272158412313903,-0.00841815609422816,0.0090740334716714,-0.012546821370669,0.00766303281123112
gen=1_member=292,func,0.00253799839555395,0.00327110061367281,-0.0018240199097396,-0.00769103691247711,0.00180930222121441,0.000201030638680189,-0.00273001062566476,0.00864116243380702,-0.0116986353429809,0.0140753458221771
gen=1_member=293,func,0.0019527673488548,0.00144696375368905,-0.00229124592636149,0.000244891243531595,-0.00179116354568557,0.000928938265853847,-0.0020763090324187,-0.00164387336394822,-0.00227364117443979,0.00353050125577754
gen=1_member=294,func,0.00453081381242078,-0.00253704420618686,-0.0113504444817295,0.00318644792945161,-0.00296728953404348,0.0114810750622884,0.00143670453497249,-0.011478975219796,-0.00520378257317581,0.0123443071968783
gen=1_member=295,func,-0.00101074778994146,-0.00308138174001247,-0.0056275118137043,0.00306666559913178,-0.00260328781628446,-0.00104198763084529,0.00579158253162618,-0.00609813361343226,-0.00374792345606627,0.0109050135955947
gen=1_member=296,func,-0.00100829887462559,-0.000554858649076471,0.000737614665960716,-0.00173665621251393,-0.000408122837710042,0.000721225214684549,-0.00295775299598901,0.00475792965574041,-0.00258818648064821,0.000443273693442508
gen=1_member=297,func,0.00196777900721571,-0.000199138220213566,0.000888386861399976,0.00204477539468039,0.000101914369167881,0.000259427064763021,0.00077040888008473,0.00195193248090157,-0.000171045664561759,0.00268827565857949
gen=1_member=298,func,0.00142847905364734,0.000498815702721177,-0.00118554943692112,0.000615248121925268,0.000647108625552009,0.00251103919450479,0.00152271992340024,-0.000450649424373093,-0.000853419362498651,0.00336625425271757
gen=1_member=299,func,-0.0019666834031511,0.00136445932704285,-0.00315191083835225,-0.00165049096930852,0.000874169028268353,0.00214509347591401,-0.00266871567464283,0.000489181460110154,-0.00291503385592102,0.00316421320983315
gen=1_member=300,func,0.00609780892400181,-0.00120696021119453,-1.84088568456068e-05,0.00184659052986671,-0.00244322420107762,-0.00315490662243371,0.00056588796227767,0.00222842102556348,-0.00619740703670206,0.00621501384541002
gen=1_member=301,func,-0.00605918998491017,-0.00760510719243432,-0.0041433991620946,-0.00365127410522249,0.000177945208456658,-0.00471943101278137,0.00737732443860022,-0.0075413390202042,-0.00641007407093644,0.00777411196631773
gen=1_member=302,func,0.00327978864039867,0.00197633032600708,-0.0051274999223069,0.00203661590866605,0.000367075878946783,-0.00489851545083999,-0.00205232481004457,-0.00419170264228893,-0.00475039250292837,-0.00052076074249493
gen=1_member=303,func,0.000831422721332938,0.00318790205685852,0.000238637344370019,0.00195706125015192,0.00166257457801355,3.2960529934121e-05,0.0014900972048704,0.0039549561670781,0.00164242792072353,0.00134984939794752
gen=1_member=304,func,0.00218429605196958,0.000423450067480801,-0.000728255232952653,0.0026555052133867,0.00264097182461889,0.0023809551589043,-0.00317568727442669,-0.00086081098399228,-0.00116940510196329,0.00345401423862431
gen=1_member=305,func,0.00112757660622859,0.000540278323198895,-0.00307685148775261,-0.00291808501563846,0.000245040585115987,0.00462229700165893,-0.00220263876291422,0.00511237627165322,-0.00577227936504891,0.00127266222628152
gen=1_member=306,func,0.00160270554208542,-2.81719256175587e-05,-0.00304036057600853,-0.000627383849706862,0.00320392125369239,0.000251461981896669,-0.00269903713817255,0.00178512623158832,-0.00404890206681737,0.00228319430030325
gen=1_member=307,func,0.0541300372177096,0.00262849463455119,-0.0315814571459558,0.0212531469095336,0.00693636819834115,0.0392468277600827,-0.0111949189678363,0.0261187708347087,-0.0515741888322537,0.0205629031956044
gen=1_member=308,func,0.00436563191261255,-0.00116074526560819,0.00172447023961197,-0.00964017656251798,0.00724303532804643,-0.00276873313230545,-0.00786483875300558,0.00815173903594694,-0.017298626899541,0.0146006161172718
gen=1_member=309,func,0.00505902297235316,0.00216789116229357,0.00326406577500639,-0.00185755739641425,-0.00488636822904475,0.0156406895119698,0.00204278386189697,0.0127042396169016,-0.0109850797891652,0.00884566410823176
gen=1_member=310,func,-4.52460184853977e-06,0.00362419774304629,-0.00162746087596315,2.12326591055321e-05,0.00455609324434646,0.00349729878837276,-0.00501382329237381,0.00567432469896554,-0.00484971834719293,0.00796361496868295
gen=1_member=311,func,-0.00124145762537167,0.0119001876701069,-0.00423433617496449,0.00178242154483998,0.0063466544470214,0.00530327587941763,-0.0130342311358698,0.00950535041180737,-0.0310901587328545,0.00446844368885962
gen=1_member=312,func,0.00861134048670119,0.00557438572295714,-0.000366789549952869,-0.00285722157848435,-0.00205554908335873,0.00854541777716606,-0.00238188642284519,0.0131337646552019,-0.0191329415536076,0.0168067796244309
gen=1_member=313,func,-0.00543312658816294,-0.00163163693062693,-0.000455849356601361,-0.000564243743760006,0.0106171689138753,-0.00422024631791574,-0.00258616700243072,-0.00725901285934561,-0.00286881611836404,0.0150528161975223
gen=1_member=314,func,0.00437225146280784,-0.00202769438681217,0.00118731655044573,-0.0028208002067967,-0.000841796590093954,0.00242513569089124,-0.00588664916859281,0.00124053059785275,-0.00453949502850928,0.00830132887691523
gen=1_member=315,func,0.00513132163564802,-0.00499930420742188,-0.00274965756781569,0.0057709927436411,-0.00639142357624939,0.00303393354618645,0.000645271408437195,-0.00028913679637833,-0.00137772932585123,0.00933439886586169
gen=1_member=316,func,0.00247400631762413,0.00106749024813355,-0.00155776531183808,0.000148042729677701,0.000819609913987421,0.000179188023680147,9.08597035532888e-05,-0.000399404793743976,-0.000899892619263852,0.00144980407170614
gen=1_member=317,func,0.00161892573307036,0.0007689634634562,-0.000938566082281097,0.00116204562213694,-0.000180722553875217,0.000323788347259272,-0.00115705065002527,-0.000205511985600425,-0.000819861484706825,0.00258293602323097
gen=1_member=318,func,0.0033171014687961,0.00305155897395992,-0.00389503892827505,0.00444309043647135,0.00214513949959114,-0.00249931711495344,0.00162833655634256,0.000960723963484837,-0.000668759836555307,0.0060387560276343
gen=1_member=319,func,-0.00065226498760755,-0.00571439011124893,-0.00634041043303736,-0.000871474199726591,0.0036321173346971,0.000708564579873736,-0.00469258467340761,0.00241845964699112,0.000873115789613547,0.00657869581910081
gen=1_member=320,func,0.000124739277866859,0.000562489461274131,0.00384330742613639,0.00167355735834485,0.000939556710713698,-0.00266205563672954,-0.00243429419021881,0.00561040627638136,-0.0193800172982281,0.00342299923914319
gen=1_member=321,func,0.002164920866886,-0.000681017604137496,-0.00123610125206684,0.000750004923542234,0.000203699185868677,0.00142819186511265,6.1684252832012e-05,-0.0010094972965394,-0.000948379863065503,0.00417339237914414
gen=1_member=322,func,-0.00240878000842505,0.0029637224484971,-0.00387737739529625,0.00573464101772797,-0.000821822567151935,0.00236576040169078,-0.000965554180956102,-0.003845136724751,0.00131042972281025,0.00889601676113674
gen=1_member=323,func,0.00329595523941169,0.00342846410804754,-0.00174929702786359,0.00867010495667603,-0.00436712337458269,0.00554943121245068,-0.00160056695752044,-0.00285885537343567,-0.00720511819395487,0.00491593834446214
gen=1_member=324,func,0.00227536976832564,0.00417177007335985,-0.00143228301003864,0.00275165147901188,0.00254773993988063,0.00204340926064823,0.00337005060149165,-0.00180781059670768,-0.00152534125798456,0.00132478361894435
gen=1_member=325,func,-0.003704554013726,0.00603232939292524,-0.0036763034668875,-0.00674336255299577,-0.00425511998120093,-0.00264567774960563,-0.00916831889849549,-0.00702341427893857,-0.00171019009214083,0.013035425395541
gen=1_member=326,func,0.00641423498488539,-2.19215317412369e-05,0.000469459213269221,0.000783903916776434,-0.00526523271655877,0.000970376666522813,0.00120192405846669,0.00331023359501229,-0.0103424991153869,0.00444839953325876
gen=1_member=327,func,-0.00102808331945266,0.000763847901062832,-0.00391233055551594,0.000541343436999864,-0.000562348836230327,0.00467987934543494,-0.00155954573705607,-0.00359655045441042,-0.00175108573793814,0.00634428351366921
gen=1_member=328,func,0.00396436407899884,0.00123841184560618,-0.00618365146127536,-0.00141539015014834,0.00732136821703881,-0.00202749800821663,-0.00468622188967803,0.0129526862011402,-0.0170476426010497,0.0114644536089735
gen=1_member=329,func,0.000638849552821412,0.000890127164107837,0.000249394939061992,0.00133847678675798,0.000839648350544426,0.000147815059252273,-0.000837971427565693,-0.000468357806449781,-0.00129946737899577,0.00104200871008624
gen=1_member=330,func,-0.00112376811147911,0.00537195095955612,-0.00046764754677752,0.00231620738118868,-0.000218088241230537,0.00280935328714445,-0.00342109456819206,0.00672940314551107,-0.010623087576562,0.00556002153198397
gen=1_member=331,func,-0.00483992969257517,-0.00494526520311491,-0.0039998824794371,0.000293762489668403,0.00808795544303343,-0.00663507465785244,-0.009070862629514,0.0114657725284157,-0.0126655038094626,0.000686583234742833
gen=1_member=332,func,0.00190893460010257,-0.00290453980169493,-0.00530089679451439,-0.00146183702607802,0.00492926558515002,0.0017962543415298,0.000980865114391981,0.00225488745319676,-0.00440197942156069,0.00809290568439123
gen=1_member=333,func,-0.00436265786529574,-0.0060459893921177,-0.0098739843781421,0.00050598780946296,-0.000352146091079566,0.00336294344332953,-0.00517690517486472,-0.0104451037788339,-0.00603324436301969,0.0123077370418733
gen=1_member=334,func,0.0010221557089729,0.00122744781378972,-0.00124996967638793,0.00205336748364139,0.000890436024072443,0.000556775113119886,-0.00103488158075414,-0.00238988516796566,-0.0012400413473676,0.00237041220412053
gen=1_member=335,func,0.00667542742005713,0.00745680931854577,0.00411567665188338,-0.000379802576529551,0.00489656229515918,-0.00534417552963371,-0.00695281063795086,0.0061011570750805,-0.0149712278213992,0.00332631525016968
gen=1_member=336,func,0.0174431833491298,-0.0134725420449453,-0.0450657429505368,0.0125886361250852,-0.00769128409363567,0.0190590319594905,-0.00359464955490969,-0.039424353068371,0.0204710575236792,0.0189830453838037
gen=1_member=337,func,0.00516611693120722,0.00149025660347284,-0.00617678718444471,0.00478757899358458,-0.00407388786677557,0.00626375863793557,-0.00416054034444984,0.000723047165114678,-0.00279545364022122,0.00868536043736681
gen=1_member=338,func,0.000951556048368088,-0.00142737970651272,-0.00455313532053287,0.00346761703254289,-0.000501536129930441,0.0010182722661111,0.00213599208834557,-0.00174880978450847,-0.00479190134565086,0.00311438709593932
gen=1_member=339,func,0.0050626100658395,-0.00406960238890838,0.00463779005500373,0.00146615506792074,0.0035101056777673,0.00124077917586019,-0.00500566183453906,0.00382246002153757,-0.00410413527229661,0.00936029519812757
gen=1_member=340,func,0.00158973210835959,0.000140817681147863,0.000828641097747043,0.000449679363030763,-7.84556293408318e-05,0.000497038095903832,-0.0014833841844604,0.0034737415607923,0.000267936808212241,0.00115977187364757
gen=1_member=341,func,-0.000922271740352731,0.00829704216232342,0.00223054049660296,0.00574014586867771,0.0115467620429063,0.00475112683449507,-0.00639793254355814,0.00672636948566582,-0.0136265474062708,0.0098653083814709
gen=1_member=342,func,-0.00304621537064143,0.00107548002552268,-0.00243642599689664,-0.00102950723022128,0.0105229745960074,0.000272401852252866,-0.00559502648376545,0.00540708622392999,-0.00580674654512093,0.0123686991119693
gen=1_member=343,func,0.0035422288435692,0.00218578449647186,0.000349157570783251,0.00153645140760955,0.00424091432766477,0.000435501241936612,-0.000542166345900051,0.00343149421505923,-0.00542810897032739,-0.000538495941516624
gen=1_member=344,func,0.00191312792639305,-0.00282740655573205,-0.00481048546796001,-0.000518053264849498,0.00457370865791656,0.00450526799006045,-0.000809366114091851,0.00420501896809308,-0.000389377318128464,0.00855468077935015
gen=1_member=345,func,0.000546340344644091,-0.000745083796825742,-0.00072463644450171,-0.00303279936868896,0.00057082102415405,0.00273428478305387,-0.00277719135718008,0.0100581333989133,-0.00310219136542084,0.00365477747539125
gen=1_member=346,func,-0.000622993739082146,0.00170891406030351,-0.000645553005422982,0.0018403611995078,0.00195689195429557,-0.000360065969209345,-0.00191579275838726,0.00145087922210939,-0.00439277974531829,0.00484881826992228
gen=1_member=347,func,0.00445450567882705,-0.00314472207604819,0.00249619824390888,-0.000795477130503521,0.00446943303190929,0.00298112219561248,-0.00836491901219276,0.004784959386189,-0.00772878386420609,0.0108273085451147
gen=1_member=348,func,0.000978564863910489,-0.000485404905770315,0.00280850829220968,-0.00427204101096511,0.00323279165683388,0.00149112620535053,-0.000591134833069569,0.0064941266898495,-0.00278893875400107,0.0107455308075004
gen=1_member=349,func,0.00664136213532074,-0.00484307743636672,-0.00506237247558318,0.00623265441226391,0.00670162847655605,0.00355231480612051,-0.00781542513299415,0.0114731431141362,-0.00833419841321727,0.00746868423154346
gen=1_member=350,func,0.00261210299517264,0.00116803290146793,-0.00464943156493614,-0.00166481485883823,-0.00353599604116173,0.00438135110100995,0.00086677821832926,-0.00255750766687745,-0.00362604925692105,0.00437993987414491
gen=1_member=351,func,-0.00375983820287332,0.0101121238782263,-0.00424441775986157,0.00407348142953635,0.00442647826492065,-0.00138951521961701,-0.0100141741291788,0.0122940788981752,-0.0166471579220235,0.00638069288247291
gen=1_member=352,func,0.000627458005831452,2.28728770229726e-05,-3.91286266554394e-05,0.000460497174478093,0.000426880774476988,0.000640420772537282,0.000505999672057451,0.000135210999671604,-9.35221747599192e-06,0.000910484569179014
gen=1_member=353,func,-0.0128644697211686,0.0338576585021797,-0.00992044706012215,-0.0219650063277286,0.0558545224923807,-0.00520841174391674,-0.027194042246887,0.0182577303769299,-0.0400376911115168,0.0169279839560371
gen=1_member=354,func,0.00155701118799626,0.000523545273768244,0.00511557386237141,-0.000523685756934585,0.00563370665291008,-0.00410927319342757,-0.00832262355881858,0.00440262411144465,-0.00374536287064174,0.0117959640963163
gen=1_member=355,func,0.00305452321773623,-0.000815169098773751,-0.00183741781636774,0.000127909562151986,-0.000682113997354541,0.00252145993385719,-0.00243062047234168,0.00132358876376214,-0.00304119727022523,0.00323574072809073
gen=1_member=356,func,0.000916161336211369,0.00191472707237622,0.00103936552612387,0.0021955761551732,-0.00124644293406983,-0.00273729703177127,-0.00221159913053377,9.91815262915961e-06,-0.0042264586856014,0.00473014669062465
gen=1_member=357,func,-0.00196883843261348,0.00130491002588272,-0.00587344615052007,0.00644464061269007,0.00030838572007805,-0.000257509236538769,0.00331113646393674,-0.00466409336250134,-0.00426397462843913,0.00542504326924886
gen=1_member=358,func,-0.00744621327293319,-6.11236907427962e-05,0.00269800610156459,0.00469166131033221,0.00896745362766039,-0.00604338770809575,-0.0193952762989825,0.0300081130263671,-0.017651176902134,0.0178845525334546
gen=1_member=359,func,0.000344828785722261,0.00121829083273078,-0.000228504582627171,0.0015857680456958,0.00118146538832595,-0.000390301646793361,-0.00379675951721165,0.00892676326397245,-0.00681117506704423,0.00418251454615203
gen=1_member=360,func,0.021736703665622,-0.00933251639078425,0.00103406882492101,0.0134185215559617,0.0170511710190623,-0.00541103221363456,-0.00878361472619311,0.0162097051421802,-0.0157166734184983,0.0116807536381145
gen=1_member=361,func,-0.0076038207201267,0.00154282802755053,-0.015305626278174,-0.00213705731521574,-0.0280816194583365,-0.00188716877368153,-0.0127650122360944,-0.0187319821841325,0.00396120232258181,0.0106377517547776
gen=1_member=362,func,0.000818025516388367,0.00994284325132058,0.00552072252967642,0.00346474206211119,0.00369095201058354,0.00338969500604697,-0.0039592322055222,0.00520830341477824,-0.00754251297604449,0.00483927726047552
gen=1_member=363,func,-0.000950049310634718,0.00131559687755528,0.000559217248291242,0.000864701347392742,0.000811157490627093,-8.49771274313042e-05,-0.000836115399110258,-0.000366948036314047,-0.00180250742176034,0.00203367670409201
gen=1_member=364,func,0.000462467162829064,0.00171838049926736,-0.00416848190467961,0.00195871539869939,-0.00171259865187345,0.0031472702499098,-0.00265782653830227,-0.00522036603852606,-0.00118163889493655,0.00744592368920379
gen=1_member=365,func,0.00346035958208187,0.00374548993473159,-0.0115733072210846,-0.000960559069732796,-0.012667861032118,0.00572586342048506,-0.00262631241452939,-0.00726787006143214,-0.00318995230072344,0.00702702603696933
gen=1_member=366,func,0.00442446979934754,-0.000971196396947285,-0.00152971426000128,-0.00199979850656271,0.00155395125397334,-0.000487733088208923,-0.00263724136509688,0.00193864823378838,-0.00428793868954393,0.00227680507544466
gen=1_member=367,func,-0.000752470627342352,0.00299331990752448,-0.00380167754172929,0.0021063054629039,-0.00127713472145585,3.02603474732246e-05,-0.000218600223865547,0.000509331736255433,-0.00631262527898645,0.00406508665572552
gen=1_member=368,func,0.00123636533647679,0.00066388292364431,-0.000302092643968509,0.00154734669213495,-0.000434174896754662,0.00102255714331936,-0.000236951439685085,1.20589792721462e-05,-0.000209959249530148,0.00258635304002934
gen=1_member=369,func,0.00109167805870366,0.00215248632309058,-0.00133843000207454,-0.00139295435810705,0.00264582569414556,-0.000100395515888141,-0.00202468520104749,-2.20924508138995e-05,-0.00340429189026089,0.00249292933235594
gen=1_member=370,func,-0.000580293786582146,0.00137548783951863,-0.00359513947150684,0.00270992493482354,-0.00113300420465905,0.00134877046468076,0.00121241255760442,-0.000969878626773634,-0.00390876956024688,0.00308470292724556
gen=1_member=371,func,-0.0020667409650112,0.00504046800276822,-0.00209558244262646,0.000432104201745225,-7.78548528590489e-05,0.00291556636677566,-0.010655447584207,0.0036568670224937,-0.00927855407317903,0.0101555776025206
gen=1_member=372,func,-0.000650711776240521,0.000864734982932398,0.00366078455156312,-8.16744458102987e-05,0.000719661149859421,-0.000102955300470205,-0.00224637608945686,0.00846412842875301,-0.00104234492207421,0.000598141238180147
gen=1_member=373,func,0.00298807364908712,0.00137962819210442,-0.00110698918358165,0.000260233115697974,0.00339924635267643,-0.00174811899584132,0.000928438779851601,-0.00121958387663263,-0.00223033141668233,0.00551914361688158
gen=1_member=374,func,-0.00830069264307074,-0.0100381839305862,0.0137447281355659,0.00428287896208391,0.0131856454768026,-0.00938543014425827,-0.0194109839356039,0.00936496870652243,-0.0185906026834283,0.00812253613041224
gen=1_member=375,func,-0.00300212813419427,0.00243202997588012,-0.00539609947649655,0.00147306496574814,0.00860762302424723,0.00529636640652315,-0.0139777749115177,0.0109245156040195,-0.00704652693191513,0.00670035346599686
gen=1_member=376,func,0.000845624290583757,0.000927333410813635,-0.000388626528427052,0.000523107701974071,-3.36327745827851e-05,-5.92593824160582e-05,-0.0015411630427527,0.00149821165588423,-0.00108185084126346,0.001705071079956
gen=1_member=377,func,-0.00328097466069907,-0.00626196606230803,-0.0051177927418488,0.00395157752399736,0.00185053940685534,-0.00306848905923081,-0.0150196958184703,0.00662391472883064,-0.0130699913255452,0.00936172379141876
gen=1_member=378,func,0.00871878193389676,-0.00137229592275727,-0.000552798335714394,0.00415074833444116,0.00106664684059557,-0.00339997331612258,-0.00602328478417358,0.00439849006525157,-0.0113966591734199,0.00664051918617424
gen=1_member=379,func,0.0284929321896548,0.00789058908918243,0.0134100308010255,0.00479704889671927,0.0021115450010546,0.0067815546072395,-0.0218058304002305,0.0346168223028309,-0.0303560032766576,0.01676930446081
gen=1_member=380,func,0.00209769547379185,-0.00304100994057068,0.00279689893741476,-0.00381039889087378,0.00261750929994031,0.0025892292018768,-0.00684220118886053,0.00120091263620362,-0.00106938167541128,0.00781695826482542
gen=1_member=381,func,-0.00103813800855482,0.00156895278197702,-0.000905218802375201,-0.00183115171180867,0.00205595253387493,0.000246176697352271,-0.00300465935446407,0.00268542149029963,-0.00570358837072372,0.00403345804961553
gen=1_member=382,func,-0.00118152150166947,0.000843551501265431,-0.00281873545281944,0.00151257050256841,0.00247485686638646,0.00101345046587587,-0.00482881868857489,-0.000183079207196352,-0.00375573828833632,-0.00172278317863583
gen=1_member=383,func,0.00408543592650959,0.00183015298811168,-0.00693561921923824,0.00175179515204611,0.00181490644112667,-0.00127388093032879,-0.00403247387729669,0.00440855082283182,-0.00867692059848923,0.00534470504785506
gen=1_member=384,func,0.00277066700394193,0.00596549704196107,-0.00120828690675485,0.00523499034898826,0.00616481768951218,0.00636623095928032,0.00522593727031053,-0.00043320261317942,-0.000198716754615271,0.00124991817160516
gen=1_member=385,func,0.00220193687698144,0.000321254591302848,-0.000452002178884616,0.000696072311155227,7.79326885793171e-05,0.000506163925904474,-0.000557951564245914,0.000281589209084911,-0.00111454427892349,0.00146810087056847
gen=1_member=386,func,0.00188479853120209,0.000126919198534411,-0.000309334266627785,-0.000164281581387579,1.78707834713639e-05,0.00142900875394838,-0.00188195350618574,0.0014193468212236,-0.000763390695979961,0.00214760768337734
gen=1_member=387,func,0.000716944780510836,0.00194146539905796,-0.00294356587714189,0.00143667668736653,0.000412793307714694,0.00140127106707881,0.0020168616724777,-0.00035197846809803,-0.0033123650864938,0.00827937950050722
gen=1_member=388,func,0.00195833296622842,-0.000678795372441946,-0.000729970697830925,0.001805887027567,0.00079618582030904,-0.000627872283633411,-0.00175910128298747,0.000814774601090241,-0.00201844595393144,0.00245826654737539
gen=1_member=389,func,0.01046028087285,0.00782043018845973,-0.00359471812377642,-0.00124884839793775,0.000295170583146508,-0.00490144158302618,-0.000927325575709863,0.00244849943154628,-0.00659112882318531,-0.00430122164320683
gen=1_member=390,func,0.000779799102987334,-0.00442165210389986,-0.00918989985061236,0.00559540121189042,0.00168890302776373,-0.0018979078521713,0.00110480775546269,-0.00216572968226737,-0.00673485860766429,0.00457706518056375
gen=1_member=391,func,-0.00529150789960452,0.00116480785131722,-0.0105625464546349,-0.00211779953150036,-0.00254624846993623,0.00243360008370286,-0.000766537477274368,-0.0097730779547787,-0.0013103822382341,0.0126614816375988
gen=1_member=392,func,-0.00145564099635989,0.00393134580439251,-0.00234140477680159,-0.00564859816183417,-0.000468971740822834,0.00180396268443054,-0.00682528115866989,0.00384754389932552,-0.0171248129636776,0.0061319008017631
gen=1_member=393,func,0.00583317930236671,-0.00384970449202702,0.00342453048190231,0.0037226581698214,0.00363236024929517,-0.00602545306906712,-0.00763422098474507,0.00639801690154983,-0.0103463231329404,0.00847218348161901
gen=1_member=394,func,0.00364480808133146,0.0068599330599254,0.000380836819272343,-0.000972765073632356,0.00357838844670225,0.00206371126450166,-0.00173023521487653,0.00200561893910744,-0.00574212291949135,0.00496104599448414
gen=1_member=395,func,0.0103800809552416,0.00721914014286418,0.00144493181825658,-0.00753080963920304,0.00335389002280257,0.00765293601520372,-0.00786306293512335,0.0086475421343781,-0.0101927434344059,0.010250382771696
gen=1_member=396,func,-0.00177790146904029,0.00274699244066694,0.00146796549479023,0.000103252336607232,0.00277493473357583,-0.000298948144612105,-0.000431225651459123,0.00393231307673382,-0.00366446447887839,0.00112303718366257
gen=1_member=397,func,0.00384380563800132,0.000589127222133105,-0.000356116619217011,0.00317855163383331,0.00159309905109596,0.00221758992950468,9.98341403237449e-05,0.00277830083044982,-0.00124231473715111,0.00583063747046526
gen=1_member=398,func,0.0113899996866642,0.00301323634276783,-0.00456130598676456,0.00368755686534154,0.00525920774041757,-0.00192734434087294,-0.00891858230993151,0.00147048575532629,-0.0113452330799039,0.00784988188094855
gen=1_member=399,func,-0.000916958298492097,0.00315382078168736,-0.00178900594889699,-0.00322127279855549,0.000753236815400372,0.00195546354478496,-0.00376682250859741,0.00335287076042064,-0.00655800297695656,0.00763408166941477
gen=1_member=400,func,0.002923465716807,-0.000531960004881471,-0.00262562310708984,-0.00437654810477493,-0.00283238620995242,-0.000527735458744302,-0.00492631439299705,-0.00956325090324377,-0.00599788737182642,0.00419273040087147
gen=1_member=401,func,0.00909942688203187,-0.000575302674091278,0.000257367240595199,-0.000444149138226161,0.00766449867259984,0.00558381932911722,-0.00233157202072363,0.00805072292729021,-0.00719916898361344,0.0104866251745758
gen=1_member=402,func,0.000270264772148606,0.00105299603385329,-0.00279271209319031,0.000371439388265927,-0.000471496358559847,0.000705569655000079,-0.00124693618402301,-0.00213188206465044,-0.00033072749425485,0.0039571515913102
gen=1_member=403,func,0.00431676534512272,0.00291139564448824,-0.00408307526846059,-0.000122296648097203,0.00246818909267294,-0.00117949780022873,-0.00195116444557517,-0.00116662981373098,-0.00199902395194212,0.00203698233549612
gen=1_member=404,func,-0.00107303725718887,0.00112948922213767,-0.000520651301149722,4.50704880129716e-05,1.6362329082115e-05,0.000173723966215188,-0.0010044537143975,0.00178128946175314,-0.00163953594081236,0.00187116693978528
gen=1_member=405,func,-0.0082970614433606,-0.00459870381057588,-0.0160561032081078,0.00872472431674862,-0.00673244519546834,0.00364383300753455,-0.0048066585599255,-0.0166933062009807,-0.00702084860188518,0.0182456726216644
gen=1_member=406,func,-0.000690933226883554,-0.00239278313802614,-0.00640192523136385,0.0015840247822605,0.001265070895859,0.00241634968934493,-0.000182620901802754,-0.00376622715070494,-0.00252507508882511,0.00472919750600441
gen=1_member=407,func,0.00613660987818032,-7.07472176114733e-05,0.00959444624421655,0.00266302494437803,0.00994248813614705,0.00821582522055758,-0.00757559753617202,0.00761647906660962,-0.0101037858079308,0.0153536072634787
gen=1_member=408,func,-0.00117999807061382,0.000205754658045945,-0.00616993324207551,0.00408019114966147,-0.00143403528054862,0.00114931847571467,-0.000822940805045025,-0.00510922344065204,-0.00151215351755627,0.0101483098234569
gen=1_member=409,func,-0.00207902685417744,-0.00578358680848185,-0.00491205059065896,0.000236071770746819,-0.00090635339625509,-0.00282717698106775,-0.00554545869572481,-0.00552482021092483,-0.0050804946493493,0.00435457157484272
gen=1_member=410,func,0.00277478400097382,-0.00111412830830879,-0.00171901096646119,0.000592052329230279,-0.00239404113480436,0.000608149408405065,-0.00231371694089109,-0.00582044252700344,-0.00235803552380337,0.000893102960705118
gen=1_member=411,func,0.00804905541778139,-0.0125398904451388,-0.00521936164207329,-0.0141844013401831,0.00500027497813549,0.0127910729635051,-0.0063351763505071,0.00759117539715168,-0.0299679323298384,0.0098237031655396
gen=1_member=412,func,-0.00188743272362936,0.0026721549858986,0.00050842778054759,-0.00124357583283537,0.000222055205811244,0.00201237233173203,-0.00243257027122437,4.29427699616769e-06,-0.00193038636280366,0.00611285027272162
gen=1_member=413,func,-0.000320399440163996,0.000451029554289249,-0.000453327607217745,0.00159915909034027,0.00273036234155871,-0.000915599900060182,-0.00169363022515995,0.000126128559567666,-0.000785056145768539,0.00401037426514623
gen=1_member=414,func,0.00409090790269649,7.35693569598084e-05,-0.00452821902545049,0.00349393932453305,-0.00358257152969369,0.00261428362630912,-0.00374571305376222,-0.00195371393045929,0.0014758789096282,0.00799972378377554
gen=1_member=415,func,-0.000882972357195396,0.002644476503517,0.00189999471377751,-0.00143843333467605,0.000710719426880682,0.00117054048111961,-0.0012899599966412,0.00178217078167805,-0.00424960546829969,0.00396172840306858
gen=1_member=416,func,0.00267029012461765,5.96117281484188e-05,-0.00239483018156052,0.00133988789686356,0.00216264460775836,0.00305739951860827,-0.00282322120851444,0.00360755211076539,-0.00878818900049423,0.00201426758977822
gen=1_member=417,func,0.00108167902867244,-0.00205013480065354,-0.00721249552241976,-0.00479512429527375,-0.00341866959484436,0.00663476952475099,0.00458661471065376,-0.00131943499976439,-0.00848497468844957,0.00339939636710377
gen=1_member=418,func,-0.00263006406724751,-0.00291020572541945,-0.00145514606866936,0.00140100767374895,0.0107883457055457,-0.00464919338088605,-0.00896569314246784,0.00512824489293687,-0.00565905327446166,0.00402875906980479
gen=1_member=419,func,0.000428528779603506,-0.00345652984633515,-0.00348477245058973,0.00676897274795015,-0.00555621348153379,-0.00156306869027658,-0.00307638078097517,-0.00870683832001887,-0.0039880589996474,0.00900066798553166
gen=1_member=420,func,3.60624190683555e-05,0.000130945133335061,-0.0047298988454418,-0.00192540133457345,0.00207173955680836,0.00302115243400075,-0.00125466160483338,-0.00365760061328367,-0.00286485872035752,0.00553453234909742
gen=1_member=421,func,0.019698374817574,-0.00221325584378305,0.00993364577750066,0.000433634628590748,-0.002931797876438,0.00455803044091955,-0.0190956674085282,0.0165420033448753,-0.0146053886201149,0.0102624601697791
gen=1_member=422,func,0.00328077407463119,-0.00157556551819898,-9.5482593432554e-05,-0.000166094435880447,0.00493447956788552,-0.00296386982162536,-0.00152405097054395,0.00390035315766694,-0.00616643645592429,0.00928647276361399
gen=1_member=423,func,0.00112484651913086,-0.00313111353024756,-0.0019183082079035,-0.00160173509290884,-0.0017841001851421,0.000297394404211508,0.00441479098120528,-0.00490755975716196,-0.00637522203356896,0.00982735601545219
gen=1_member=424,func,0.0016572737802902,0.00332784802908126,0.00099230806562209,0.00337050636649902,0.000453872712373256,0.00276775954396025,-0.00394532362441985,0.00347798253893358,-0.00643459024177904,0.00592294267028243
gen=1_member=425,func,0.00124886250040891,0.00219965139496416,-0.00186496360332437,-0.00116577177358203,-0.0025510381842568,5.19223001946401e-05,-0.00150848113370693,-0.00372694272141854,-0.00114439712179125,0.00627913205360987
gen=1_member=426,func,0.00297111513062506,0.000671002957349517,-0.000157032315201032,0.00289355690985801,0.000502254009548357,0.00334865151587771,-0.00544694493733573,0.00407281414062004,-0.00606051085662129,0.00562113899935531
gen=1_member=427,func,-0.001197880891069,0.00134898650013216,-0.00177901913343546,-0.000876821750418095,-0.000289439268771197,0.00177919080507464,0.00196472320932326,-0.00235064051459087,-0.00193589838406697,0.00614055620501174
gen=1_member=428,func,0.00576706198897772,0.00236890153707718,-0.00266033803029826,2.29985023031596e-05,0.00219027354214986,0.00117511414014601,0.000212084914587038,0.000511794819538252,-0.00144041088287668,0.00414197310096559
gen=1_member=429,func,-0.00661211107605596,-0.000398570331604236,-0.00703382694424665,0.0113130024956317,-0.0144585360862792,0.0181440264748441,5.96405005416875e-05,-0.0137926523712256,-0.00394008092321337,0.0116971493326324
gen=1_member=430,func,0.000721750422352191,0.00102303929735395,-0.00211847941114293,0.00140816354101146,-0.00145354203545892,0.00153816447163592,0.000818764685062717,0.000563827061061719,-0.00154423297768025,0.00197226498718026
gen=1_member=431,func,0.00906153677709944,-0.00348863422781699,0.00196185311187595,0.00652428818066042,0.00563117366536269,-0.00238334334542976,-0.0109760678846482,0.00649418669952577,-0.0142398219259323,0.00882854701806755
gen=1_member=432,func,0.00507750168820568,-0.000832694773477131,-0.0024953874247682,-0.00171039593807501,0.000813543619384557,-0.00111293345729491,-0.00616675280884185,-0.00125749426600589,-0.00471869213815815,0.00322001287116624
gen=1_member=433,func,-0.0013252179649343,0.00153210567281688,-0.00196263300233522,0.000775420438192798,0.00170331938485723,0.00126818420655466,-0.00114172014358969,-0.0026334084255325,-0.00141007775288513,0.0016873087970539
gen=1_member=434,func,0.000361187009461666,0.000125883216274011,-0.00114842430920058,0.000769275080976198,0.0013928590242224,-0.000526239207615184,0.000414399742640622,-4.1992638095568e-05,-0.00132999944666609,0.00221911785662347
gen=1_member=435,func,0.00245501542741555,-0.0034440198099001,-0.005109003559846,-0.00427023317627733,0.00557665378917629,0.00232011388665168,-0.00292586946743918,0.00370574476897744,-0.00250163524795162,0.00523762492477983
gen=1_member=436,func,-3.03333330473363e-05,0.00198596467554193,0.000899871915802763,-0.00373575058640839,0.00532368855289017,0.00129750953728105,-0.00116687009315027,0.00155129683579268,-0.00637374229022492,0.00544514005864528
gen=1_member=437,func,0.00337375054147457,-0.00185314073670936,-0.00287559754970694,-0.00135704270255062,0.000668205130335745,0.0016796320964127,-0.00858954107071901,0.0040972457438941,-0.00596292992184973,0.00462086619284501
gen=1_member=438,func,-0.000364409165276523,0.00208008010517619,-0.00197174140514433,0.000133188416480377,0.000905672472235947,-0.000156221267060033,-0.00148422362574682,-0.000178934939813143,-0.00195389166661625,0.00527694642803674
gen=1_member=439,func,-0.00270695516995821,-0.00540017899910093,0.00090803706185051,0.002693982588132,0.00829977764789333,-0.00259667118513019,-0.0042629473400862,-0.00179423095495287,-0.00413989642853454,0.00448971435553459
gen=1_member=440,func,0.00730021225765497,0.00541196683523432,-0.00343258787213452,0.00680325077851781,0.00817658697612715,0.0064198724245456,-0.0104267493817992,0.0080072574031995,-0.00995919824702138,0.0157434576347745
gen=1_member=441,func,0.00358183058634934,0.00217259575641343,-0.00208101416253466,0.000539816643832632,4.85887319328013e-05,-0.000452289599692336,-0.00332530619758275,0.00309021095849054,-0.00494577670341717,0.00364936680390096
gen=1_member=442,func,-0.000507382843375457,0.0016056927088926,-0.000477151036220037,-0.000491612455650818,-6.21962747816112e-05,0.000379292367562922,-0.000822072613577315,0.000803813312809399,-0.00149527701713568,0.00150532743517767
gen=1_member=443,func,-0.00260735498683903,0.00503113425489288,-0.00730510847504275,0.000932573638508182,0.00574342127578298,0.00626437231243721,-0.00628008424070003,0.00128240942063006,-0.0012539240859923,0.00701585511245415
gen=1_member=444,func,-0.00118210022435606,0.00235659733315568,0.00148730579765651,0.000951337190161137,0.00174268133198352,0.000323070616206326,-0.00182165008376291,0.000652423679760892,-0.00471584551986467,0.00298355050138231
gen=1_member=445,func,0.00735966944325131,0.00226139097834004,0.0213568877899103,-0.00746761426627984,-0.00287613912742289,-0.00239952230234743,-0.0119972404658975,0.0127476673361955,-0.0378819720541326,0.0168331933930273
gen=1_member=446,func,0.00871249328587827,0.00376247853160815,0.000893698241092899,0.00202897351896559,0.00249164314057846,0.000500893735348938,-0.00268410902176764,-0.00289681332220613,-0.00511964451912479,0.00444913657118861
gen=1_member=447,func,0.00104303124747607,0.000886697412984223,-0.000517915397832608,0.000786989512993479,8.79110573002554e-05,0.000427895372542994,-0.00146417395589159,0.0011440367833986,-0.00132845491083442,0.00209048949166532
gen=1_member=448,func,0.000870199627787434,-0.00194767613235608,-0.000290651594349724,-0.00270958295571086,0.0047177370994691,0.0025129384180773,-0.00130316795079043,0.00350560506852576,-0.00196086626893777,0.00564152776299223
gen=1_member=449,func,0.00862244401348732,0.0054603103605325,0.0106861685062524,-0.00995289541947563,0.0155105082261011,0.00152834459563624,-0.00531175632817489,0.00484880572552853,-0.0186280050584477,0.0116733716148491
gen=1_member=450,func,0.000276510192452889,-0.000914967794527071,-0.00377005256925556,0.00232219525297822,-0.000180027858851346,-2.24287919497023e-06,-0.00150244314658284,-0.00289853280186279,-0.00181804259216015,0.0047174860720048
gen=1_member=451,func,-0.00032862796503599,0.00540779626914062,0.00114039995634282,-0.00129003392109027,0.00606857795316701,0.000732214394102885,-0.00268513034895501,0.0072242334630703,-0.0228029927521219,0.00764426580257132
gen=1_member=452,func,-0.00515506615910535,0.00858261247223533,0.00460886490096933,0.00831139710145792,0.00237316223091543,0.00167814984911327,0.000633048436962211,0.00200300911286981,-0.0146073934556442,0.0104130491344222
gen=1_member=453,func,0.00156380078160796,-0.00225234891700249,-0.0124375919669893,0.0129354574110617,-0.00547456280449209,0.0121671590825847,-0.00297794936784126,-0.0136257047313036,-0.00794123468763192,0.0129187192763605
gen=1_member=454,func,0.000482686490184167,0.000979847486231373,-0.00108490216658576,0.00176538086110686,0.00295644237418187,0.00205770916680998,0.000446630902205171,-0.00117091812124539,0.000567788461314489,0.00164212500921381
gen=1_member=455,func,0.000415911194616035,0.00016471891964076,0.000288509033816265,-0.000487242524921314,0.00115280249914935,0.000878078476734391,-0.000858661242018982,0.000279234280775219,-0.00334950543811519,0.00416875975221963
gen=1_member=456,func,0.00836789576304032,0.000150796047808581,-0.0042468355233277,-0.00355060810379167,0.00471324258237983,0.00373093894934855,-0.00953582611328794,0.00488202186727939,-0.00844061769971946,0.0040848717645097
gen=1_member=457,func,0.0106511529003619,-0.000299761700567654,-0.00491633716052202,-0.0090967526582457,0.0165201101650212,0.00436427177692301,-0.00335236150578976,0.00831297916865279,-0.0123300522786486,0.00919620391590191
gen=1_member=458,func,-0.0040531353696774,-0.003325844167246,-0.00699419121857271,0.00603483296875196,-0.000910111666065205,-0.00301356500108626,-0.00178238932467583,-0.00782178493345919,-0.00387358219797095,0.00428978468674158
gen=1_member=459,func,0.00475516276306617,0.00857534270348369,-0.00659464966734664,-0.00655596753580413,0.0243795116178629,0.00905117565890362,-0.0198370226281241,0.0201763560369658,-0.021995028740962,0.0154994921038757
gen=1_member=460,func,0.000707384880951513,-0.000691166369871729,-0.00190732246495602,-0.000174893141596319,0.000624940659072302,0.00151396182908858,0.000288878678979481,-8.70253613390263e-05,-0.00157775679225816,0.00185322699496849
gen=1_member=461,func,-0.00288538485138855,0.000654722450722181,-0.00409920623038987,-0.00407097829973918,-0.00434373780374355,0.00551497394507173,-0.00467244181175735,0.0070097610668126,-0.00781849006136082,0.00213902928867189
gen=1_member=462,func,0.00490324117064949,0.00058105247046475,-0.00148394584893703,0.00428964189393361,0.00333735636192297,0.00603412548991384,-0.00577778887066772,0.00879946144621704,-0.00692680359920782,0.0130139947588312
gen=1_member=463,func,0.00489521234766524,-0.0033107341331434,0.0176008443953938,-0.0093725670644067,0.0201498785763032,0.00346533018105236,-0.0178755457714955,0.00525795187970197,-0.0190495608823703,0.0152179337432319
gen=1_member=464,func,0.00384049233310476,0.00199947835590925,-0.00232412501173081,-0.00201212676136345,-0.000240705459831718,0.00484383492216593,-0.00486020195925698,0.00279228504217378,-0.00118167488099478,0.00570328350611362
gen=1_member=465,func,-0.000348234102070068,0.00253447150519081,-0.0016831638089239,0.000162933213681858,-0.0010778029303011,0.00107965798191607,-0.000483671123473056,-0.000987948185450241,-0.0014981434686068,0.0037277998503849
gen=1_member=466,func,0.000870586734696123,0.00123414731379037,-0.000954795533723837,0.0024289298995493,0.000433115913569858,-0.000776970949765043,-0.00287240160133332,0.000453998189326762,-0.00443712087243531,0.00490230813422008
gen=1_member=467,func,0.000426296876714445,0.00245828747957361,0.000542368827118893,-0.00245517515090826,0.00157306790229921,0.00343249554146168,-0.00401673038421449,-0.00170355983681477,-0.00143513605780873,0.00526618993678931
gen=1_member=468,func,0.000927647868517367,0.00292199368063859,-0.00143084558579612,-0.001175644352952,0.0012011222291442,0.00105542723846032,-0.00152599407583736,0.00123219395701168,-0.00306632893910864,0.000548693536269873
gen=1_member=469,func,0.00434871703787085,-0.0106221340444173,0.00232736412455092,-0.0143526459885019,0.038064358101044,0.0123993340708321,-0.00899871817227132,0.0129847280992545,-0.0305473254321549,0.0184021381148576
gen=1_member=470,func,0.00115083467428047,-0.00582871445201885,-0.00744728497831284,0.000841482243643463,0.00258049780229796,-0.000940151284439052,-0.00519775988644008,-0.00109820530823967,-6.44249116700228e-05,0.00661436769408964
gen=1_member=471,func,0.000777334297885051,-0.00184573706604253,-0.00415047281985649,-0.000189431216323185,0.00508017372256824,0.000376525772834998,-0.000528016874440728,0.00234399604788359,-0.00466105469080937,0.00236433923147708
gen=1_member=472,func,0.000463293810005698,-0.00166934641503181,-0.000229517038425715,-0.000927075493073134,0.0044699740549078,-0.00140879951381979,-0.0015297519259191,0.00175975551270211,-0.00202267943174391,0.00491784494068469
gen=1_member=473,func,0.0107647075614002,0.00139189598446411,-0.0106818182308097,-0.00103959732829975,0.00919487431376463,-0.00244362021818298,-0.00653446601225184,0.0222769732895966,-0.0174847778113555,0.0104038479334214
gen=1_member=474,func,0.000491330199844653,-0.00375910085248612,-0.00558408040070208,0.00351136149241433,-0.00120462907553956,2.67031327701486e-05,-0.0029299907462522,-0.00639826189231152,-0.00110821686770612,0.00862710740613081
gen=1_member=475,func,0.007990662509895,-0.00407117707499748,-0.00516798230116557,-0.00439729536446163,0.00391529246765863,0.00240932528996059,-0.0132727221725359,0.0105807499285529,-0.00668071124575581,0.00685943548411972
gen=1_member=476,func,-0.00197670101068707,0.00337514904474483,-0.000220667477732458,0.00202618229885996,0.000304517751044437,-0.00282065386190022,-0.000639785480922021,0.00631559530646812,-0.0120833749276333,0.00116548422532872
gen=1_member=477,func,0.00741257260103596,0.000898290524470592,-0.00235727069211117,0.0017056565039664,0.00724220801782855,0.00565866002769518,-0.0144651339380549,0.00582272780579598,-0.00953307828580795,0.0090763420394523
gen=1_member=478,func,0.013667619928851,0.0152711200422067,-0.0102015631457535,-0.0128565284863277,0.00719176704221951,-0.0108947136258739,-0.00770586106795322,0.0252152443583934,-0.0275107212684909,0.0310557497770322
gen=1_member=479,func,-0.00176921771550279,0.00178887667102937,-0.00434610146762535,0.000475892791459159,-0.0015646608399554,0.00325095871363415,-0.00189198161423468,-0.00297701303130767,-0.00194923667912691,0.00737823866709434
gen=1_member=480,func,-0.000646410242287249,0.00123390249922103,-0.0015553920455018,0.000624316692735214,-0.00030198764078475,0.000606660143319614,-0.000925314544678806,0.00322988776861784,-0.00234967058589363,0.00197526150763747
gen=1_member=481,func,0.00106725747459588,0.000844432349414505,0.000285806756251139,0.00145841359317668,-0.00034494353396006,-0.00189229368302239,-0.000792699819705825,0.00217547105944801,-0.00264380418728782,0.00304640104311847
gen=1_member=482,func,0.00394840128007545,0.000656451876867396,0.000479847924062123,0.00032966315105761,0.00163702498709682,-0.000922161659067497,-0.00647249432567244,0.00333907394202107,-0.00676399453965748,0.00573365951434877
gen=1_member=483,func,-0.012053964715371,-0.00736943401970948,-0.0300552489753612,0.012127928586139,-0.00478258159674038,0.00681589655492742,-0.00576748023794238,-0.02191380192429,-0.00435062954294698,0.0208177748033929
gen=1_member=484,func,0.00354650057813485,-0.00271251330783004,-0.00108484571249811,-0.00170951407365657,0.00228347499476792,-0.000852885723023566,-0.004382833683578,-0.00102040763662138,-0.00190407646932149,0.00032344482223355
gen=1_member=485,func,0.00341864760933887,0.00279029148152432,-0.00422163097811615,0.00269422115553848,0.00456891994962584,-0.000137727562401135,-0.00213236342270858,0.00659335507349678,-0.00898442315702619,0.00480715229836301
gen=1_member=486,func,-0.00322466865360049,0.00203142594193115,-0.00464024530067632,-0.00178166190778971,-0.00222473032039588,0.00598006672121571,-0.000726711432620055,-0.00387187869954044,-0.00269305964197864,0.00802197397718044
gen=1_member=487,func,0.00566229271648804,-0.00159075151455361,0.00375981218657343,-0.00057270520078766,0.0123395277327966,0.00051092353646447,-0.00462214322182015,-0.000389823018677701,-0.00496539786947234,0.00566421494748367
gen=1_member=488,func,0.0062281099049873,0.00354330177453592,-0.0010158389052212,0.0011917993563638,-0.000967972101247529,-0.00107341267888955,-0.00196843652292148,0.00475095538209557,-0.00507665283550591,0.00676277226098188
gen=1_member=489,func,0.00237971341736831,0.000751845925101475,-0.00131388826342556,-0.000333525366659117,-0.000607417764701793,-0.000555136640328096,-0.00116686472324184,0.00228273353661198,-0.00192499329173146,0.00144958894682917
gen=1_member=490,func,0.00163326519828149,0.00127510647017572,0.00207059912771406,0.00311150821557412,0.00162718146805432,0.00278915984975644,-0.00185083784777344,0.000578180760742047,-0.00484139903900371,0.00803946450156648
gen=1_member=491,func,-0.000769363471650421,0.00235741516987167,-0.00082021411052279,-0.0021632352544671,0.00354899543002999,0.000684374497668099,-0.00372581617702014,0.00236802487516724,-0.00229806585520679,0.00529222796480137
gen=1_member=492,func,0.0110026551923758,-0.0049644101426431,0.00537435368612692,0.0019089826915389,0.0106909462584844,-0.00124985654444435,-0.00680019771727923,0.00910116920059347,-0.00847246629136972,0.0169802195155321
gen=1_member=493,func,0.00386184635075037,0.00195684937529124,-0.0024495676484103,-0.000650281743442996,0.00187263411187332,0.00357944055678123,-0.000209100259637061,0.00166462438948872,-0.00372469249196463,0.00179448235141912
gen=1_member=494,func,-0.00360835124067077,0.00124732331965826,-0.010421253263646,0.00278790258776362,-0.00206258865247512,-0.00193328394677813,0.00201850488955707,-0.0062589154124059,-0.00758685539877848,0.00338438708672422
gen=1_member=495,func,0.0067188256698029,-0.00328354964461313,-0.00645256275415979,0.00722415561916825,0.00681622389426162,-0.00585406618490729,-0.00886309791224347,0.0139452849991189,-0.012739634582274,0.00548067268193765
gen=1_member=496,func,0.00117849198677957,0.00214595822285526,-0.00212296666094659,0.00141416398880671,-0.00109467717737438,0.000549970521460193,-0.00222297223618114,0.00604733294905725,-0.00189516694154486,0.00195801073187941
gen=1_member=497,func,0.000883276905014726,-0.0100534245703661,-0.0121543921508855,-0.00259666844139725,-0.0029924270424173,0.0083979681721771,0.00992756121028647,-0.00734652904964462,-0.00215025085023287,0.012874376172318
gen=1_member=498,func,0.00391820201554623,0.00434136516420488,-0.00129838006056163,-0.0029590226400506,0.000495493166947863,-0.000638851983292324,-0.000273158693578467,-0.00149722537607317,0.000136047193998131,0.00578932844541732
gen=1_member=499,func,0.00091463611019527,0.00287960850744079,0.0003986483073938,-0.000101599642344989,-0.000336513488916639,0.0012415298213107,-0.00484213543836858,0.00138900318463252,-0.00665428452059972,0.00482181191234761
gen=1_member=500,func,0.00620866969016406,-0.000978085649669335,-0.00224259497990759,-0.0025336723373961,0.000139694706705779,-0.00137787397753822,-0.00820020790409741,0.00304710718470067,-0.00870456009490086,0.00306157691597852
gen=1_member=501,func,0.00110958424748969,0.00072469171842308,1.2572164621074e-05,0.00097044154505511,9.37246886639737e-05,0.000559990030315373,-0.000550022496606098,4.18469701862776e-05,-0.001540883132933,0.00112926484272035
gen=1_member=502,func,0.002854737847064,-0.00207449884453551,2.47055376260637e-05,-0.00150256733176441,0.00235896853566526,0.00134307528568625,-0.000628463245815089,0.00363789262408507,-0.00424919650233377,0.000953945068041675
gen=1_member=503,func,0.00347694048083989,-0.00259148976602264,-0.00626025799040145,0.00213375558625183,-0.000750760885806416,0.000934603490864387,-0.00113631415169723,-0.00339573364929263,-0.00167877985735427,0.0054470724616589
gen=1_member=504,func,0.000992829619117011,0.00202418822114539,-0.0039648862034941,-0.00268934416919021,-0.00124848512071795,-0.000216146160011455,-0.0052006349480211,-0.00400489724074768,-0.00554124664694317,0.00381996424426473
gen=1_member=505,func,-0.00199681398493668,2.94414938271046e-05,-0.00713397575158355,-0.00202263504705459,-0.000654334660498653,0.00448266116912417,0.00239765289448761,-0.0023273721395924,-0.00394938975483846,0.0060936023652893
gen=1_member=506,func,-0.00708375248026848,0.00668918271445031,-0.0155800194103362,-0.00593369035433924,-0.0190318824736622,0.00872576783554483,-0.000509359088013931,-0.0109862886595625,-0.00341108256156504,0.0109635329336312
gen=1_member=507,func,0.00581366800276205,0.00594188689161751,-0.00458401985408411,-0.00388044170535984,-0.00105014968584034,0.00246616310041519,-0.00578535481169403,0.0120856833568311,-0.0124373291203721,0.00500597403708846
gen=1_member=508,func,-0.000339831390880928,0.00279840302033673,0.0018650947676871,0.00452333960589306,-0.00267854375871688,-0.00218694539566044,-0.00219879450649613,0.00796924856535871,-0.010977097209039,0.0196827056302573
gen=1_member=509,func,0.00161071576615963,0.00117467601286034,-0.00176071199980457,-0.000848525419638286,-0.000191710915002246,-0.00139500677775384,-0.00305577791569769,0.00263708463676608,-0.00920580988439893,0.00238081623464506
gen=1_member=510,func,-0.00211267413148329,0.00240086176710549,-0.00221519604587939,-0.0001839273393287,0.00151094625500006,0.000933871056221743,-0.00116620601002434,-0.00276620116972177,-0.0048275649269732,0.00199272796533513
gen=1_member=511,func,0.00489840839558683,-0.0029150443398724,-0.0017078730796922,0.00140684766016145,0.003023720611056,2.49939982066081e-05,-0.000791010391066679,0.00415696491406489,-0.0042172907098617,0.00568707309767409
gen=1_member=512,func,-0.00153508372675265,0.0021382859864395,-0.0304820414379561,0.0158819314324139,-0.0158238983197668,0.0151487999574297,-0.00812667203665014,-0.0285014926907349,-0.00223732470674383,0.0201001495378439
gen=1_member=513,func,0.00328326955272489,0.00361227793764035,-0.000379914415241346,0.00169241838673225,0.0010022855594701,-0.000750251984742469,-0.00114952379423557,0.00179989377624509,-0.00502004859615295,0.00433075056621377
gen=1_member=514,func,0.00589960034463621,-0.00435664888558595,-0.000919150744936196,0.00408993499360745,0.00594579971918871,0.00169600688141028,-0.00324598803561323,0.00615593051607943,-0.00376233043473962,0.00664362975448647
gen=1_member=515,func,0.00707385146265646,-0.0132702994150146,-0.000139840840679245,-0.0158776355487844,0.0194302174873453,0.014244016435019,-0.0165469420462122,0.0172084648214522,-0.0325818772556084,0.0298642537650339
gen=1_member=516,func,-0.00155322123017323,0.00123831156616102,0.00053739647682134,-0.00270185308761717,0.00261172418263726,-0.000528415870415974,-0.00211673450581573,0.00488728659861857,-0.00106367222200213,0.00372125388269403
gen=1_member=517,func,-0.00597732375999871,-0.00692963874348295,0.00198372183099847,0.00191192144268712,-0.00141461898244327,0.00452697015309375,-0.00656572429924456,0.00881545138722024,-0.00735436967759725,0.00850652509758716
gen=1_member=518,func,0.00317793662296409,-0.00183232947195121,-0.00979927632914417,0.000555337972879358,0.00316452800055111,-0.000843909780537698,-0.00270523981786776,-0.0038910307819472,-0.000442414903654826,0.00661833852142817
gen=1_member=519,func,0.000608974349828161,0.00464107938192365,0.00443553770676834,-0.00152639117258774,0.00213802100906364,-0.00160355644733621,2.72654382656701e-05,0.00407463518605953,0.000460507807125512,0.00596545817659232
gen=1_member=520,func,0.000730273931914614,0.00245965600198386,-0.00618643285677451,0.00178011238674841,0.0014078208760498,0.00258836280752062,0.000478040969408043,0.00176805044533662,-0.00384884522953271,0.00415782048510172
gen=1_member=521,func,0.000194721448554272,0.00206073370428221,-0.000655852124170212,0.000649476031844365,0.000113084771057311,0.000721855519051718,-0.00110543769336898,0.00161545521050758,-0.00251746797823726,0.00187110839637995
gen=1_member=522,func,1.91362700317862e-05,0.00136181051332675,-0.000657847318149089,-0.000455987893006616,-0.000228671292122384,0.000639417895204239,-0.000641924826395601,0.00241154888637226,-0.00187340684107843,0.000940980593664564
gen=1_member=523,func,0.00486161862870805,0.00131937223743526,-0.00219883572352624,-0.00137233652382706,0.000105305937015199,0.0021726375685273,-0.00480110713302188,0.00382458298115822,-0.00658937757254562,0.00445354764546159
gen=1_member=524,func,0.000763678461216033,0.00112082270745304,-0.000560396720981848,0.000605216550854387,0.000359797140237997,0.000419233429512396,-0.00211784436265695,0.000933103654652732,-0.00259419025355088,0.00273312555641558
gen=1_member=525,func,-0.00294793809089663,0.00609386661554713,-0.0167964267635321,0.00154558865143632,-0.00216428773589158,-0.000164583916400596,-0.00293736722337321,-0.0124706611111323,0.00200610585975837,0.0155518385628058
gen=1_member=526,func,0.00210881671624883,-0.00164219868098615,-0.00081053268557733,0.00039861526113289,0.00316310107275635,0.00185755746697732,0.000349278203273288,0.00272633118798981,-0.00156579504713278,0.00483819633238578
gen=1_member=527,func,-0.000938384294842912,0.00127484253107608,0.000468652393619202,-0.000380402096607241,0.00409939948590372,-0.000892350203155507,-0.0043945689780864,0.00163616325945767,-0.00238315889068081,0.00551071027038934
gen=1_member=528,func,-0.0045937421802543,0.000284847623758597,-0.000569559030272219,-0.00587144678131038,0.00271755280053693,-0.0100950040932753,-0.0205260874782554,0.0105721256163261,-0.0174733950858725,0.0101270579079303
gen=1_member=529,func,0.00367465011713451,0.00819121135003763,-0.00685973043004535,0.00413700095132245,0.0129653686135939,0.00601066242696088,-0.0196290541185808,0.0128956736164299,-0.0239195233870793,0.0126699691607429
gen=1_member=530,func,0.0127682504447413,-0.00268481098709433,-0.00658580270592713,-0.0113953169292584,0.00800335746805276,-0.0115336991147328,-0.00454451663705944,0.00763423106556545,-0.0171058091643678,0.00686670838375562
gen=1_member=531,func,0.0010165835812206,-0.00195281029920179,-0.000717160052088397,-0.000197393680303692,0.00346178287923424,-0.000925642908480217,-0.00319710929820891,0.00239663047712362,-0.00133015401534748,0.0035697563636117
gen=1_member=532,func,-8.47735735119878e-05,0.00481102694913624,0.000252625176809596,0.00392234996905638,0.00201013161733156,0.00403068587932722,-0.00182399474542566,-0.00259245943876014,0.000430127830921099,0.00228795302317172
gen=1_member=533,func,0.0123205719749889,-0.0129702097075691,-0.00684391334238187,0.0092613200241194,0.00877491071120709,0.00300521055596814,-0.00675172896590481,0.012913947930099,-0.0200071650218361,0.0196398993440381
gen=1_member=534,func,0.0186354677936022,-0.0224963815279286,0.01125019050242,-0.00771454619571913,0.00210786184242007,0.0124316682694056,-0.0143085763430815,0.0433237171610402,-0.0308612756693302,0.018662296301657
gen=1_member=535,func,0.00134161255508029,-0.00131963057694854,-0.00152454282014519,0.00076909034968209,0.000758109186073503,0.000877592717108532,-0.000550140854725806,-0.00063482004994182,-2.31514160287986e-05,0.00285252114603793
gen=1_member=536,func,0.000492634716977794,0.00314624270698192,0.00095228829475317,-0.00230627091643541,0.0032253900356121,0.0027998192296783,-0.00125102688099175,0.00582321465000349,-0.00373975682214187,0.0082737161099279
gen=1_member=537,func,0.0012303551312031,-0.00197968980275542,-0.00495603249915366,8.60895740836835e-05,-0.00264943868387737,0.00486106859501504,-0.00141438180095705,-0.0035449775301081,-0.00294242250146048,0.00417806594247076
gen=1_member=538,func,0.00579802992967374,0.00827615389641566,-0.00225462202282273,-0.00205707698344328,0.00217522851538273,-0.000414984613927889,-0.00235131913982126,-0.00184017207779911,-0.00186641101526502,0.00587164390001385
gen=1_member=539,func,0.0017432887132302,-0.000899484212544081,-0.00575840010794681,0.00408028688629595,-0.000574065469014706,7.45162815194815e-05,-0.000551662018251751,-0.00303964632199731,-0.00161272536877124,0.00515458765680075
gen=1_member=540,func,0.000945598334289903,-0.000510287534360239,-0.000207367326027566,0.000566765102203869,0.000594960464803252,0.000465471829924374,0.000296779748972982,3.03326207501417e-05,-0.000173413232904149,0.00130493813334583
gen=1_member=541,func,0.00357677022406694,0.00440835244744906,-0.0312690957933207,0.0108902957787184,-0.00313588817726856,0.00446707570042239,-0.00891395454826556,-0.0236872855098587,0.0139838685709391,0.0163970263980585
gen=1_member=542,func,-0.00117234632561282,0.00156336334015417,0.000955914770704644,0.000845164574828355,0.000938259870370371,0.000428031319131638,-0.00180100880133172,0.00171893434936778,-0.000838379266977282,0.00142045231096175
gen=1_member=543,func,-0.00109041632200435,0.00257774185214097,-0.0014330993570919,0.00316126285271551,0.000760965207679721,0.00407346962823307,-0.00137334193244877,-0.00163988482806401,-0.0007566990152886,-0.0024463799350867
gen=1_member=544,func,0.00100556291223004,-0.00116725414458702,-0.00860783286497961,0.00137028992521119,-0.00460950345887309,0.00375976681099677,-0.00206482277132087,-0.00383042983418358,-0.00387617375120225,0.00228969080854572
gen=1_member=545,func,0.00040733014428049,0.00124183474957246,-0.0011298060527683,-0.00134048833949891,0.00165075792712068,0.000654103307123032,-0.00184410474549978,0.00363670405510212,-0.00245249644034931,0.00109736668413232
gen=1_member=546,func,0.0019544459057567,0.00772609578321638,0.00942642691346852,-0.00515929159436865,0.0137579972122017,0.00764013614078745,-0.00474191800142829,0.00488409797662145,-0.00744059557639297,0.0124794514412215
gen=1_member=547,func,-0.00209055650827711,0.00557410832519754,-0.00746172960592891,-0.00179104801707066,0.00498251653392582,0.00609024180516287,-0.0101884511461174,0.0139473367047162,-0.017133124947154,0.00299281140056568
gen=1_member=548,func,0.00444107117414485,0.00850090141222296,-0.0048081293890656,-0.0133622022611924,-0.00100310790853909,0.00974828758461968,-0.00718263795017145,0.0214281100678154,-0.0127270825386285,0.014529150600534
gen=1_member=549,func,0.0013773442536341,-3.39240772553933e-05,-0.000420330495851351,0.000228554470676401,-0.000100197692404018,0.000735953937993464,0.000105815959234112,0.00178711864155905,-0.00187599190527439,0.0018865925975622
gen=1_member=550,func,0.00164928416282394,0.00210280802098413,-0.00143668709544122,0.000829798503666423,0.00123902122771525,-0.00129468462376793,-0.00200729236133397,0.00644971927548236,-0.0148329036347757,0.00388554728772827
gen=1_member=551,func,0.00236796959563773,0.000802228488876732,-0.00148433973867817,-0.000154053688585105,0.00168563175848944,0.00121746105744139,-5.82511858014359e-05,0.00189563563359475,-0.00510294232290897,0.0035312143495272
gen=1_member=552,func,-0.00172254371916637,0.00161236137128502,0.000249570671127874,-0.000300193535199279,0.00156348422106765,0.000531274405434481,-0.000463445041954606,-0.000536030181797254,-0.00185664100698689,0.00476326180399829
gen=1_member=553,func,-0.00521058251776855,-0.00317219134274017,0.00251566595336558,-0.000494772799599035,0.00487357188184156,-0.00693194993869322,-0.00577177844143112,0.00139382014345831,-0.00844979287473828,0.00897175234992357
gen=1_member=554,func,-0.000784285689972972,-0.00134887094241819,0.0047113086943824,0.00238913673407625,0.00238930413082235,-0.00307766703450547,-0.0143193692909505,0.00594012976577571,-0.0200559066532359,0.00958080824715267
gen=1_member=555,func,0.00251325687675742,0.00146192780945256,-0.00248417455862427,0.000174894626859293,0.00177297540133742,0.00130634269874436,-0.000702612443165573,-0.000871249747044902,-0.00256459455932303,0.00363758557263986
gen=1_member=556,func,0.00216115053730318,0.000767114162464935,-0.00343185974448495,0.00204808178574677,-0.000248348816262205,-0.000902028668268888,-0.000751605248068427,-0.00141698849243491,-0.00204851059220946,0.00473699637277173
gen=1_member=557,func,0.00213379936225466,0.00665283654922574,-0.000178638817501794,0.00243576615966318,0.0109747395147482,-0.00513609583831973,-0.00981647582159186,0.00188889543024469,-0.00452466482243014,0.0132737507101474
gen=1_member=558,func,0.000925077130888482,0.000341730209169009,-0.00275343122137441,-0.00324876203574483,0.00175324528237698,0.0009177302829415,-0.00457910705672514,0.00147794210153484,-0.000472251104336407,0.0036592824284287
gen=1_member=559,func,-0.000389786631383417,0.00417895091170149,0.000209673355814808,-0.00566255077734495,-0.00106968195971882,0.00545914804693766,-0.00577320509982055,0.0073036184665431,-0.00707200423993326,0.00917135227839386
gen=1_member=560,func,-0.000877554935265761,0.00254344728288203,-0.000970086390229349,0.0033186055258076,0.00388933116395987,0.00205901949806615,-0.000919718542331881,0.000191402555243739,-0.00438014800355066,0.00456066409292893
gen=1_member=561,func,0.00228634659688858,0.000339512907348112,-0.00393593448929143,0.001303652931746,-0.00477380550277225,0.000495663121174786,-0.00290817301873194,-0.00406629717884138,-0.00156272270925065,0.0113412428264358
gen=1_member=562,func,0.00609719465983315,-0.0013145008152264,-0.00281251064357016,-0.0012978372460661,0.00153354447598204,-0.000160331029306907,-0.00429990200330493,0.00502520258069097,-0.00752665022226157,0.00400419354787391
gen=1_member=563,func,0.00231025593802095,0.00306164378696922,-0.000642906583453744,0.000288046538576434,0.00115191966764155,0.00121031614318211,0.00084163984742521,-0.00039622891905466,-0.00198934781647354,0.00146889274408266
gen=1_member=564,func,0.00164979565378962,0.00141812206096658,-0.00140983676706044,-0.000206463590616328,0.00218434382214247,0.00103965060013885,-0.000347825925952957,-0.00180500055567644,-0.000606836079731664,0.00330949518828578
gen=1_member=565,func,0.000958296370646617,0.000928834231759889,-0.000679120942224586,0.0040681377118778,0.0028167441607413,0.0050549788772703,-0.000596725803710307,-0.000937250578379003,-0.00644763382203123,0.00433210989463197
gen=1_member=566,func,0.00108978166803617,-0.00303415750310948,0.000249869270364374,-0.00213488038373086,0.0054994000154718,-0.00165520177511933,-0.00570756320434302,0.00280896024222287,-0.00523965815547324,0.00707979671936338
gen=1_member=567,func,0.000246546175733893,-0.000824001566867902,-0.00147502246171659,0.000962576038747555,0.000830472288681858,-0.00036506779072888,-0.000123768617817962,0.00130747758063517,-0.00167967496735562,0.000445222902310472
gen=1_member=568,func,0.000939567770576044,0.00168524189713361,-0.00173691027090126,0.000626586364149187,-0.00021270197572317,0.000285702390278253,-0.00232522842169511,0.00129231331512476,-0.00551250979363532,0.00377974490224808
gen=1_member=569,func,0.00264314499131497,1.43588223514286e-05,-0.000211002083103283,0.00101049351457626,7.87105283121471e-05,0.000606583360498514,-0.00102323533746912,0.000346631516387287,-0.00210535899969882,0.00287669454999543
gen=1_member=570,func,0.00125854917106588,0.00673042601440378,-0.00290076175293181,-0.00255502303460233,0.000810713765241261,0.00157913937448935,-0.0114711754744697,0.00586805491342832,-0.0120042704195068,0.00475847136749095
gen=1_member=571,func,0.00320908156878332,-0.00330077426151331,-0.00330357108614718,0.0082712357517507,6.99940037332862e-05,-0.00416702038352928,-0.000601633280149949,0.00271622782023633,-0.00656385431452254,0.00664099540397961
gen=1_member=572,func,0.00796476922997649,-0.00313032597014115,0.0026929039212367,0.00310454262961691,0.00349159710613139,-0.0114291593670771,-0.00457360633390162,0.00963469651940231,-0.00623636412265947,0.0196331456385668
gen=1_member=573,func,0.000231233999826354,-0.00133059330784284,-0.00479439523116305,0.000809480114098855,0.00308382843370113,0.00222059863759611,-0.00358176085920007,0.00540094745615197,-0.000523537270748488,0.00210842746304786
gen=1_member=574,func,-0.000456415257032874,0.00130373154830697,0.000370779307772978,0.000180735653095094,0.00055328697341188,-4.5973496799903e-05,-0.000102718476133772,0.00186314177811232,-0.000446136586891288,0.00120194737563201
gen=1_member=575,func,0.00122306759385227,0.00103412926747632,-0.000998183558466807,-5.05768607611036e-05,-0.000163222872625248,7.76863933975609e-05,-0.000889512298966324,0.0013283136646462,-0.00188668791969436,0.000943676157672779
gen=1_member=576,func,0.00487859277871432,-0.00112541861542908,0.0059051993737538,0.00365125800772164,0.00642390404042874,0.000995526977494377,-0.00254029285395596,0.00385618809610457,-0.0099367024817789,0.00414442494669955
gen=1_member=577,func,-0.00332349492665988,-0.00112548095657983,0.0040721801524669,0.00894230078658565,0.00686488504305291,-0.00981636588631686,-0.0112572802663691,0.00906302755264263,-0.0156649379564147,0.0106637163519614
gen=1_member=578,func,0.00529568639186518,-0.00731395835417619,0.0119949440290009,0.00130664510181136,0.00625998499524522,-0.00693174440010332,-0.00750661545987796,0.00611583868635373,-0.0187417373339624,0.0125102384527354
gen=1_member=579,func,0.00412994917419122,0.00446573080979482,0.00204585625608057,0.00467803143024668,0.00560702448371572,-0.00291590585955351,-0.00184199008832862,0.00376027967986168,-0.00588032495329961,0.00236702383853158
gen=1_member=580,func,0.00604705527164865,-0.0021413876367315,-0.00816179615348863,0.000193916764388459,0.00909743257523228,-0.00486312335101359,-0.0180563205269009,0.0144923708834583,-0.01681063709286,0.0166773571678805
gen=1_member=581,func,0.00273381578626803,0.000745680997575277,-0.000791948408494402,-0.000223077976676709,-4.60315017549249e-06,0.0012089800491511,-0.000419827983048922,-0.00036655790684334,-0.000322687000251758,0.00269789190405544
gen=1_member=582,func,0.00198923719129487,0.000683481948328091,-0.000979672994671142,-0.000243522635916836,0.00210568424716127,0.000761646103465603,8.00743667502405e-05,0.000909105448441257,-0.00104573113939903,0.00302201239738021
gen=1_member=583,func,0.000780202632750629,-0.0030042383142495,-0.00559421245261424,0.00205865617117823,-0.000292112874865366,-0.00249191790087605,-0.00256785646975434,-0.00652732277255763,0.000266634665275234,0.0085688642781551
gen=1_member=584,func,0.00114465451958423,0.00272255461763701,-0.000398297418956877,0.000810052056806739,0.000375188840453891,0.00236734027826641,-0.000406942698161624,-0.000483245945872518,-0.00160689284682756,0.00288973077786063
gen=1_member=585,func,0.00274378523317212,-0.00188052111949377,-1.55941058412169e-05,-0.00088404878340281,0.00283244631982218,-0.0019684868437187,-0.00649470163016495,0.00384422995868358,-0.00801063770346768,0.00526248324346783
gen=1_member=586,func,0.000987898859408207,0.00574852599600131,-0.00139545487917433,0.00408488469816176,0.00253887086153224,-0.00268213194574938,-0.00444276817848321,0.00829434625121345,-0.0157092063517044,0.00879074328803366
gen=1_member=587,func,-0.000233155840717829,0.00344954966908629,-0.00233134986182949,-0.00647254045759522,-0.000545397872044464,0.00578661594056893,-0.00734617554487896,0.0104030414962495,-0.00518178954869338,0.00690079515001938
gen=1_member=588,func,0.00193539242431468,-0.00235152492094085,-0.00521656244960187,0.00247947653012901,0.0015313234966959,0.00228837270179465,-0.000959403317795632,-0.00123017309694343,-0.00157393967547137,0.0036686055363764
gen=1_member=589,func,0.004048474816105,-0.00425798058045448,0.0021139415099768,-0.000351071686139176,0.00349626387249126,0.00101965576186685,-0.00573628241540049,0.00139207825416885,-0.0072454007669821,0.00861668992399386
gen=1_member=590,func,0.00479983240590883,-0.000585207119309027,-0.00383255690746245,-0.00339623760105685,8.62329138867222e-06,-0.000643813651531962,-0.0047115756955944,0.00447218947787242,-0.00926247591990429,0.00444633369387211
gen=1_member=591,func,0.0026828606582064,-0.000742049925489481,-0.00132641949315756,0.00224377390386217,0.000849271487812928,0.000817408645329526,-0.00738619629860951,0.00305169108277302,-0.00518551954418652,0.00796066209910064
gen=1_member=592,func,-0.00268247763899016,0.00575074938327011,-0.00202568572716621,0.00207643100057065,0.000653919000304229,0.00357914867504168,-0.0069468130459817,0.00580199360861258,-0.0115382494529748,0.00869923997008252
gen=1_member=593,func,0.000312426627164767,-3.42797561836282e-05,0.00138269159519143,-0.00174934287353146,0.0015590032159345,0.00207933217384666,0.000168452804252975,0.00168281391373347,-0.0041487701963441,0.00198199304318333
gen=1_member=594,func,-0.000346802799397468,-0.000703326182744406,0.000116467199795893,0.00164679595618664,0.00395848139165027,-0.00197110232707247,-0.00486938269102959,0.00290680912011277,-0.0014386876663009,0.00585166355727519
gen=1_member=595,func,0.00248400184489239,0.00147753902041498,0.000171455958158206,-0.0036930108954827,0.000458526529520388,0.00345636817201423,-0.00154877022349424,0.0057994622328318,-0.00377978429996724,0.00760076186414533
gen=1_member=596,func,0.00256245659363691,0.00170670521067513,-0.00241876269321188,0.00248367780136324,0.00133419401103396,-0.00095845757551574,-0.00415887162456021,-0.00674840046613461,0.00134246285281908,0.00626106014073136
gen=1_member=597,func,0.000814368435993882,-0.000349282830414689,-0.000650047330145222,0.000269341513828325,9.65548723169102e-05,0.00136117481343425,-0.00164581016221471,0.00199746089651799,-0.00150172791597342,0.00208550113162933
gen=1_member=598,func,-0.00607102706960209,0.00305618790567115,-0.0273509158255232,0.00541211458650169,-0.0141982782214132,-0.00152641674186373,0.0156625804909327,-0.0287260793019742,-0.00269299808636994,0.0274097351197603
gen=1_member=599,func,0.000352239637154593,0.00128742930230016,0.000939902967468494,0.000505322156900073,-0.000822782252451915,-0.00142343741398112,-0.00305295837893024,-0.00221516479378205,-0.00394096708112476,0.00402036724790597
gen=1_member=600,func,0.00405985597604697,0.00264856897701086,-0.00348467983329794,0.000424342870129901,0.00492267974408459,0.00444146932995841,0.00113723067224973,0.00115721118097539,-0.00502457968651181,0.00237142841886134
gen=1_member=601,func,-3.80444403353333e-05,0.00092840341464489,1.85531293277634e-05,0.000706854499366791,0.000228207946096503,0.000648353921581768,7.72910953658689e-05,0.000509216855584308,-0.000834384739516953,0.00118771712246541
gen=1_member=602,func,-0.0122123258854615,-0.00649411172961528,-0.0244137097776394,0.00241385155164753,-0.00178356846816429,-0.00506808711097796,-0.00895155460563487,-0.020163952798006,0.00771585062163438,0.0193538073486357
gen=1_member=603,func,0.00178013025566597,-0.00247232189693549,-0.00678145330956462,-0.00155275377986003,0.00266831890231028,0.00436250316220049,-0.00122565363319775,-0.00206609523251366,-0.00372932741413952,0.00286789498580157
gen=1_member=604,func,0.0192830211289237,0.00490267039101972,0.00440800993447359,-0.013340348875723,0.00774037831831718,0.00322441338133211,-0.00666447042364401,0.0102902693186794,-0.0205208603097364,0.00971028348527726
gen=1_member=605,func,0.000732457423221853,0.000371394168847329,-0.000211291632098815,-0.00134771234386671,0.0006545800527662,0.00172516801966808,0.000220395135220883,0.00184197370838502,-0.00332793091361997,0.0018391179184404
gen=1_member=606,func,0.000771545295765198,0.00047528434896827,-0.00179760427725548,0.000841268189511693,-0.00437220086054367,-0.00065262580123904,-0.00168563096763418,-0.00257821121478726,0.00104081890621301,0.00828775434356076
gen=1_member=607,func,0.00109570520481927,-0.00133123626692312,-0.00420530273890761,0.00329695770548184,-0.00135177752179687,0.00539666929334813,0.000134617369506905,-0.00450276987754895,-0.00271504776207776,0.00755220297718659
gen=1_member=608,func,-0.000179748320945979,0.000368859749543875,-0.00142145856468239,-0.000533998443239747,0.00290691653016427,0.00210284832350544,-0.0021605827554537,0.00166383677077421,-0.00100577934559095,0.00315187059053109
gen=1_member=609,func,0.00427769558281833,0.00154947367372397,-0.00931647125290228,0.00800626095632979,-0.00718909065320165,0.0121159571468171,-0.000997264769379842,-0.018670834242906,-0.00587785585256431,0.0138059193481699
gen=1_member=610,func,0.00598993859561986,0.00189919451695041,-0.0013294734334661,-0.00188365348262559,-0.000855097345707537,0.00347609080574787,-0.00440165366501997,0.00684940444725321,-0.00911836060938854,0.00917781555418542
gen=1_member=611,func,0.000564384680726255,0.0020329304310114,-0.00101198845041368,-0.000723553519737565,0.00274694075120978,-0.000767538905624624,-0.000631443711241082,0.00232245126512251,-0.00448874362243584,0.00463619972005313
gen=1_member=612,func,0.00135173585432685,-0.00767768720306971,-0.00834260088267838,0.00612905325767658,-0.0175055821864953,0.00844157933275016,0.00423661375638938,-0.00763404867117197,-0.00540779145016824,0.0124505167945728
gen=1_member=613,func,0.0141936638535028,-0.00923309731973857,-0.00224779564481534,0.00791863097696736,0.00397676848485147,-0.003318038241433,-0.00333184860578366,0.0189986687260766,-0.013675057568952,0.00862144714941173
gen=1_member=614,func,0.00106766435508944,0.000960280892719405,-0.00381911468081189,0.00205227363693811,-0.00201176323869623,0.000433586902718747,-0.00117331835804189,-0.00207170518656621,-0.00144167150294974,0.0037788635310066
gen=1_member=615,func,0.00193438538779281,-0.0136542123234486,-0.00613703278264314,0.00629847071583023,0.0063132283220236,-0.00926292844998134,-0.0135854578259662,0.00982939242780056,-0.0160773580581539,0.0252365129038236
gen=1_member=616,func,-0.000779947611873326,0.000508609548823787,-0.00329075081389135,0.000572543861510772,0.000301612278862273,0.00109710089939825,0.000162875358526524,-0.00210708993463517,-0.00145957816947265,0.00394063239469917
gen=1_member=617,func,0.00683836815508517,0.000869990059210183,-0.00731702298741358,0.00191773753552696,-0.00749874607279063,0.00166064104835092,0.00677710660703643,-0.0119584392419082,-0.00686419482015043,0.0111075052839775
gen=1_member=618,func,0.000627095424712485,0.000638956293167356,-0.00102918051617744,0.000711532851714692,-0.000169271215854612,-0.000967038681717001,-0.000684804226417968,0.00168624272886275,-0.00230386548636592,0.00185795089965871
gen=1_member=619,func,0.0199125951258793,-0.0104466498821989,-0.00602112210060117,-0.00779361210097631,0.0275280982764412,-0.00981175117322698,-0.012565383788292,0.0141614529099684,-0.0235890352873801,0.0261012458057758
gen=1_member=620,func,0.0193341154096038,-0.00544634548219472,-0.00186050040805825,0.0113332857371942,0.0182224940856202,0.0139543190051228,-0.0306459404140707,0.0132039166962762,-0.0219737334527085,0.0226863903545962
gen=1_member=621,func,0.00441368944978831,0.00188835752651469,-0.00505029663320801,-0.000771565674554506,-0.00325405340425534,0.0013695902471231,-0.00114943257238287,0.00176095735366816,-0.00809621399322645,0.00222827456866197
gen=1_member=622,func,0.004206640873025,0.00268819996120649,-0.0102619680209403,0.00336296595293118,-0.0047401381987584,0.0107100479802151,-0.00388918994334435,-0.00750365008604969,-0.00184460115436989,0.00425785946275231
gen=1_member=623,func,0.00257349574497413,-0.000600550611370556,-0.00121850982207417,-0.00276366533108062,0.00118241147449175,0.00319258961085702,-0.000234372151777763,0.00278381138940741,-0.00652555899573517,0.00293138350531136
gen=1_member=624,func,0.00462941088681013,0.00090851520777831,-0.0051274867919754,0.00480291100343314,0.00778890469627326,0.000800290850970149,-0.0049956470755499,0.00480808279599854,-0.00610999795306588,0.0056886013720662
gen=1_member=625,func,0.00104223283500884,0.00259666493788906,0.00184994165655162,0.00406369028485986,-0.00071228872697366,0.00107542041029634,-0.00292098025404722,0.00437925418866624,-0.00775431464776872,0.00917132599552972
gen=1_member=626,func,-0.00661594296596333,0.0110160221379887,0.00459998504262537,-0.000981235403882256,0.00876846430194101,-0.00979754980218171,0.00146724741780035,0.00434563666488781,-0.0195289738179273,0.0111793991192803
gen=1_member=627,func,-0.00233759394186354,-0.00119526288774989,-0.00793625906991505,-0.000881764062667106,-0.000286958410127822,-0.000787088097462485,-0.00545471414494427,-0.00855209235248921,-0.0013023556183667,0.0071561868657269
gen=1_member=628,func,0.00313448279823166,0.00241688636211279,-0.00665599891736524,0.000514312118360867,0.0007401481680755,0.00557325737240497,-0.00149222424109967,0.00291470570760253,-0.00280859545775732,0.00388601669767532
gen=1_member=629,func,-0.00034820867868203,0.000638405166971035,-0.00204382578614754,0.000113943224660461,0.000251345131762836,0.00342574245215307,0.00124758022201774,-0.00119119698395219,-0.0014297789341137,0.00498573148920531
gen=1_member=630,func,-0.000243333190309205,0.0174205150336652,0.00123696829336814,-0.0100080714029949,-0.00327743281325861,-0.0279372520993048,-0.0260285405173201,0.0202379022694855,-0.0450757362823499,0.0397136086655388
gen=1_member=631,func,-0.000510601347523547,-0.00289895292780802,-0.00117793570404832,-0.00524609295804325,-0.00231962909880977,0.00655583388508221,-0.00407606023181344,-0.00239432222710485,-0.000947596465018275,0.00575798884364355
gen=1_member=632,func,0.00183281137416205,0.00137592487068708,-0.00410036245012424,-0.00213031029514647,0.00129391203338645,0.00178405579081864,0.000104547032559716,0.00214777340185798,-0.00208798601399926,0.00451840334126087
gen=1_member=633,func,0.00117414635574571,-0.00343539625536937,-0.002445220247736,0.000327053151906047,0.000127315482223352,0.00412118245336479,0.00126119399061749,-0.00478279799919456,-0.00333209609502437,0.00394137978554052
gen=1_member=634,func,0.0023453803849089,0.00284988161626049,-0.00114194623637964,-0.000344106953713189,0.000524652400578692,-0.00073526247397215,-0.00685225937266192,0.00301172933488214,-0.00609969052006768,0.00723111767452942
gen=1_member=635,func,0.00319759546549756,-0.00669411198651098,-0.00641992370598976,0.0073178138191677,-0.0032713988297338,0.00515499577554172,0.00392682262444455,-0.00510211828415049,-0.0050294820953975,0.00287684774320142
gen=1_member=636,func,0.00258463272839522,0.00149609565228874,-0.00248636155864202,-0.00203641597935566,0.00358593671442335,0.00189447509548286,-0.0010973559312277,0.00257421450020206,-0.004701895089509,0.0058455155297742
gen=1_member=637,func,0.00158714015586515,-8.51001131165471e-05,-0.000876784800756325,0.000493240551015624,7.02043790161477e-05,0.000558976721860153,-0.00112445077648988,0.00184255278353392,-0.00203552407695736,0.00180246626775085
gen=1_member=638,func,-0.00160035360979665,0.0050658698232049,0.00105607279617052,-0.0029363082060917,-0.0047912621928156,-0.000320219787921795,-0.00250899239825884,-0.000131984822153276,-0.0117780839582473,0.0065324648097373
gen=1_member=639,func,-0.00093311998281217,0.00950944236079457,0.000596169279956998,0.0176626199265575,0.0348583590843886,-0.00673743595343017,-0.0132818722351128,0.0356555841685494,-0.0445134018848659,0.018590325102611
gen=1_member=640,func,0.00324689793034519,-0.00133534923717177,-0.00112527336344045,0.00115004380140237,0.00100246776297697,-0.00187750265253328,-0.00067420084900711,0.0045965097281689,-0.000995540686624612,0.00181895702468623
gen=1_member=641,func,0.0071924411252108,-0.00509540720107822,-0.00438975475736703,0.00359275329338769,0.00525309664592672,-0.00205516579805429,-0.0074468372835846,-0.00190525858457177,-6.18259920490257e-05,0.00880938174745585
gen=1_member=642,func,0.00575988256256694,-0.00156540482024203,-0.00131421896253709,-0.000369369065864291,-0.00049571193086209,0.00221465135596022,-0.00421790918868387,0.00254699211338012,-0.00508601724034432,0.00559847317696122
gen=1_member=643,func,0.00129716786575686,-0.0022941900651862,-0.000488967521215584,-0.00157219553402197,0.000141365025589652,6.20515417461131e-05,-0.000926005859837075,0.0128104965455717,-0.000442955089645282,0.000712807219092986
gen=1_member=644,func,0.000538783421042796,0.000690726564817832,-0.00075891580604652,0.000361587247088299,0.000174904940220145,5.49580579046269e-05,-0.000620297244626896,0.0010697102388968,-0.0011692756737819,0.00115333264376074
gen=1_member=645,func,-0.0171810410260551,-0.00740207387030872,-0.0160185056701713,-0.0346022275052989,0.0438915277821432,0.00225809410442794,-0.0143957966165191,0.0222236246099613,-0.0417785411624004,0.015203285664164
gen=1_member=646,func,0.00140449973740921,0.00589792344276257,-0.00327213763755158,0.000386817133543507,-0.00424706365251552,0.00922282475984887,-0.00742596815466837,-0.00882759911897579,-6.7643269268313e-05,0.00881207287665378
gen=1_member=647,func,0.00176225811464136,-0.00440132784333907,-0.00394911573423849,0.00291465400566263,-0.000437626974346333,0.000615203474930732,-0.00363954193876613,-0.00638254336129574,-0.000747467785966467,0.0081084297541777
gen=1_member=648,func,0.00190148323604824,-0.00493151960867176,-0.00700817376100803,0.00298214552294805,-0.00126956855728521,-0.000295974606220398,0.00176062981751934,-0.00464101075329828,-0.00553602177963352,0.00400297767252879
gen=1_member=649,func,0.0027787520214179,0.00235778147391284,-0.00126877265678735,-0.000268845200394704,0.000255433228963155,0.00302280727645343,-0.000841583779639168,0.00479832121620981,-0.00790611929431856,0.00410632011833696
gen=1_member=650,func,-0.000735899192875976,-0.000681288858689257,-0.00388736858341823,6.87356979272263e-05,0.00672766478801585,0.00230551069324095,-0.00426334804380737,0.00226185207424597,-0.000272751567754482,0.000515691633290971
gen=1_member=651,func,0.000343154844447557,0.0047294203892729,-0.00191472618730458,-0.000228462377395685,-0.000920302677727335,0.00296400974653174,-0.00466955082181625,0.00221306220846829,-0.00479492969068207,0.00749814708449862
gen=1_member=652,func,0.000781419992065139,-0.000722110238870573,-0.00250947961918616,0.00119607410222795,0.00110691986013317,-0.00209772410727441,-0.00203258452129855,0.00111007546078951,-0.00520383420402003,-0.00056648147719561
gen=1_member=653,func,0.00332672010988877,-0.000896453029207246,0.000141015901979613,-0.00160913501199319,0.000532930537768066,-0.00110090393455155,-0.000726238304624609,0.0010431948266878,-0.00561395605480275,0.00017326809548717
gen=1_member=654,func,-0.015910309853517,-0.011996939380206,-0.0122276956066454,-0.00205943857576401,0.000204876959018766,0.000190852602317481,-0.00676874301688242,-0.0211010738244156,0.00878331854874305,0.0159944425964193
gen=1_member=655,func,0.00524449340902763,-0.0105643367536182,-0.0115597190563856,0.00148408980208518,-0.0108916914388253,0.00186718462642423,-0.00404974446823174,-0.00910588695225653,-0.00158020298722016,0.00429145647505486
gen=1_member=656,func,-0.00703967220853979,0.00362979419300134,-0.0108380747547404,0.0083405167537922,-0.000777256056179344,0.0113345582576017,-0.00293031766717234,-0.0109498521702989,-0.00440002810973072,0.0152202900310354
gen=1_member=657,func,-0.00238517533011014,0.00298122139432449,-0.00361318615848228,0.00329181466984544,0.000986526918784162,0.00230617537321657,0.00148399842222371,-4.89727919274804e-05,-0.00118157411815643,0.00717636025826184
gen=1_member=658,func,0.0154272888828028,-0.00574801779560417,-0.00244973398280182,-0.000124031560276753,0.0221404799279873,0.00621088600486666,-0.0113704437082107,0.012441071079455,-0.0117826759375431,0.00677767035837411
gen=1_member=659,func,0.00244403579415117,-0.000859074497702731,-0.00223839576931977,0.000740695951857016,0.00119227088000199,-0.00148430876274592,-0.00463034227062708,0.00202738242601021,-0.00501280579778764,0.0027795796734996
gen=1_member=660,func,0.000405176435904105,-0.00228343719748248,-0.00249722786729998,0.00193459954097938,9.67792730075261e-05,-0.000550066189517954,0.000130548104394799,-0.00421299704960486,-0.00250948186680192,0.0055971382714971
gen=1_member=661,func,0.00159463095065219,0.000820702160832831,-0.00115954905271489,0.000793226193963165,0.0025572851228273,0.00185627971234827,-0.00118180628243747,-0.00038989558227359,-0.00214799268738311,0.00265080643949165
gen=1_member=662,func,-0.0119778180438509,0.00489200681320674,-0.0185157930078991,0.00230795830947469,-0.00615920302833371,0.00514850770806084,-0.00651348163225286,-0.0178333676764643,-0.00224228588494986,0.0157988983485197
gen=1_member=663,func,0.00181837393084944,0.000371178716665302,-0.00303216811619069,0.00168203681742373,-5.71132457084611e-05,0.00265151537605568,-0.00113728783856621,-0.00137937773865118,0.000419806362043885,0.00415306349625207
gen=1_member=664,func,0.00382657016789772,0.00293914765847394,-0.00861354766989639,0.00568593682319753,0.00755142865588562,-0.00911408738440053,-0.0172316867891859,0.0164662842038989,-0.0170274611060701,0.00729318321271981
gen=1_member=665,func,0.0021698191484293,-0.0030583672152781,0.00256379562809807,0.000959045356202579,0.0010959453651128,-0.000153728281262247,-0.00215426127748301,0.00189948549212775,-0.00753829423367048,0.00417333624171659
gen=1_member=666,func,-0.000260369056850851,-0.00418553715558137,-0.00155450973152461,0.00186080705385199,0.00610635502517098,-0.0049702553602649,-0.00677111491206133,0.00845166715522388,-0.00853846120411954,0.00188839550176315
gen=1_member=667,func,-0.00515327489553726,0.00598016896823695,-0.00562955108504125,0.00420963596706413,0.010101819376275,0.0046020989259992,-0.0157849039242647,0.0161549403597935,-0.0209250091556456,0.00694898234595126
gen=1_member=668,func,0.000200345732752944,0.00199529439220356,-0.00287604779688753,0.000473134566607326,-0.00373819345961848,0.00189661359259307,0.000526095503390455,-0.00200721584041706,-0.00213092034729783,0.00447737114690868
gen=1_member=669,func,0.00334663356893685,-0.00383397503110803,0.00454305606052229,0.00184537030381031,-0.000109828832423949,-0.00512798322851606,-0.00480989952374442,0.00255433323880527,-0.00492020428495025,0.00942920175895373
gen=1_member=670,func,-0.00226662887270451,-0.00285417678978249,0.00933869629488287,0.0033835930162802,0.0134005779194942,-0.0108242530032263,-0.00759205138848624,0.00795286445170709,-0.0121395949003754,0.0177292478218111
gen=1_member=671,func,0.0112444056716139,-0.00750500860056239,-0.00259193789777597,-0.000452373287323984,0.0076954218496679,-0.00688507069870797,-0.00540764594478555,0.0134383881602609,-0.00994458960287177,0.00484183666557748
gen=1_member=672,func,0.019081056816626,-0.00709048643220361,-0.00280367431819302,0.00954040185782592,0.00483401204879745,0.00653491873785318,-0.0104836970981709,0.0159909125850228,-0.0225771755578821,0.0149781190421079
gen=1_member=673,func,0.0019489874085444,-3.76938001567184e-05,-0.000973216016017834,0.000271308449073639,-0.00120035825616485,0.00230469706284133,-0.000529161957235661,-0.00112981358494724,-0.00140749582031105,0.00343316255342404
gen=1_member=674,func,0.00311267384947522,0.000528503283395256,9.54321339804166e-06,0.000965134959487597,0.00281554612173219,0.000992467298754035,-0.00131624029385679,6.59245534136231e-05,-0.000634121941472546,0.00404366053194784
gen=1_member=675,func,-0.00261857830214694,-9.42346894615163e-05,0.00414951728886698,-0.00639486282936246,0.0092788463079084,-0.00556600313787987,-0.00734987723698038,0.00557408734778402,-0.00986040236513615,0.0159202055059466
gen=1_member=676,func,-0.000456137812788703,-0.00124226639180586,-0.000615737370117804,-0.00126159934655711,0.00248687293557279,0.000272384396828094,-0.000189782822159164,-0.000270738638538038,0.000637523066778579,0.00580488160464979
gen=1_member=677,func,0.00626130002596792,-0.00634085457227327,0.000369942120129898,-0.00248413485797563,0.00257132829660813,-0.000826068743616347,-0.00185101555354544,-7.13305857891484e-05,-0.00610392585867368,0.00646100105731059
gen=1_member=678,func,0.00306392171576324,-0.00367190992603366,-0.00619201366407613,0.00288403539273501,-0.00412268300823324,0.00413905114052192,9.96479277352966e-05,-0.00489710635283221,-0.00351917508952766,0.00990249088655471
gen=1_member=679,func,-0.000533083519243763,0.002750638105751,0.000475522610827775,-0.0112811884448925,-3.691754311973e-05,-0.00358730530722865,-0.0129277716216918,0.00754968877154493,-0.0161933075861474,0.0217577820941186
gen=1_member=680,func,0.000887963471604313,0.00101481147034435,8.0412772403906e-05,0.000274094788804821,0.000221333481702063,0.00042527576362029,-0.000431789989951431,-0.000198385251407407,-0.001509157740591,0.000949564637495621
gen=1_member=681,func,-0.0172327981386383,0.0125505126001498,0.0207543144238469,-0.00777255755447185,0.0376272513702087,-0.00635503734638942,-0.0210881889287731,0.0189662493292537,-0.0497094656754938,0.0458910428005811
gen=1_member=682,func,0.00558844700777098,-0.00518743918282466,-0.00566726298644972,-0.00216241864798844,-0.000321565003457716,0.00522885531195112,0.00251837120305453,-0.0127464513800656,-0.000878928621425017,0.0134755335616804
gen=1_member=683,func,0.000477674471546778,-0.00158636292677152,-0.00139576683971649,-0.00143842403950703,0.00364239484600176,-7.0341211863654e-06,-0.00320462821163559,0.00219828857643621,-0.00136591036794322,0.00456800290612189
gen=1_member=684,func,0.00177038342105379,0.00619139973327632,-0.0106995833575538,0.0105047472891005,-0.0176735964801238,0.00117342565246954,-0.0059579391127131,-0.011743066485285,0.00639378917240966,0.0129699718323063
gen=1_member=685,func,-0.00113788672906988,0.00164458974984273,-0.000513142434986532,-0.00444207558616791,-0.0028951921896433,-0.00329257521483043,-0.00959954479709864,0.00221285180953058,-0.0073153033489515,0.00448325103274537
gen=1_member=686,func,0.00311174687108075,0.00231813483282855,-0.00420586036938794,0.000355391262880068,6.72285982626581e-05,0.00176320988007743,-0.00120951403170546,0.00183480154839462,-0.0044166448508155,-0.00227115132198631
gen=1_member=687,func,0.000980515763165667,0.00178937029118311,-0.0146916391988285,0.00622690168401262,-0.00148482362984911,0.00650339354949377,0.00485091304218281,-0.00625905430692678,-0.00428195963828523,0.00861251212195301
gen=1_member=688,func,0.00116185940502223,-0.0025262241787286,-0.00232463607606335,-0.00204613191541049,0.00608690370598969,-0.000427439246706111,-0.00386098803799554,0.00212311118193872,-0.0029724092467346,0.00790137722610262
gen=1_member=689,func,0.00206537309896893,-0.000721461292951338,-0.00277596861814999,0.00316256500184733,0.00137355241763193,-0.000158947765522506,-0.000214262407416001,0.00216655059734394,-0.00609669191776972,0.00133528589790616
gen=1_member=690,func,-0.00253305531230999,0.000698374849946958,-0.00244724575390234,-0.00179462085301744,0.00171041295588096,0.00561477750719818,-0.00715556530266161,0.00408711963072524,-0.0188325671679879,0.00333168029215782
gen=1_member=691,func,0.00215270067915106,0.000513659923306523,-0.00278481207715803,0.000172431461214102,-0.0029999686592879,0.00348599891475043,0.000597111363507945,-0.000747062218356853,-0.00361817459551301,0.00219432106763407
gen=1_member=692,func,-0.00157518970559425,0.00271622675305768,-0.00237573117789619,-0.000326530050420578,0.00136627386133732,-0.000695772845474294,-0.00536673324581899,0.00235449861793514,-0.00681934195410049,0.00542646069678094
gen=1_member=693,func,-0.001178691109505,0.00139801707007786,0.00168671888738991,-0.00181007465405209,0.00108732619383705,0.00140659880837873,-0.000973809917139298,0.00092341335423021,-0.00605836135076633,0.00257435022556858
gen=1_member=694,func,0.00643339912399082,0.000785874715309831,-0.00208225515392159,-0.00150785456848829,0.00526293233769004,0.00157169682545506,-0.00317168869059923,0.00262322869698358,-0.00981820409375479,0.00369991801948994
gen=1_member=695,func,0.00489440625783644,-0.00481964223231676,-0.00169713428008128,-0.0036216289821797,0.00465672768929888,-0.000167557086033537,-0.0048123595859156,0.00031611242670346,-0.003199877216594,0.00325464121259696
gen=1_member=696,func,-0.00611679791074472,-0.00575164980380978,-0.00792676783612476,0.0153038220790595,8.40491793586433e-05,-0.00677263162287999,-0.00489686407062596,-0.0183693695727909,0.00123949725142533,0.0107321594865963
gen=1_member=697,func,0.00107712451420673,0.000933533588071304,-0.00315416293587294,0.00324614374234166,0.00437502795213312,-8.39371341909085e-05,-0.00202967592026672,0.00487430054724465,-0.00786143167705895,0.00305477136770633
gen=1_member=698,func,0.00828429965545633,0.00199377519621604,-0.00738594087749798,-0.00661891637170406,0.00475702067292089,-0.000651681403794921,-0.00488078101331252,0.0123286535355197,-0.0130951626387622,0.00947824733748324
gen=1_member=699,func,0.00458646797228271,0.00191166486594955,-0.0026504273438182,-0.00134081866805492,0.000898742984502581,-0.00124648672978883,-0.0040689611303064,0.00386218132105069,-0.00659374248676668,0.003438998821002
gen=1_member=700,func,0.000566975691856597,0.00890693420002069,0.0013032899714715,-0.00158070188428529,-0.00217036999525588,0.00321721586554432,-0.00256945021728507,0.0139088619974678,-0.025805519212739,0.00342302508200185
gen=1_member=701,func,0.00262000309884529,0.00156091833819726,-0.00115224177117749,0.0019728019776371,0.000745619547233149,-0.000947460360744353,-0.00115407947562752,-0.00152473231060108,-0.00248786818722584,0.00409474953047631
gen=1_member=702,func,0.00516372337359852,-0.00157377859646399,0.00378994173113782,0.0023774702307059,0.00905072197558246,0.00263645337919279,-0.00111121053385748,0.00125538628582314,-0.00295072856748928,0.00763831569045908
gen=1_member=703,func,0.00260350954860596,0.00271860686490499,-0.000365117943874993,0.000976180089661652,0.000945194642835883,0.000964969917375953,-0.00246455143529506,0.000816977027068045,-0.00372015293845973,0.00389409649281366
gen=1_member=704,func,0.000635967364777316,0.000710519140513404,-0.00078271111459258,0.00055925195547495,0.000882507509058666,0.000280058546753828,-0.00123360713193504,0.001194922538581,-0.00150297039483525,0.00263634826982589
gen=1_member=705,func,0.00265658754787323,0.00172117211408343,-0.00563546176578505,-0.00250430508289831,0.00404514213212,0.00551904979965605,-0.0048661488265496,0.0108553051927375,-0.0138706780298742,0.00927515264662516
gen=1_member=706,func,0.00231192276983778,0.00343815827092508,7.81810028477724e-05,0.00143098687192154,-2.79963463217816e-05,-0.00145763360344301,-0.00309583832367828,-0.000772668942974655,-0.00455833425046437,0.0058876121083061
gen=1_member=707,func,0.0125763833189329,-0.0117604404777645,0.00033553370785619,0.0144058235423695,0.0179731126083085,-0.00529882719509432,-0.00697038366334909,0.0229515234303645,-0.0260444070391468,0.0100779546784824
gen=1_member=708,func,0.00307106570710143,0.00257622876083503,-0.00211167274021337,0.0014980856357906,0.00206547647246419,-0.000185305819740887,-0.00259222306456634,0.000208182892604805,-0.00716101243282488,-0.000918381987351106
gen=1_member=709,func,-0.00269543086354915,0.0036042342929451,-0.00339153288493883,-0.00128053586637869,-0.00951174189850231,0.000364121810093282,0.00147594570729035,-0.00680867672880838,-0.00561780213054623,0.0041696252347034
gen=1_member=710,func,0.000148272749006165,0.000848346006720685,-0.00393462754396341,-0.00100710260242171,-4.87289603693899e-05,0.00155920535691105,0.00136178538164004,-0.00186533167116632,-0.000102769576120505,0.00596560289827857
gen=1_member=711,func,0.00116271476316274,-0.00143988206079406,-0.00156487531223572,0.000917779799570743,0.00352501775861649,0.00169615735572376,0.00200615442691833,-0.000756516702002661,0.00138334876765987,0.00707926138706838
gen=1_member=712,func,0.00119208471411466,-6.04155364755122e-05,-0.00273593664387652,0.00137697671222988,0.000140875038249664,0.00137354260158665,-0.000721373777567466,-0.00189011175619954,-0.00103974703833044,0.0030509983028405
gen=1_member=713,func,0.00123642548563648,0.000323857362375376,0.000159728178395859,0.00131394228719448,0.00346390013771744,0.00336186001059526,-0.00177089993074334,0.000893535763605632,-0.00334398190227508,0.00688886781297611
gen=1_member=714,func,0.00052244153932991,0.0028389437575643,-0.00148407131214864,-0.00498602683908895,0.00022880597121249,0.00440917244174785,-0.00698913425906402,0.0096459013389148,-0.0116226364772997,0.0107577144284962
gen=1_member=715,func,0.00729093740268997,0.00690645431384048,-0.00155617886593578,0.00257931621944312,0.00228559220742898,0.0131084892257528,-0.000261456720013187,-0.00333736161001637,-0.00139228067360056,0.00716960520249253
gen=1_member=716,func,0.00125047108607124,0.00282175197694663,-0.00147704648012953,0.000109328183666607,0.000471714075177267,0.00109074367761999,-0.00030123486771647,-0.000404349988996333,-0.00217798330671421,0.00367187363192314
gen=1_member=717,func,0.00122028616288395,0.00652862346128964,-0.00230763396765774,-0.00663329663840837,0.000809139993077527,-0.000236719076781781,-0.00519322499037333,0.0113071729538629,-0.0110776073945699,0.00973683174757999
gen=1_member=718,func,0.00156495076796794,0.0017398974860462,-0.00042799994977138,-0.00115388370362433,-0.00118481905108827,0.00152112153482261,-0.00104170588222766,7.73813009923105e-05,-0.00265312323019724,0.00107239669799521
gen=1_member=719,func,0.00164768428743792,0.003848210874139,-0.000513759195598608,0.000670477386008578,0.00081185816514023,0.0011342012343981,-0.000666467996045085,-2.37293507526434e-05,-0.00203150424971215,0.00323840815787973
gen=1_member=720,func,0.00436483581278411,0.000600757771052047,0.000793543317004949,0.00424806281244013,0.00796052701549767,0.0038476830125643,-0.0047290855406572,0.000848831011059606,-0.00878606155575089,0.00535884493989065
gen=1_member=721,func,-7.681523160172e-05,0.00172512710052386,-0.00258464967291928,0.00384862191594548,0.0050533094311966,-0.00224891531867658,-0.00649512719669223,0.00521289879712471,-0.00433452679124089,0.00458088981709411
gen=1_member=722,func,0.000130590258791128,0.00379150247073529,-0.00312141819350626,-7.33895185655867e-05,0.000451346350542534,-0.00131472496439416,-0.00183269583013165,0.00161378925561876,-0.00629382718874352,0.00590747391668439
gen=1_member=723,func,0.00106936037830721,-0.000469761814324108,-0.00183928475763672,0.000474192352853902,0.000894455962358067,0.000988445142889847,0.000450744891212934,-0.000945957451014849,-0.0008273039441076,0.00185037452934741
gen=1_member=724,func,-0.000187488572666143,0.00243771249139071,-1.46465430692029e-05,0.00244404880279672,0.00307751130363469,0.000205420676247702,-0.00231905946942246,-0.00155292711121904,-0.00377657694435974,0.00407726056997742
gen=1_member=725,func,0.00273461539212559,0.000210940494492203,-0.00285491851185345,0.00164518156811308,-0.00211813876258911,0.00240265154449163,-0.00072615583834002,-0.00187875624421547,-0.000878691165548946,0.00445221520841374
gen=1_member=726,func,0.00266755533757535,0.0022517302604874,-0.00281405120632971,0.00378929309219626,0.00607665543023805,0.00659242799681609,0.00262236931510716,-0.00118523245487283,-0.00112477578223495,0.0012122959135043
gen=1_member=727,func,0.000414477845094449,0.00338759626719657,-0.000941405870936756,-0.000493568457373916,-0.0011191691215849,0.00232524828731171,-0.00137982457169887,-0.000344390850408865,-0.00500115250511937,0.00205791551088742
gen=1_member=728,func,0.00409798647957528,0.00341946882681206,0.00183004741072692,0.000470556380463526,0.00039952310566438,0.00371081164571636,-0.000613733964532854,0.00643470991951907,-0.00319626240141361,0.00782884221476796
gen=1_member=729,func,0.00363139176381772,-0.00131526849074904,-0.00757838504704859,-0.000794541321007997,0.0120445343630407,0.00565188801331293,-0.00415238266500988,0.0166553177429106,-0.0124223166387649,0.0177892045509223
gen=1_member=730,func,0.000710350218868765,0.00417543316033289,0.00193398974737365,-0.000140691317148651,0.00361558140261112,-0.00131553824942113,-0.00289067373520592,-0.00019237878756547,-0.00294710316316842,0.00455352381413909
gen=1_member=731,func,3.38355238983411e-05,0.00204727126259792,-0.00170459141831832,0.000288161780663402,0.00206489038757418,-0.00061708913988934,-0.00220383370505944,-0.000185116960226684,-0.00239037254411013,0.0033276673711842
gen=1_member=732,func,0.00767808336133058,0.00390449341111056,-0.00366259767761293,0.00711588086944983,0.00224288098354191,0.00312798110292716,-0.00722343708085418,0.00938085017291127,-0.00499672806588522,0.00665454997669793
gen=1_member=733,func,-0.00299300289267573,0.00699009238797868,0.00116355546707724,0.0108047810963084,0.00795753170809257,0.00699936248195774,-0.00148547692690147,-0.00676636460592004,0.00320125531583258,0.00144554623673372
gen=1_member=734,func,0.00533641615388703,-0.00170846365507009,-0.00128674856431601,0.00252853997198828,0.00296285708208754,0.00272606509364248,-0.00456923641392133,0.00484057150626284,-0.00936161677027147,0.00364978472198826
gen=1_member=735,func,0.000762007440819237,0.000672678283371673,0.000158063366214906,0.00043789347355646,0.000857562259103192,-0.000213860569473552,-0.00158847412967429,0.00156342558909925,0.000172360424576716,0.00145641111170909
gen=1_member=736,func,0.00298991484293519,-0.000527143991644861,0.000395831216668154,0.00219188632347731,-0.0017543406053081,0.0027429727286197,-7.96946132165152e-05,0.00112939593027898,-0.00251288293569871,0.00316169640413058
gen=1_member=737,func,0.00169976117841636,0.00220326532511764,0.000742159577137515,-0.000216852183817283,0.00647156801512398,0.00185779890334171,0.00311489349188935,-0.000912652669909736,-0.00107706975173042,0.00318300084113048
gen=1_member=738,func,-0.000822205977081008,0.00253591522227949,-0.00331750504722426,-0.00299645869800535,0.00472438910542764,0.00261988882845479,-0.00381737552209724,0.00320660660515572,-0.00783845312083571,0.00106642270292237
gen=1_member=739,func,-0.000940724540426577,0.0044522189349385,0.000467526584117624,0.000658187542549984,0.00389845544163193,-0.00219370355974082,-0.00465194138829007,0.00125127458441199,-0.00373571110263313,0.00632963699340714
gen=1_member=740,func,0.00307092969218357,-0.000259091360310812,-0.000474981659180544,0.00229116948311316,0.000982884440592878,0.000354991292588829,-0.00336338631927934,0.00252948309069348,-0.00387626583866592,0.00456342002547666
gen=1_member=741,func,-0.00161164721621458,0.00194660842617788,-0.000406872341122475,0.00317781892603164,0.00226854092877966,-0.00186940848999809,-0.00329139863803964,-0.0034458748201209,-0.000111589411314784,0.00577365234250486
gen=1_member=742,func,0.0143910178626478,0.00056440617163674,-0.00204869652302942,0.00606323885566238,-0.0030650010255053,0.000185474665757418,-0.00853788800578479,0.00868377654539816,-0.0137639517865043,0.0183143364682542
gen=1_member=743,func,-0.00518199329187188,-0.0161115988486687,-0.00250009834575871,-0.0240242239453083,0.0352690126701317,0.00560604506866386,-0.0230729218707209,0.0138355434203617,-0.0220433627357441,0.00891329702572509
gen=1_member=744,func,0.00448554719920567,-0.00150590123279569,-0.00546059645705595,0.000643810502553951,0.00324589659225318,-0.00149278219434342,-0.00426466004651433,0.000984466381077793,-0.00541921080603665,0.00742376744235273
gen=1_member=745,func,0.0095165550104811,0.00181881432554225,0.00826934646955951,0.00415024635584067,0.00329117643916595,0.00711737698493719,-0.004664541696396,0.00522690911973511,-0.015275109396654,0.0046380630817697
gen=1_member=746,func,0.0065878697185928,-0.00484641881750342,0.00495847454827106,0.00309670528644081,0.00125404741649231,-1.56311429077849e-05,-0.00673242880413853,0.00395382595289663,-0.00560464815716881,0.00866831209584444
gen=1_member=747,func,-0.00300900287016384,-0.00291816330309922,0.00169603000718364,-0.011871555132249,0.0106759050329022,0.00158185254452768,-0.0125439224003219,0.0112373402086683,-0.0159573641745925,0.0201105432985028
gen=1_member=748,func,0.0278974044339201,0.00921919033012231,-0.0169683231907193,0.00319381166882668,0.000985983529995223,0.00448543321672764,-0.0120417093927223,0.0292390414969485,-0.0315135961692158,0.0108826009209137
gen=1_member=749,func,0.00455722522937918,0.00670409330937767,-0.00205485874654905,-0.00202534744367241,0.00570081261991501,0.00142881738686501,-0.00756954454320353,0.00611332455276386,-0.00774004298510518,0.0109786952866473
gen=1_member=750,func,-0.000213362024229789,0.00173673077543259,0.00176615564509776,0.00135204329275964,0.00207329732594833,0.00239228225682221,-0.00204837104761659,0.00171407653414475,-0.005274178421544,0.00363306162108509
gen=1_member=751,func,-0.00069237906034361,0.00164903474660295,-0.0019904151017208,-0.000651285584290363,0.000402493740055903,0.00135846115196999,-0.000939374203138977,-0.00013824628968832,-0.0029759136671212,0.00139784434414284
gen=1_member=752,func,0.00486303886947534,0.00213016605494638,0.00219568572418196,-0.00855986079552611,0.0146854224912777,-0.000607183550593693,-0.00477852040470868,0.0160712995298479,-0.0235463843856663,0.0208685112773142
gen=1_member=753,func,-0.00276268196288931,-0.000485269101425979,-0.0129338464536947,0.00335330926269986,-0.00111389767051915,-0.00042638966036277,-0.00435497602943767,-0.00770414769728248,0.00181970418938163,0.0129508737477216
gen=1_member=754,func,-0.0031236158513922,-0.0171109633576057,0.00751462951562325,0.00185714628908377,0.0256240417544109,-0.0174530432399708,-0.0100044556655092,0.0165148172121564,-0.0151997659445407,0.00841590570690447
gen=1_member=755,func,0.00442564649249084,-0.00208444336569883,-0.014103567388154,-0.00352351948156811,0.0081153285911131,-0.00636072845759273,-0.00401320966871137,0.00502791067292073,-0.00565749149193273,0.00474763984292915
gen=1_member=756,func,-0.00117019983282592,-0.00232902578232152,-0.00366408160919314,0.000871701156786143,0.00122796980424885,5.56579529907892e-05,-0.000425807885151556,-0.00212749357600406,-0.0024130912097184,0.000929999854784949
gen=1_member=757,func,-0.00232141086109854,0.00189710191763037,-0.00290963594434507,-0.000507928765483017,-0.00209257519366442,-0.000972287961785596,-0.000149594448247788,-0.00711766033522909,-0.00495999477638315,0.00446216321633902
gen=1_member=758,func,0.00105739538544931,0.00118651536175413,-0.000111702253255107,-0.000488560902687183,0.000764996226310393,0.00011506237660504,-0.00117796318235441,0.000813274943281521,-0.000535926529118104,0.00217131858699214
gen=1_member=759,func,-0.00325437208545923,-0.00298267752115718,-0.010837994284938,0.00191080012803423,-0.00236594941600117,0.00330592841202526,-0.00274390146900481,-0.00719261992031525,-0.00459858984605564,0.00626553560495947
gen=1_member=760,func,0.0208989402836545,-0.0036720879729548,-0.010745130407105,-0.0115118065486939,0.013229975286104,-0.00452063863093399,-0.0110426575989076,0.0107795645139238,-0.0175048744433232,0.0148492596279999
gen=1_member=761,func,0.000834339196418606,-0.00240088343413034,-0.00787147893115698,-0.000113774423109721,0.0028699538338563,0.00408537044133152,0.00551270908514955,-0.0102164953440344,-0.0139079553071617,0.00508504013098878
gen=1_member=762,func,0.00461148292948315,-0.00216442658921094,0.00628457191906111,0.00665688444321997,0.000185805928997486,0.00500235980547376,-0.0142540664346643,0.0103827191391769,-0.0174968387775326,0.0204293624785167
gen=1_member=763,func,0.00306218660312784,0.00309976287612043,0.0036072251179678,-0.00633245091026677,0.0098313378235682,0.000430152758575815,-0.00676033677608462,-0.00619220901710638,-0.00526971176887411,0.00594165133892522
gen=1_member=764,func,-0.0016295484871006,0.00459351021053456,-0.00106182575869883,0.00272849569717957,0.00695750501798814,-0.00117561908659321,-0.00131081401944418,0.00490195015246513,-0.00397645501844862,0.00684788385087633
gen=1_member=765,func,-0.000786887965162019,0.00179843120932052,-0.00521743315508399,0.00284239863381431,-0.000975414142137463,-0.000380680619255165,-0.00213593573411995,-0.0055421235901177,-0.00143023963361789,0.00628439766390825
gen=1_member=766,func,0.00177852242157088,0.00523595438451322,-0.000340125659747022,0.00109153618879114,0.000706709900351157,0.00084062529569913,-0.00316955428689371,0.00132790985387714,-0.00550479569052934,0.00393592221766708
gen=1_member=767,func,-0.00149873149190384,-0.0136970699535595,0.00162096457850613,0.012744864362345,0.0139486428948652,-0.00960328885538647,-0.00428123600536608,0.0190710240338116,-0.0242899768513909,0.0222339952743275
gen=1_member=768,func,0.0012790724728396,0.000262611151705476,-0.000568104803191415,0.000566474721223739,0.000381266318862931,0.000933416172434338,-0.000485607244835631,-1.47393132776051e-06,-0.00129343666519923,0.00133070645572014
gen=1_member=769,func,0.000359773300709757,-0.000431434521515259,0.000313901219063853,-0.00260102405366004,0.00343368329190236,-0.0010270202294743,-0.00299732134578099,0.00381882465123189,-0.00249320936863344,0.00425401877634794
gen=1_member=770,func,0.00354667960011968,0.00246341229438064,-0.00470765764330899,0.00445951843636261,0.0133653218633431,-0.000792035344440217,-0.00942114349086402,0.00702290170827719,-0.0113964386274642,0.00449760337799112
gen=1_member=771,func,-0.0124424014577941,-0.0235299694498373,-0.0132301921957549,-0.0111229226681835,0.0240933897707518,-0.0072422453497752,-0.0320868206442164,0.0321803423713081,-0.0288046833084748,0.00977870776213336
gen=1_member=772,func,-0.00201287797517363,0.00408913752565512,0.00352848913881336,-0.0102396212193698,0.00503713155848904,0.00716881256819307,-0.00405713768529395,0.00761844006122624,-0.0176624685853239,0.0144575269750171
gen=1_member=773,func,-7.98816025526297e-05,-0.00423746371104931,-0.00792747884961426,-0.0020088986378695,0.00291954878801973,0.00924257798995167,-0.0141057763162463,0.0122819223399355,-0.0149958283660279,0.0140443561836103
gen=1_member=774,func,0.000952155891548931,0.000960176277149259,-0.00063545234035821,0.000564910449172212,0.000307403795123145,0.000551833462552669,-0.000679231846790604,0.00135693724711069,-0.00148216417003205,0.00137597623641293
gen=1_member=775,func,0.00122388223273724,0.00210698484273982,-0.0026332941747347,-0.00012466066048375,0.000149328085210991,0.00196940597386426,6.0622556218668e-06,0.00118801786866992,-0.00228772773958689,0.0011675857597338
gen=1_member=776,func,-0.0015713504691192,0.00301866234298674,-0.0132139711383235,0.000943078926035894,-0.0024824168561804,0.00485194798742384,-0.00680336362901843,-0.00515038009901378,0.00556145953427833,0.00889669554621417
gen=1_member=777,func,-0.0105782180083236,0.00722135518742019,-0.000917207805513641,-0.00269607198635604,-0.00914241819716442,-0.000389514721240773,-0.00665376928241558,-0.0082038236205108,-0.00566102174334514,0.0140627792333163
gen=1_member=778,func,-0.0024097815328189,0.0037541858705413,-0.0223053088798853,-0.0026110627775922,-0.00195260601209385,0.000997978306229796,0.000789567157635645,-0.0113947837655622,-0.00281008477483568,0.00989013188951911
gen=1_member=779,func,0.000172572785240046,0.000628920655053813,-0.000969817351012983,-3.4862321990092e-05,0.00142342054206113,0.000301131114445978,-0.000687551116189762,-8.82126747099846e-05,-0.000770770024616758,0.00213360327972331
gen=1_member=780,func,-0.00796577316441325,0.0145597028487727,0.00118610731670008,0.00779855551491186,0.0027684644602536,-0.00699403084927319,-0.0181557322316723,0.043269727547955,-0.0263682957113981,0.00996851692109402
gen=1_member=781,func,0.00192248180201403,0.009264235793235,0.00509915259961524,0.0130537610204029,0.00577265008799976,-0.00479622798629392,-0.0077127017792654,0.0174036163483921,-0.0264307428570669,0.0163836733785984
gen=1_member=782,func,0.000136270461468102,0.000304265639203835,0.000354312596291711,-0.00031675421602689,-0.000290484042983128,0.00210980988897406,0.000489588712119084,-0.000414289023497509,-0.0034512505419776,0.00147169503163412
gen=1_member=783,func,-0.00135227664701267,-0.001768992207632,-0.00254616754519539,-0.00468578110473283,0.00403869932024376,-0.00181183354620346,-0.0108692212306947,0.0036602373919671,-0.00488317872953747,0.00476167364240613
gen=1_member=784,func,0.000907331698362134,-0.000730792186647785,0.000236801229921735,1.85329553018154e-05,0.00196765345648936,0.000452422241585443,-0.00140264161809192,-0.00162826648686746,0.000297770620112115,0.0037443538976752
gen=1_member=785,func,0.00376074837832425,-0.00781428947394825,-0.00827274693931414,0.00867195897487791,-0.00216917322367017,-0.00351069980432464,-0.00130036367297083,-0.00763477780944827,-0.00984186874602258,0.00854075707760515
gen=1_member=786,func,0.000690593960777775,0.00113904590532333,-0.00634186297297476,0.00522554240384659,-0.00117875004469411,0.000155499106262023,0.00109620019346066,-0.00236603908969846,-0.00469575538913749,0.00358993486771909
gen=1_member=787,func,0.00420616494026526,-0.00249458069666226,-0.0027850640290637,0.000428546773759357,-0.0010843924112644,0.00130410813021138,0.00166863603291695,0.00263541525031804,-0.0052217344978782,0.00222644343920249
gen=1_member=788,func,0.000696835119112105,0.000352684952006613,-0.00141154742007044,0.00049034233625863,-0.000905944209693062,0.000852111927323021,0.000484026977798774,0.000806371032815303,-0.00152913710240414,0.00144520413775636
gen=1_member=789,func,0.000463372042177579,-0.00220598658388706,-0.0072253983937134,0.00564197661374042,0.00150546472324334,0.00685308822794785,-0.000612311533587829,-0.00408861562833892,-0.00270613585931738,0.00516795063344219
gen=1_member=790,func,0.00183518599929206,-0.00710300902865816,-0.000571407218497766,0.0123931181715485,-0.000510622221087331,0.00529315750011527,0.00165128217110952,0.00162992897821177,0.00146570265368404,0.0083231484288893
gen=1_member=791,func,0.00984862269097918,-0.00226454812537084,-0.0107051057876949,0.00650015433643536,-0.00391062471311225,0.00114678575319016,-0.00471612770553941,-0.0033046895031046,0.00214577467420797,0.0127871740742756
gen=1_member=792,func,0.00316720629518421,-0.00610190313991112,-0.00367332705627653,0.00658286985285826,0.0016392937602986,-0.000830709864430265,-0.00231587590746373,-0.00293666182914216,-0.000210407148295745,0.00957733394705382
gen=1_member=793,func,0.0011137159165817,-0.000348786268564953,-0.000820439658242687,0.00179987208862378,0.00424457393378471,-0.000168598780779775,-0.00193165893352876,-0.000161651344756526,-0.00101683730228834,0.00377785707472214
gen=1_member=794,func,0.00526717133691681,0.00700288634229909,-0.00662973414020805,0.00209971547000104,0.00399167197381665,0.00506276962569777,-0.0108103336090243,0.0129724040429106,-0.0108400005444772,0.00680284020335816
gen=1_member=795,func,-0.000596299819488918,0.000795516758416873,-0.00276667515806396,0.000737433492020274,0.000146563302168241,0.0012648342845135,-0.000277279978876553,-0.00125594526492209,-0.00148288230032351,0.00280370687168269
gen=1_member=796,func,0.00151544340577238,-0.000562595666069012,0.00127128295278846,0.000234724585726825,0.00298833965906935,-0.000547908330717414,-0.00841776733295179,0.000271608714821491,-0.00326671874383425,0.00773449532467713
gen=1_member=797,func,-0.00015503342571624,0.00138458698962351,-2.91116541349733e-05,0.00247319210990877,0.000500794891576059,-0.00235979710781433,-0.00121776679278005,-0.00131491496130202,0.000306055355169224,0.00631626325043696
gen=1_member=798,func,0.000849846898166569,0.000291587026086409,-0.00197113082160767,0.00114035263280025,0.000334398320730606,0.00117989049868975,-9.19229334460299e-05,-0.000514155051402591,-0.00138338113341551,0.00194077524036279
gen=1_member=799,func,0.00331317251165673,-0.000859026937167826,0.00214383446350386,-0.000379930119124141,-0.000481018665053203,0.00127524419724047,-0.00417374810758365,0.00257245753586294,-0.00287717495142287,0.00610491394414363
gen=1_member=800,func,0.00182191494473152,0.00149868775525724,0.000510133406772549,0.00155976545798676,0.0011291019942699,-0.000861465810672955,-0.00594767033765473,0.0056054698164563,-0.00474245002589845,0.00425341771298312
gen=1_member=801,func,-0.0033807592160448,0.00340264895880829,-0.00138341080432414,-0.00206818837002386,0.00267497128814462,-0.00468476227807017,-0.0100335681142123,0.00443564713382036,-0.00908524395396757,0.00869362037110954
gen=1_member=802,func,-0.000527950672979752,-4.93139840734625e-05,-0.000777265850472621,-0.00120857194508427,0.00288870234525055,-0.000432261826584943,-0.00306565994842513,0.00141729954769698,-0.000913472743063176,0.00391972423343141
gen=1_member=803,func,0.00321068828772263,-0.000640343219789924,0.00408780878719587,0.00142304326057258,0.00456114726547331,0.00443048469774229,-0.00607933994474439,0.00307792724340685,-0.0114382665663851,0.00971791200608357
gen=1_member=804,func,-0.00218680219799671,0.00302961810276905,-0.00333286145948492,-0.00538774014217298,0.00749754969627018,-0.00884088039198412,-0.000557192143645652,0.00850548793464711,-0.0191282526226661,0.0103833631371373
gen=1_member=805,func,0.000960580750730876,-0.00183559614471371,-0.000489072168106193,-0.00144741634273659,-0.000772536931172471,0.00238781738753904,-0.000927025583165388,-0.00185005602584993,-5.67002173061682e-05,0.00423565904614464
gen=1_member=806,func,-0.00101308221935029,0.00148149462508617,0.000346856729828852,-0.000541546921589304,0.000319151932320872,-0.00144842858062826,-0.00655345331495792,0.00108536313244282,-0.00291470346910086,0.00557894551151213
gen=1_member=807,func,0.00289506535476173,-0.00394212538412636,-0.00538648674697913,0.00526131125472265,-0.00700760492899631,0.00220944949160513,-0.00131497704187433,-0.00421120545613285,-0.0028563553668666,0.00422804022574684
gen=1_member=808,func,-0.000435279940014967,-0.000129547320922077,-0.000294535586281693,0.00109137631242817,0.00334384206642212,-0.000351637467471735,-0.00211166821893156,-0.00121327065922805,0.000135812039822996,0.00381102867171608
gen=1_member=809,func,0.000303416873758422,0.00164905776067361,-0.00039644017502074,0.000326057117127194,-0.000130370589734412,0.000491085214776621,-0.000869928412291474,0.000344112056948591,-0.0015894718082359,0.00140690671075607
gen=1_member=810,func,0.00176023593775715,0.00319016054327327,-0.00037375193969578,8.61323956122136e-05,0.00281855251298728,0.00130545749949147,-0.00263334832601797,-0.000248238982817266,-0.00783548118808449,0.00056660805347227
gen=1_member=811,func,0.00245632278593938,-1.8038883490606e-05,0.00225679235989377,0.000411543731737246,-0.000246244508480715,-0.00282573287027483,0.000384179008496276,0.00255048150124368,-0.00682108795813127,0.00964456792394171
gen=1_member=812,func,0.0011660146479319,-0.000725291833694877,-0.00246868820704889,0.00222231052955687,-0.00232595392419919,-0.000307076318775643,-0.00233310602740815,-0.00393523854271138,-0.00464038518601703,0.00381936152077184
gen=1_member=813,func,-0.00135800727428736,-0.00457282900556011,-0.00604296895651391,-0.00220091559470361,0.00422670732463987,0.000484094191655952,-0.00505118148511041,0.00553074158276428,-0.00173804558568329,0.00271925554454489
gen=1_member=814,func,6.73243793270186e-05,0.000512623754019144,0.00106724019676724,-0.000645923985319443,-0.00022128589750278,-0.000168732552053536,-0.00213636423694859,0.00102872602810555,-0.00508289978392223,0.00187656139293413
gen=1_member=815,func,0.00508503222664651,0.00401304942037222,-0.0032234838402731,0.00158356417440557,0.006240505085179,2.58053555282297e-05,-0.00642083380057559,0.000687138699158398,-0.0024659333913811,0.00541949067805365
gen=1_member=816,func,-0.00209696018172799,-0.00379465337159377,4.66953498005193e-05,-0.00358198402420492,0.009013960299393,-0.00419460784751093,-0.000469267683436519,0.00739340687892118,-0.0135395607602642,0.00235404867761019
gen=1_member=817,func,-0.00255368583419528,-0.00334635226002458,-0.00443890786300731,-0.00432588684955296,0.00767087976125044,-0.00274374909425713,-0.00279933650104942,0.00349642143399571,-0.00494843128764935,0.00216840214068371
gen=1_member=818,func,-0.00128641180072305,0.00120441324265758,0.00045847298795669,-0.000253271234055488,0.00465766713922108,0.00129008215920751,-0.00182809087526476,0.00263592304554018,-0.00492827077741306,0.00448786742738181
gen=1_member=819,func,0.00597591228770235,0.00230801607366342,-0.00488931146139777,0.0042503982988336,0.00757247769797442,-0.0063528002863829,-0.0130709258500991,0.0109214950807739,-0.0148151733399497,0.0149590997331399
gen=1_member=820,func,0.012089530707166,-0.014114892406723,-0.0108789283521573,-0.018734337052417,0.00858033100439118,-0.00397512846960312,-0.00463080222525006,0.0192027811181107,-0.0344279969628082,0.00959022020753193
gen=1_member=821,func,-0.0143104308521545,0.00238061125386412,0.0206068245251765,0.00100485996371094,0.00493269953014524,-0.0189500599211501,-0.0243497329751788,0.0245913216983692,-0.0320046735748074,0.0330278662463243
gen=1_member=822,func,0.00136935047167147,0.000780617931604174,-0.000573665201865505,0.00041499566353519,-0.00102797118884153,0.000923234508823697,-0.00272842094148028,0.00502024215012125,-0.00256444991208297,0.00316287962652637
gen=1_member=823,func,0.00336644786258283,0.00041907364025041,-0.00116013481386113,-0.00257303227783381,0.00299402492833863,-0.00033667643108564,-0.0012697094858871,0.00232319343935248,-0.00493743191263353,5.41853819196027e-06
gen=1_member=824,func,0.00156954700123703,0.00558586216124103,-0.00117777042702653,0.00329941008102127,0.00441168674563674,-0.00346022941298136,-0.00432256714815118,0.00977808823853345,-0.00670182567322205,0.00800846081332156
gen=1_member=825,func,0.00147556181026194,-0.0052050863487123,-0.0034324533456397,-0.00109298373574038,0.005851785992853,-0.00551252921316807,-0.0130690088113381,0.00630798675109987,-0.00857793437296573,0.0063409256789537
gen=1_member=826,func,0.000970996111683024,0.000429342161367598,-0.0026342942535827,0.000764694790960484,0.00212318476019459,0.00208522857794073,0.000273406632987428,0.00272269627003406,-0.00490663649652506,0.00219273646845135
gen=1_member=827,func,0.00341661968163613,0.00286998178365785,-0.00164149230226923,-0.000204988617840499,-0.00299707394188211,0.0040188005687581,-0.00103708592583138,0.00219383571386782,-0.00263610243204107,0.00643353742386591
gen=1_member=828,func,-0.00254008414195984,0.00335961438349501,-0.000736396003213445,0.000800407993637427,0.00381922426495856,0.000370090724993203,-0.00466223930360239,0.000218553809990615,-0.00408153910032377,0.00479391116739681
gen=1_member=829,func,-0.00346933895111043,0.00414659592471554,-0.0125038516178527,-0.00308796717612787,-0.00765630982135122,0.0094458845592174,-0.00403236855622116,-0.00925257352677411,-0.00381199477645278,0.00533020865137414
gen=1_member=830,func,0.00169326639049058,0.0025509413743865,-0.00160408186712201,-0.000428089200303466,0.000598343750174985,-0.000219376129661351,-0.00122977489864787,0.000361833477248204,-0.00325949000496384,0.00430569713261236
gen=1_member=831,func,0.0033088067156307,-0.0020414533282049,-0.00226255455044004,-0.00332789015942038,-0.000572839054627398,0.00468617655924489,-0.00965486175467314,0.00810967725227475,-0.00727684163248863,0.00644401850562634
gen=1_member=832,func,0.00250289983508351,0.00410745637227722,-0.0110160656516083,0.00247480408384706,-0.000655359991085001,0.000126070005213001,-0.00304285775855087,-0.00317824395403677,0.00181127390661654,0.00979910624301458
gen=1_member=833,func,-0.00191725362957158,0.00123983494898345,-0.00371086386120985,9.79664078688303e-05,0.00042632498877406,0.00166616162501033,-0.00105763474515855,-0.0020251800313298,0.000439456631659095,0.00269906295459446
gen=1_member=834,func,0.00608280245728861,-0.00414228471137173,-3.36935661582038e-05,0.00347053826822157,-0.00224181438013885,0.00348558832620246,-0.00284588820980402,0.00329664165693928,-0.000697454611840432,0.00750840570625074
gen=1_member=835,func,0.00102452614941295,0.0053023470212764,-0.000249159587285776,-0.00221897047946114,-0.000111525231891716,-0.0046376447933423,-0.0106999942921279,0.00935853299122472,-0.00856765766136621,0.00943452653039969
gen=1_member=836,func,0.00242158110750108,0.00044829769261047,-0.000738600343494973,0.00115649357206501,0.0018985474082668,0.000589948443199213,-0.00280491506162592,0.00629183703194384,-0.00436263242561323,0.00134480836265499
gen=1_member=837,func,0.00258741809280299,0.00347581364765319,-0.0035703060122443,-0.00260109543762413,0.00125644471583933,-0.00245468467386871,-0.00446861575194939,0.00554454058776093,-0.0021632467651428,0.00378181906316989
gen=1_member=838,func,0.000667776474656762,-0.000163166540232386,0.000486657140313031,0.000447363985797211,0.000862561934695132,2.65065681122542e-05,-0.0013846453841702,0.0029087492051956,-0.000466548820548264,0.00165426361564677
gen=1_member=839,func,0.00283300298653149,0.0043547122714652,-0.00238545425649802,-0.00249272619182273,0.00125192581084266,0.00181996232026486,-0.00206900053030143,0.000536113919890924,-0.00166294836592239,0.00485568175651788
gen=1_member=840,func,0.000559759097208441,0.000735732083014278,-0.00160861199726604,0.00149568779259119,-5.71206927688862e-05,0.00124464935127908,-0.000731063892528801,-0.00132760012706446,-0.00129286423431851,0.00298649396885747
gen=1_member=841,func,-0.000878095226290422,0.00362701518077659,-0.00199016267075269,0.0023946086725523,0.00122366523509436,0.00250141819957496,-0.00513406761987208,0.00441829591439887,-0.009876664612135,0.00390240969448378
gen=1_member=842,func,-0.00463486591442325,0.0130307239914566,0.00821701169941588,0.00216490778502381,-0.00110192508772482,-0.0143326531271263,-0.0131759913639567,0.0215587378801397,-0.0174164060511663,0.0227567061732666
gen=1_member=843,func,0.000863184974009796,0.00326902669307478,-0.0024589036218715,0.000568148236408269,0.00210955728019915,0.000733100034361048,6.47869391498435e-05,0.000339475272393554,-0.0063356858722515,0.00483664939279226
gen=1_member=844,func,0.00629442228822096,0.00237075377292916,-0.00074781969361782,0.00187686110545453,0.00122025003498672,-0.000965391167728589,-0.00558662403372594,0.00199449492754046,-0.00533232111394218,0.0072922978495755
gen=1_member=845,func,0.000471752412885313,0.00239100581308964,-0.00111920204695766,-0.00110942089462114,0.00182527490416883,0.000899826671590714,-0.00122172371578808,0.00124414556486154,-0.00256859509578941,0.00103567768015003
gen=1_member=846,func,-0.000761464832136272,0.000474798196843118,-0.00195609815559995,0.000233134432062595,0.00166537172427973,-0.00034807366978813,0.00121727092013408,-0.000294828995793672,-0.00228820976202771,0.00240983586295813
gen=1_member=847,func,0.000983987178691252,0.00367213960834695,-0.00116338034930802,-0.000108814955119364,-0.00217506689688533,0.00257748636102845,0.00018705339218107,-0.00260381323732135,-0.00313552810082996,0.0031453151696837
gen=1_member=848,func,0.0114949570335309,-0.00360105283849681,0.00513759553699645,-0.00596301813970471,-0.000779356074612947,0.00295031530499328,-0.0117171689493805,0.00346000596668063,-0.0111785835116529,0.00413749712680889
gen=1_member=849,func,-0.00362202564631484,0.000342777914236941,-0.0073851537325533,-0.000838074696984123,0.000858167973331311,0.00509271985916729,-0.00210332787944412,-0.00516648703055511,-2.16362583673024e-05,0.00955711913646457
gen=1_member=850,func,0.000331180348650829,0.00154762037747445,0.00135778891566872,0.000936830443809171,-6.08279541556804e-05,-0.00208597452988315,-0.000715033917422435,0.00281809822488921,-0.00480675548925479,0.00504694398987375
gen=1_member=851,func,-0.00058546511809626,0.00127940271224184,-0.00570979024530605,-0.000858795803908343,0.00134199545738409,0.00128654539571902,-0.000427522179440694,-0.00147144855973631,-0.0017664630908088,0.00389180107465264
gen=1_member=852,func,-0.000529091895799409,-0.00597869441836753,-0.0105759408761304,0.00306187906749908,0.00117690995796099,-0.00291330225573983,0.00632755679481674,-0.00688519070153336,-0.00634816352619995,0.00568849105462452
gen=1_member=853,func,0.000136756237487919,0.00456506772197933,0.000770216234974169,0.00197990108617005,0.00332718245389663,0.000655650030668784,-0.00529724671178624,0.00456379453438334,-0.00403083020070341,0.00823912003462927
gen=1_member=854,func,0.000570369142848599,0.000854972934265128,-0.0012098414439724,0.000505861958581168,-0.000423308379975695,0.000914503971999194,-0.000171398178040217,0.000325693121034183,-0.00195727470459779,0.00133823074215208
gen=1_member=855,func,-0.00271472236696528,0.00603817829843281,-0.000250680073884909,0.00099689417910386,0.00263669781589056,-0.000507945149212311,-0.0065358016418926,0.00696225987160901,-0.0145031349843077,0.00569592954679914
gen=1_member=856,func,0.00167714466106023,-0.000995083725036534,-0.00340046868928386,0.00123866459648875,0.000382908374035688,0.000618037490731667,0.00151817715769368,0.00081469519028912,-0.00421239603745569,0.000846899832841422
gen=1_member=857,func,-0.000787145289714309,0.00184157524007634,0.000552552504933643,-6.58610585212087e-05,0.000749188504233842,-0.00102056055546487,-0.00113948629826951,0.00379577730604054,-0.00519549963407044,0.00308796830187858
gen=1_member=858,func,0.00793486260885565,-0.00461387599322428,-0.0134746028113404,0.00861464721230268,-0.00377524026839665,-0.00728009281969226,-0.00589965184984532,-0.0296908452288632,0.00909075890380653,0.0153834209426828
gen=1_member=859,func,-0.000972891687784703,0.00134494257957212,0.000504603606423557,0.00351185422339278,0.00348203557855348,0.000142596393061778,-0.00614711568993077,0.00481807072519269,-0.0120725902280007,0.00399688231926689
gen=1_member=860,func,0.00359633381214604,0.00643246347473606,0.00244673664102065,0.0116663488174979,0.00616133229808951,0.00694150815591322,0.00345851339724517,-0.00621145270462772,0.00175636784849068,0.00399620329770466
gen=1_member=861,func,0.0010400115994572,2.70308026197751e-05,-0.0185848650980688,0.0027985800194921,-0.00818138496796772,0.0044681668967346,-0.00658509336958427,-0.0207359109966331,0.00223706490545638,0.0261386602069424
gen=1_member=862,func,-0.00276320769664863,0.00152597492405767,-0.00317883147778709,0.00226588092414859,-0.00145129336934214,-0.000332832921517557,-0.00161650751439609,-0.0054832461724329,-0.000439270089037311,0.0075142248777393
gen=1_member=863,func,0.00432039952902018,-0.000168035591813125,-0.000902369741638338,0.000352969219552572,0.000742153225727465,0.00240241906525316,-0.00130945704743101,0.00201649490039723,-0.0029980715626074,0.00288307196288035
gen=1_member=864,func,-0.00333636781773063,-0.0067209741180865,0.00310376749936522,-0.0113507474475221,0.0134095635269231,-0.011966187460618,-0.0148083455607527,0.0082433638233875,-0.0229581955077347,0.00580775913819478
gen=1_member=865,func,0.00109663795437149,-0.00208135849046042,-0.0070328825776161,0.000812891043391704,0.000394466444290009,0.00555816591305433,0.000447901444797344,-0.00558299487280268,-0.00364663440441204,0.00621708661353622
gen=1_member=866,func,-0.000289644306277761,0.00128417883250961,-0.000272612819336344,0.000773829493411474,0.00162211829272177,0.000359281140831599,-0.00179668469227169,0.000996698059776537,-0.000824939325187395,0.00250338760790827
gen=1_member=867,func,-0.00235443719910195,0.00995101360511976,-0.0169304748006306,0.00687171619876051,0.0180572703232887,0.0149968920418264,-0.0298028713408772,0.0197384865147682,-0.0506457480009859,0.0150429549579056
gen=1_member=868,func,0.00328819094729215,0.00262379694141441,-0.000123510482248766,-0.00055953834382142,-0.000148813752363984,-0.00141437677516194,-0.00474027970370726,0.00227456244928395,-0.00760088288992904,0.00501702809399523
gen=1_member=869,func,0.00451191052928681,-0.000112884688669763,0.000296024796782692,0.00335481849895826,0.00227186543032545,0.000819926477653055,-0.000597746767763901,0.00524384740665937,-0.00620201893351386,0.0071779905270175
gen=1_member=870,func,0.00978472266201254,-0.00981951907387982,0.0099631998301702,0.00621323592193028,0.00201316112503857,0.00770542479810603,-0.00987188714237042,0.00815010407578498,-0.0222817904667658,0.0105254544896411
gen=1_member=871,func,-0.00256580876645826,-0.00241815643045144,-0.00594640757536197,-0.00018036117346489,0.00151039159469163,0.00122368415243292,-0.0046241467422603,-0.00455989555097847,-0.000517472561512306,0.00177946982007726
gen=1_member=872,func,0.0165916770668944,-0.00633884965696212,0.011489723922488,0.0122734318508152,0.00946571977174369,0.000119439648205113,-0.0134120694063437,0.0109853480331404,-0.0323515304084126,0.0104118669804833
gen=1_member=873,func,0.0115953795600317,-0.0110061474488487,0.0144930564852055,-0.0043612925123735,0.0230907863619998,0.00929172154558508,-0.0108968116313916,0.0125384607772346,-0.0239234204731556,0.0155498464347411
gen=1_member=874,func,0.00386771670686922,-0.00144982292938158,-0.000788009873736009,2.79437990955946e-05,0.00456918937607591,0.00503725975253582,0.00187438688090022,-0.00121905750255218,-0.007456053219795,0.00327811742153405
gen=1_member=875,func,-0.00326841502528936,0.000887781201884086,0.000864523624827062,-0.00767125652639048,0.00422643950739542,0.00512885819589909,-0.00565673442328452,0.00477941509067405,-0.0103675820900763,0.0162461075181365
gen=1_member=876,func,-0.00115115434459238,-0.00314276937766407,-0.00218313669722999,-0.00509097796346182,0.00632715705318932,0.0054355384943532,-0.000900317524368728,0.00746608329472635,-0.0022542374155051,0.00598348938263646
gen=1_member=877,func,-0.00228226219657002,0.00109717956953109,-0.00299593471810547,-0.000707931808218343,0.000248242515808968,0.00300965355235062,-0.000367434783844,-0.00245952619355616,-0.00155686913637278,0.0012040500784514
gen=1_member=878,func,0.0089120062629441,0.00890675935192786,0.00263718965409675,-0.00517465952586542,0.00119581305846646,-0.00424624662497717,-0.016077753426564,0.00440774960628862,-0.0100041328087585,0.0097381594631922
gen=1_member=879,func,0.0164892046051859,0.00764575015249146,-0.00396114283462479,-0.0121599569336057,0.0117905313704918,-0.00406483360415417,-0.00491689722708704,0.0144500413456173,-0.0131762332919751,0.0218547959723373
gen=1_member=880,func,0.00117335969875372,-0.00118608603736827,-0.00825071902639277,0.00425499349245656,-0.00321774384592893,0.00941187475443138,-2.54569207573691e-05,-0.0100800793824488,-0.0008137196915061,0.0109696706779397
gen=1_member=881,func,-0.00116592179369931,0.00453495340858201,-0.00126874265369991,-0.00229696282324377,0.00244663236530457,0.00230595492676591,-0.00298535003992145,0.00339994972100591,-0.0118470517525968,0.00214932044333792
gen=1_member=882,func,0.00198747769818751,-0.000432074668783824,-0.00286695619056072,0.00197450115380502,0.000333518501682614,-0.00112431972423091,-0.00245281875143866,0.00696853246378608,-0.0157022982461087,0.00223356116505671
gen=1_member=883,func,0.00268284791708014,9.5758345114449e-06,0.000506038711201301,-0.00189239500241435,0.000703730400810284,0.000199337201911248,-0.00130947604421576,0.00167386573668952,-0.0062254452832905,0.00071345082326
gen=1_member=884,func,0.00288632097247446,-0.000301467120828255,-0.00152338287888987,0.00196203170353526,0.0011139482369593,0.00151584858975995,-0.00561466891429504,0.00355850551596992,-0.00578070962828517,0.00566737632262334
gen=1_member=885,func,0.00284360981308656,-0.00210223149769612,-0.000570650465928061,-0.0049346208348798,0.00425794808238823,0.000713069758103388,-0.00961271936202794,0.0061284729900911,-0.00677534806637828,0.0110736721241977
gen=1_member=886,func,0.00350184909676762,0.000818854886554415,-0.00139014955685955,-0.0041349985583479,-0.000933595704194925,0.00501021423407331,-0.00298606728349714,0.00829034520428558,-0.00611481160088495,0.00641823236877521
gen=1_member=887,func,-0.00215861361235543,0.00968011180645384,0.036524013821835,-0.0118304350691328,0.0207630754018312,-0.000682731297564791,-0.0235143134387934,0.0228373133897359,-0.0440135173910291,0.0175677039867514
gen=1_member=888,func,0.000307999621622865,0.00959703155752836,0.00275952351583625,0.00597546516694562,0.00163456860454359,0.002871337403061,-0.0113388558959751,0.0112771524820019,-0.00952315328730487,0.0125549865331653
gen=1_member=889,func,0.0123722899106996,-0.00163642807429746,-0.00182201092316865,-0.00174938695386811,0.0136210985902304,0.00404606040184304,-0.0212726788400335,0.00939497531002808,-0.0162077321489825,0.0148962026654922
gen=1_member=890,func,0.00213544877373639,0.000491982176879737,-0.00192542964904689,-0.000167748321427249,0.0011676954741259,0.0019968325879431,-0.00186085453159797,0.00179388516853975,-0.00272327335811079,0.00265487445167076
gen=1_member=891,func,0.00297358237548626,-0.00301616555623752,0.000757205369947469,0.00234260097656694,0.00260562086854068,-0.00529337650720025,-0.00955957214516782,0.00933331092683022,-0.00883869939008833,0.0043082845602577
gen=1_member=892,func,0.00254105316939138,-2.69067976630472e-05,-0.00865667078681214,-0.000524907072072315,-0.00470844168273132,0.00700859236967966,-0.000231739377336245,-0.00388210985832267,-0.00225914931943946,0.0100231135266353
gen=1_member=893,func,0.000799003314106204,0.00143915572537461,-0.000589878180641711,6.50721711936203e-05,-0.000219509914421238,0.0010082423227378,-0.000480357183975936,-5.96089694462743e-05,-0.00138269001451194,0.00234452663558843
gen=1_member=894,func,0.00254187049340314,-0.00284126745375983,-0.00393532663178222,0.0019882099129754,0.000789238962934424,0.00175797635470799,-0.000747687734585262,0.000148925197775953,-0.00159798246652184,0.00223029898505216
gen=1_member=895,func,0.00412670126030805,-0.00230186871175413,1.4827997087029e-05,0.00069130580601884,0.000617310855654853,0.000987619184210619,-0.00270356183979581,0.00336984329556285,-0.00538089785828181,0.00367650130020709
gen=1_member=896,func,0.00287507009883029,0.00149201346783803,-0.000703953588747172,-0.00123054436456828,-0.000287081297604354,0.00197483507310229,-0.00285095666302391,0.00268956364007771,-0.00300451328022408,0.00360096461401867
gen=1_member=897,func,0.00290225766958788,0.00539633797786427,0.00723079710404039,0.00282720223670889,-0.00121506046859779,0.00290602046041037,-0.00913179572023262,0.00432090494216597,-0.0103481877131404,0.0116369270519855
gen=1_member=898,func,0.00370226717491122,0.0050978614939786,-0.000436633903490749,-5.41373436143113e-05,0.0083563856232296,-0.00881783863028579,-0.00740573339449356,0.00716758924672348,-0.00803891939717057,0.0141848284022745
gen=1_member=899,func,0.00182567820406844,0.00181688171861979,-0.00154199979143069,-0.00169782552405112,0.00303204579703366,-0.0012037293794583,-0.00382743205119431,0.00203080399374743,-0.00323279242815035,0.00592711914579225
