real_name,obs_name,x1,x10,x2,x3,x4,x5,x6,x7,x8,x9
gen=0_member=0,func,0.00822485278439939,0.0192330733723336,-0.00528083092471841,-0.0164429677642281,-0.0150353416638286,0.0121304924159358,0.00421654246511388,0.0099229264858814,0.017035623039261,0.0205743435267497
gen=0_member=1,func,-0.00128867117774299,0.004415888534517,-0.00160758052772476,0.0144939088832769,0.00192573922088079,0.0102151640638183,-0.007929518570356,0.00471269977772184,0.00950376939392398,0.0149379281629638
gen=0_member=2,func,-0.00730348009035246,-0.00907131114284334,-0.00136582110874299,0.00923027376154271,0.009052078702602,-0.00942872557531152,0.00140497824330211,0.00125594829541279,-0.000849299445090577,-0.00531089850221287
gen=0_member=3,func,-0.00244221686264974,-0.00446045080316481,-0.00236150053999224,-0.00130994055654128,-0.000588182151867102,-0.00536894630753333,-0.00123880820112532,0.000222600196274384,0.000283431197102866,-0.00599056346415215
gen=0_member=4,func,-0.011059964786888,0.0155695065402173,0.00401606714174956,-0.010547657618138,-0.00668889490772107,0.00899771938846891,0.0271703151421561,0.00355487817384269,0.00406829425585445,-0.00779655175951546
gen=0_member=5,func,0.000799291670488021,0.0221804964739197,0.00727505627745736,0.00274968193488807,-0.00184211162909865,-0.00609548364127053,-0.000809877674446919,0.013936391634529,0.00311123666006763,0.00415634650458298
gen=0_member=6,func,0.00336989982420421,0.00408692958949078,-0.0135980610030656,-0.0132573576784312,0.00058265140637547,-0.0129542480251204,0.00712212266605325,-0.00376319680894248,0.00278318495373671,0.011439779937168
gen=0_member=7,func,0.00622834585568179,0.00670778027975447,-0.00624918344524901,0.0092498860319843,-0.0451278536984967,-0.0113033709651509,-0.0132621481935652,-0.00489917162022845,0.025568546828834,-0.0288697687330395
gen=0_member=8,func,-0.00347983882703722,-0.0143657123741805,-0.0293402874317415,0.00692441665875957,0.0278314504441783,-0.0156379114414153,-0.00199352191549679,0.0127724199574292,0.0249550005046221,-0.00881610359720024
gen=0_member=9,func,-0.00362226587557542,-0.000596655639855292,-0.0107028618304752,-0.00440062051231583,-0.00496951762480444,0.00141242172250572,0.00565501205372757,0.00386709944566401,-0.004022227390336,0.000942244803767381
gen=0_member=10,func,-0.0192549728567169,-0.0151033808332122,-0.028644542429727,0.0143373507354567,0.0108462545826184,0.00745376716996139,0.00438804209485887,0.027214083909311,-0.0226311220073041,0.0169562866731309
gen=0_member=11,func,-0.0017952730854254,-0.00349934559704707,-0.00125211260547416,0.0014321883465633,0.000671322138871698,-0.00167809431317675,0.00151717543115075,-0.000745988758315906,4.42156686935924e-05,0.00113723875464355
gen=0_member=12,func,0.0015174976362841,0.00655018476731451,0.00246384054845078,0.00904567856338378,-0.00132748754559067,0.00108405975112931,-0.00153769805348458,0.00137134259488859,0.000286116885474675,-0.00154529015847658
gen=0_member=13,func,-0.000916202774207306,-0.000140919299287404,0.000918636004842858,-0.00112000936216808,-5.79926541486979e-05,1.14107782649757e-05,-0.00103998524736134,-0.00102120497732849,-0.000175672986192833,-0.00126568003628474
gen=0_member=14,func,-0.000775128333813741,0.00397598202170489,-0.00170271040682764,0.000568976284421074,-0.00302404257945132,0.00105658625088459,0.00507139012414154,-0.00432935862387871,0.00123786741421592,-0.000187650057725081
gen=0_member=15,func,0.00371934665997571,0.00532669803710744,-0.00771571463976995,-0.00544715138637507,-0.00640914118005871,-0.00971645490371669,0.00632343755516248,0.0095396640753876,-0.00478473208656569,-0.00128281663827204
gen=0_member=16,func,0.00475188784064702,-0.00586698824028626,-0.00168525209641003,0.00627122518554794,-0.00253119463145954,-0.00277623484898068,-0.00261898644594156,0.00745151086057498,-0.00247787470068358,-0.0024844330773016
gen=0_member=17,func,0.0378771029516665,-0.0646703396316833,-0.0266572150089795,0.0450751832756717,0.0191639361401292,-0.0248087518861762,-0.0467399071240026,0.0230735953155298,-0.041784495233228,0.0571487468220236
gen=0_member=18,func,-0.0425140497377691,0.0170003202794582,-0.0239040447828557,0.0132205555432367,-0.00728555507276593,0.00665816786373343,-0.0290254611263231,0.00360096101078388,0.0146454030876853,0.000471559468358832
gen=0_member=19,func,0.00310372798671936,0.0142309239227578,-0.00222327308212871,0.0232086647508399,-0.0763604518959903,-0.0102466766147216,-0.0483043311791107,0.00728301164431687,0.0459730749990234,-0.04964582388372
gen=0_member=20,func,-0.00369369570833054,0.00686684542882703,0.00312882724309122,-0.0305578595383002,0.00309882005700726,-0.0139899588857369,-0.00653714005268183,-0.0366173017027621,-0.0375977620291458,0.0110205846578167
gen=0_member=21,func,-0.00327981853387158,-0.00573348687797839,-0.000502112476044313,-0.0128724554861914,-0.00393054590991706,-0.00835856838146722,-0.00260021140281319,0.0174525974907569,0.00219061094146708,-3.53820189682497e-06
gen=0_member=22,func,-0.0101494856615549,0.00880932646783543,-0.00495009924861525,-0.000133989089330319,-0.00843836649989267,-0.00433462029224932,-0.00974027350069441,-0.00272232461404033,-0.0101045218713451,0.00304693589267408
gen=0_member=23,func,-0.00144343563846339,0.00423233979873052,-0.00158521173290266,0.00571566485906226,-0.00118208821564105,0.00444680025473622,-0.00577142372389686,0.000104833697489852,-0.00408014193636283,-0.00586144734407241
gen=0_member=24,func,-0.00214511819334836,0.00185880619547961,0.000330800590256816,0.000140306397089665,0.000319734959921721,0.00045882477508194,0.0014481528976652,-0.00236321822245506,-0.000903644191842035,0.00161370538470213
gen=0_member=25,func,0.00237249875536723,0.0041180275827635,0.00557712559270303,0.00638856335708766,-0.00590426561704477,0.00625918874395124,0.00114424658778221,0.00843124829332652,-0.00446984421941304,-0.00286475566922272
gen=0_member=26,func,-0.00539632864397175,-0.000800322584552875,0.000836674587137716,0.00943801598244907,9.26607593364471e-05,-0.00102770001412668,-0.00839821484430347,-0.0127820202056587,0.00502928914045387,0.00309595034867609
gen=0_member=27,func,-0.0030776891624567,0.000634083207329729,-0.000536422511181844,0.00183766066447754,0.000924830709102537,-0.00178813480143526,-0.000291042246515643,-0.00211480864586577,-0.000628641067715305,-0.00051948531072314
gen=0_member=28,func,0.000464764504778194,0.00207538004140335,-0.000950929282942172,0.00501234440706186,-0.0018747318859921,-0.0036154598198978,0.00256025762337855,0.010591899692678,0.00822690735956323,0.0111924070217725
gen=0_member=29,func,-0.0177435968546842,0.00785353573805303,-0.00299185290339797,-0.0176181128157811,-0.000280935121920022,-0.00612097736572017,0.00733831772406626,-0.0165659603144026,-0.00700732040552022,0.0025994732633681
gen=0_member=30,func,-0.00442765776676161,0.00134269233343751,-0.0115529225825735,-0.00905630506030014,0.00307058874784763,-0.00962767688797644,0.00494080280516299,-0.000468126281537398,0.00319757170789193,0.0140009050320129
gen=0_member=31,func,-0.00429309513895625,0.00050206031705305,0.00499287246645403,-0.00249576950787423,0.0043721622882651,0.00317089683025558,0.00270971400263921,0.00332279131559447,-0.0011104589274938,-0.00332493427908975
gen=0_member=32,func,-0.000538642427189713,-0.000526056672665351,-0.000174318567901255,0.00193203554705971,-0.00183776302265716,0.00403534399455335,-0.000651904042885703,-0.000587155199447951,0.000182556002752888,0.00224908074105873
gen=0_member=33,func,-0.0119912160462292,-0.0112201069514374,0.00357201614417729,-0.000348052546097071,0.00185984864755118,0.0110837759393043,-0.00910185296743583,0.00463275225799058,0.00120521778008182,0.00245575986418662
gen=0_member=34,func,0.00866095916328977,-0.00666138431881622,0.00389311047083872,-0.00753816614127476,-0.00423165450666717,0.00947134990861557,-0.00467700665712823,0.00762183958734271,0.00388966243817631,-0.0132160605936894
gen=0_member=35,func,-0.0039798067587805,-0.0023167774315642,-0.000722399211913127,0.00577875466075226,-0.00282633472047363,0.0120082098433067,-0.00182063465154342,0.00107303809236626,-0.000564499050512082,0.00633947107308055
gen=0_member=36,func,-0.00405782412559499,-0.0210304421341566,-0.00492549973079531,-0.00243064879298833,-0.00510855771388774,-0.00437556104040482,0.0137890827009946,-0.00995017073844905,-0.00681842583500962,-0.00734798385611423
gen=0_member=37,func,0.00752050968117666,0.00569128976657119,-0.00245182010747316,0.00668607349371255,0.0068266264512945,0.00469793136923691,-0.000176008190834156,0.00391650947476181,-0.00149320959548729,0.00335021964437326
gen=0_member=38,func,0.00968391577426,-0.0266291783679808,0.022767732143539,0.00990636802293289,-0.0373460930498693,0.0030998466209157,0.00692781236031403,-0.00545813280199661,0.0131340100653851,0.0515142949559748
gen=0_member=39,func,-0.0058528605636891,-0.0113678913409876,0.0051115225152142,0.0128089650444171,-0.00531553774112598,0.0146698538201631,0.0166594706482578,-0.0132732183133722,0.00574988769191692,-0.0174333681904773
gen=0_member=40,func,0.00183145085807868,0.0033766376256225,0.00431752672511829,-0.00697015704746012,0.00264103051124197,0.0018527489327149,0.0012117535296205,-0.00190458179869236,0.00052741564338162,0.00268822285263739
gen=0_member=41,func,-0.00611678041586942,-0.00583911420118711,-0.00210979305845112,0.00235260680437071,0.00508699081850249,0.000189474378361521,0.00348537225587938,0.00159932437158673,-0.00229636468170281,-0.00243800412445041
gen=0_member=42,func,-0.00531408529034872,-0.0168766115927947,0.00592205632036793,0.000355848861361425,-0.00137262812648884,-0.00426716071470308,-0.0045700402757174,0.00858740627407575,0.0064855475424791,-0.0120164535195295
gen=0_member=43,func,-0.0013444706861326,-0.00145377106782545,-0.0026616688063418,-0.0145627731844069,-0.00608049745475508,0.00269398293818705,-0.0100303296218143,0.00225185154748005,0.00336498799438837,0.00102049230324701
gen=0_member=44,func,-0.00134167666571714,0.00468244089797376,-0.00161447356870522,0.000967644801306445,-4.33256080100238e-05,6.24681383870327e-05,-0.0076605526866276,0.00216067677860829,0.00568874864383357,0.00444940388834315
gen=0_member=45,func,-0.00466009854722799,0.000604694063810805,-0.00292486571281821,0.000398985656207537,-0.00446327104239123,0.00320141635153603,0.00267135796626014,-5.82494153459506e-05,0.00206959568842283,-0.00154385197381334
gen=0_member=46,func,0.00323267112343437,0.00694158283079089,-0.00737521701740645,0.00399191530854991,-0.0175830029778171,-0.0042590458445754,0.00869154432829951,0.00248056510160004,0.00639293786351149,0.000750249167982587
gen=0_member=47,func,5.05189015200154e-05,-0.00102317550519053,0.0131633300568978,-0.00747275780617163,0.0049728276221781,0.00272456975265485,0.00176572446191888,0.00161790560813313,-0.00312650331971202,0.00113626941349737
gen=0_member=48,func,-0.00152734752326972,-0.00784148948706434,-0.00441873924789317,0.00478915400907843,-0.00423546981149832,0.0179123541150605,0.0026922829651729,0.00323434630068761,-0.00702429240609707,0.00339324921337298
gen=0_member=49,func,-0.0028649164423353,-0.00369518235742318,0.00168983684786441,0.00338124390724438,-0.0021597870618466,-0.000372921077224222,0.0069795875452165,0.000682373211505024,-0.00580410540032206,-0.00596501204390317
gen=0_member=50,func,-0.0204922062395676,0.0211994073660264,-0.0310584750879672,-0.00561691840196628,-0.0401990823463185,-0.00270784533113505,-0.0328509313572317,-0.0193513402975173,0.010960951670172,0.0622345499833041
gen=0_member=51,func,0.00179001280398043,0.00475401712679354,0.00523812151158047,-1.92074144333533e-05,-0.00218146934580377,-0.00269498422202648,0.0111319487683673,0.016433184618061,0.0107276785557192,0.00521668990211686
gen=0_member=52,func,-0.000672623447509524,0.0022907879859638,8.06527962308407e-05,0.00317671898145046,-0.00088495337345954,0.000251078418805116,-0.00409350905570192,-0.0040232258795607,-0.000402725995590697,0.000885964121121582
gen=0_member=53,func,-0.00930526777169319,-0.00780101197878683,-0.000927455392240546,0.0215404498012968,0.0167157164495666,0.00719268478424365,0.0303766016581843,0.00521236512173773,-0.00377554837968318,0.0119994067424314
gen=0_member=54,func,-0.00778892960272809,-0.00797680984390511,0.00236480379203193,-0.00147434926836316,0.0012515168802477,-0.00292703547570062,0.00888259636847566,0.000259150751922101,-0.00790999553049656,0.000172552253942749
gen=0_member=55,func,0.00532571356753737,0.00870663951110955,-0.00285966245335542,0.00217812185170102,-0.000606279284060928,-0.00108925330111728,-0.00505607347732697,0.0109858607836543,0.00523041234039857,0.00275351395340178
gen=0_member=56,func,-0.00880062626682882,0.0112373896284784,0.0241911772351301,-0.0237149131091485,-0.00996542937577921,-0.0232471936024618,0.0212008395233878,0.00117924565969091,-0.0130417318084509,0.00149931905684699
gen=0_member=57,func,-0.0303234061056322,-0.0148707506662851,-0.0321012896500516,0.0295326927224815,0.0200685563000707,-0.00779764811564156,-0.0102895289391959,0.0450560104791357,-0.0261550294275672,0.0380178158964855
gen=0_member=58,func,0.00957972917103643,0.00431821017702472,0.0295156139808456,0.0101400411241856,0.0155803922691807,0.0188496503311616,-0.0119618919614215,0.00364245948453544,0.0163744016952384,0.000101643689443954
gen=0_member=59,func,-0.00391411515302723,0.00566233816554341,-0.00281539327840338,5.76445382141815e-05,-0.00076926250548508,0.00073411198611154,-0.000156730034216402,0.00651932389665457,0.00469832213434613,0.00874143132046684
gen=0_member=60,func,0.00116151518499725,-0.0016412519963494,0.000146646032439475,0.000258512220824426,-0.00221788527074336,0.000329542384978956,-0.000335794313812731,0.000566651110036806,-0.000461220692624448,0.00172850298713175
gen=0_member=61,func,-0.0193453078552764,0.0278913832111881,-0.0250042299874247,0.0253701565630167,0.0170911612496729,-0.00348966461394842,-0.0462096213073753,0.00149981259723247,0.00689773974378122,-0.00231683304596865
gen=0_member=62,func,-0.00294202085510724,-0.0171354737705064,-0.0092988531765847,0.00607374171839104,-0.000946919693782996,-0.00548188648245495,-0.00259381044807001,0.00361700741208069,-0.0101141965865806,0.00944344521991506
gen=0_member=63,func,-0.0152800345627421,0.00481585265598506,-0.00904403923343272,0.00500301315352923,-0.00567469112538252,0.00648745359918455,0.010261097626305,0.00263401716142583,0.00600761795278388,-0.000245236372154969
gen=0_member=64,func,0.00207180857726803,-0.00246575955398236,4.99946497796337e-05,-0.00362291582216392,0.00146756432015793,0.00271371028128595,0.00138726011758604,0.00375094740616054,-0.00158388638183738,0.00238027245471236
gen=0_member=65,func,0.00404347209580761,-0.00108048200656265,0.00286709793842065,-0.00135943144433582,0.00135985736080536,-0.00203891366828393,-0.00374012505514477,0.00486388651010971,0.00273171286264244,0.00412646792247555
gen=0_member=66,func,-0.00459483421916152,-0.0294638781963739,0.0501321056413663,0.0361536376700721,0.0307759059861187,0.0473607155142021,-0.00849107131844958,0.0176221371694244,0.021778754236892,0.00775377431748262
gen=0_member=67,func,0.0462082053030499,-0.0590549704809076,-0.0242142393133857,0.0439514971008297,0.0200356365557608,-0.0109088266542971,-0.0472410390113904,0.017322478753813,-0.0360733883257605,0.0590705313846816
gen=0_member=68,func,-0.00940331514807669,0.0146521535508724,-0.00300604558190391,-0.0169529008185234,0.000973540379823693,0.014275312631781,0.00220211487599071,0.0056676676627269,-0.0244705305471698,-0.00154639237859468
gen=0_member=69,func,0.000718081632354394,-6.6591487302189e-05,8.14710203645723e-05,0.00240507112877269,7.29593552085696e-05,0.00245099877780851,9.54691845144709e-05,-0.00763379264052167,-0.0021513902310825,-0.00625928695648539
gen=0_member=70,func,0.00467962410698827,-0.00623412115962779,-0.0134202221047359,0.0050340191954006,0.0153408985740217,-0.00351868831756843,0.00979859560312776,-0.0126198463384082,-0.0076999566450271,0.00387907678985046
gen=0_member=71,func,-0.000524141492474366,0.0213093549301611,-0.00500308503644892,-0.0201492533517108,-0.00887770660876587,0.00258749673494426,0.0105350727088194,0.00364498846061523,0.00293575495687392,0.00847311354168525
gen=0_member=72,func,-0.00212732660796503,-0.00419342770356934,-0.0103433710360402,0.00323747600052225,0.0147983720209005,-0.00452175838784669,0.00429847437974611,0.00662700265286559,0.00771256018546059,-0.00673429813452544
gen=0_member=73,func,0.00556300956805546,-0.00420484673685677,-0.0151330188355057,0.00143843536757665,0.0146780707962382,0.00526446043302348,0.000518438730064146,0.0111627010786884,-0.0117470522424744,0.0119131193548981
gen=0_member=74,func,-0.00049606438438171,0.00520692134725644,-0.00182214452739862,-0.0206743884369785,-6.62692122143874e-05,0.0151471379156881,-0.00409928869524876,0.00183343176591308,0.00185419719391097,0.0102745971511914
gen=0_member=75,func,-0.00180541743128118,-0.0218290324157827,0.0111373641462911,-0.00117488511928027,-0.00905857953367904,-0.00830965717185484,0.00987517733713361,0.0094102856850719,0.014801305901168,0.008468478653839
gen=0_member=76,func,-0.00508038395251888,0.00347592975613766,0.00137506365768499,0.000428647149355499,-0.00346500633188378,-0.000320656819513378,-0.0169084935889774,0.00444553223220003,0.0086046674061724,0.00782655559335579
gen=0_member=77,func,0.00777723152923828,0.00767311037210498,0.0109184943220756,-0.00224576124561532,0.00361560866644925,-0.00299079968371898,-0.00497645292863121,0.0157553869680266,0.00241875100159124,0.0002865845874165
gen=0_member=78,func,-0.00063622334448258,0.00632521091628098,0.000745536554675476,-0.00626848865387071,-0.0147528387293152,3.41205753013867e-05,-0.034232598544807,0.00540347831420561,-0.00228662933109066,-0.00975090720493051
gen=0_member=79,func,0.00886682272897694,0.00818546018286355,0.0103615577251517,-0.0046466190398968,-0.0154551776685551,-0.0029474590505844,0.00500886714869651,-0.00174028216926561,-0.00287274358534404,-0.0105840065235659
gen=0_member=80,func,-0.0120730940234598,-0.0183213412947975,-0.033340129564987,0.00093655309890659,-0.0172960892583277,0.0152659180641489,0.00243964096310828,0.000456987946273403,-0.0115581163773039,0.0252042310152922
gen=0_member=81,func,-0.00598851475000979,-0.00138478636832889,0.00068293828441588,0.00178385416777484,-0.00233498845224474,0.00724084429995554,0.00101511163489944,-0.00250797502435699,-0.000262259320828993,0.00204025222761804
gen=0_member=82,func,-0.00176896592613759,0.0013820383057318,0.00160071058667416,0.00427173888009712,0.000617684788326951,0.00544132712742463,0.00459493021114849,-0.00172546338182131,-0.00206952533714968,-0.00202584563431507
gen=0_member=83,func,0.0271451222273774,0.0257904953234198,0.0197487252453508,0.00107858977125108,-0.00269647543348928,-0.00404343253356915,0.00700729088212478,-0.0225570490603515,0.0200335296826911,-0.00771902383450376
gen=0_member=84,func,-0.000410663579987144,0.000381026182445517,0.00052022171107198,0.00232810968925301,-0.000657137858940981,0.00136828538443055,-0.00140773940234173,0.00180572423378596,-0.000166850125939043,0.000356174900151494
gen=0_member=85,func,-0.0439418005988154,-0.121837165442377,0.035101393449503,-0.00298398471551862,0.025421252287195,0.0129072633443085,0.00546761997367216,0.047599699684855,0.0605508044960831,-0.0116816109666298
gen=0_member=86,func,0.000699026661787834,0.000461692292072541,0.001053708232247,0.00226879608452726,-0.000762600717832784,0.00144561493675812,-0.00270236017124978,0.000592691747825771,0.00201290106471603,-0.00107398027061462
gen=0_member=87,func,-0.00386427822328468,0.0110792057059216,-0.00517372506433359,-0.00571920903448691,0.00430589965435215,-0.00270027586426591,-0.00358021225117223,-0.00110481943432642,0.000228207698223986,-0.00612663665145057
gen=0_member=88,func,0.0108754070413889,0.0187908195509205,-0.0154094076646805,-0.0338870964560167,-0.00705893584797186,-0.0165925969232379,-0.00550232855516518,-0.00785040488764683,-0.00122891931394869,-0.0073869552290682
gen=0_member=89,func,-0.0264797636452943,0.00567736423279905,-0.0148512102432162,0.0121500441031398,-0.0366608378281617,0.0205478315967427,0.0272932644527199,0.0340548584868781,0.0192779593181642,0.0591734281204869
gen=0_member=90,func,-0.00762880178782046,0.0120399653718509,-0.00494553844420645,0.00799340645747885,-0.000134035524220361,-0.000800002918814012,-0.0135691239282952,-0.000909966342580138,-0.00596209635035192,-0.00597130469653737
gen=0_member=91,func,0.0103056431380641,-0.000291330547965728,-0.00764173330832377,-0.0137384412514853,-0.020928309962896,-0.00776611549118806,-0.00152709957516899,-0.00103825486823749,-0.00672373240381677,0.0120119227562825
gen=0_member=92,func,0.00176090360719747,0.0108773696088276,0.0126188447673291,0.00160438773367801,0.000918660223972705,0.00712346174374288,-0.0016465138845584,-0.00632824622196288,0.0105038210469692,0.00294655027109031
gen=0_member=93,func,0.00623935368759772,0.000616980980953591,-0.011277967176959,0.00207460878523603,0.00615645121199127,-0.0109888416882422,0.00177971745615724,-0.00712290226747155,-0.00845530325763644,0.00326108063193624
gen=0_member=94,func,0.00270700209424195,0.0031904896084858,0.0016591433876189,5.61532133864156e-05,-0.00167182886580591,-0.000243165542723317,-0.000579253694287516,0.00199406546827079,-0.00117634498347388,-1.68512207061635e-05
gen=0_member=95,func,0.000769579012115092,0.00566451244098524,0.000327096119601235,0.000768727124851687,-0.00200147522701843,0.00199168581288764,-0.00397446065374658,0.00200333156371713,0.00498108409994458,0.00173004961128582
gen=0_member=96,func,0.0259853643147506,-0.0131265305737815,0.00665908372384865,0.0129345159940944,0.0303038581082786,0.00521972617038569,-0.030386588364128,-0.010316289210145,-0.0171933845328286,-0.0316451159170488
gen=0_member=97,func,-0.00561087975949095,0.0123320916036112,-0.00855792554098002,0.0244518364520443,0.003248030370333,0.0136589127021485,-0.0140446891305687,0.00743947940289452,0.0246110169709944,0.0277604778431539
gen=0_member=98,func,0.00364280633257247,-0.00682781949893779,0.0163498459290135,0.0303892324241671,0.0133694450761962,0.0132863708042916,0.0122805262935156,-0.0342501711301388,-0.00185270696800256,-0.00804285081192124
gen=0_member=99,func,0.000228417826169384,0.000402756578822226,7.19968912300397e-05,-0.000189728225381634,-0.000501853020310189,0.00035786262802834,0.000598750524591355,0.0004947717819356,-0.000643676546159328,-0.000411328630709857
gen=1_member=0,func,0.00364109642257156,0.00820839787426189,0.00607254502583389,-0.00278306595667376,-0.00865251572708066,-0.00318557371482676,0.012371938952069,0.0131516523800644,0.000474030489418124,-0.0097863467998699
gen=1_member=1,func,0.0186445412886645,0.0386903424437392,0.0210854280163459,-0.013258390824659,-0.00522439337868781,-0.0143066293779412,0.0276155405659724,-0.00950967698901609,-0.014598131215374,-0.00588183483712834
gen=1_member=2,func,-0.0127116595970306,0.000457992991119274,-0.00253245647431099,0.0145053267970807,-0.0116050258961759,0.0154987374743285,-0.00895716168250284,0.0249324425129724,0.0230808308694765,-0.029736129943086
gen=1_member=3,func,0.0266063822235855,0.0389675294368977,-0.021440864913375,0.0117218018935729,0.0163863782292188,-0.0173835523517579,0.00877916361357388,-0.028661646078401,0.0331942969107702,-0.0310595500441611
gen=1_member=4,func,0.00215734470043511,0.0147539222287313,0.0225857561635522,-0.011754449605749,-0.0118074071838362,-0.00860961742630997,0.0218442991499284,0.0156469953237646,0.000620890089008348,-0.0122043298959789
gen=1_member=5,func,-0.00490682435322588,0.00682214952601993,0.0251573679346543,-0.0114888017595159,-0.0106546228691837,-0.0179123790970949,0.0096352829490432,0.0144010368427416,-0.00606317883072359,-0.0149402681639213
gen=1_member=6,func,0.021675690504162,0.0612190448725389,-0.0167786913448094,-0.00333043198045571,0.0156510252386478,-0.0145024133569414,0.0215139177309385,-0.0415450903830875,0.0454844222138955,-0.0305733972088809
gen=1_member=7,func,0.020963322647724,0.0378969767829024,-0.0144732697977491,-0.00730378877786023,0.000220827089701161,0.00384833670826657,0.00139249431148871,-0.029403598449577,0.0361729794972459,-0.0330817196863543
gen=1_member=8,func,0.00227437335138106,0.00276974821018121,0.0110251011943954,-0.00678203535397029,-0.00292552822315635,-0.00684452741283484,0.00881378989980011,-0.000918411494537263,0.000782593497720573,-0.0051224794531886
gen=1_member=9,func,0.0378038421704234,0.0435099382197184,0.00561715620496017,-0.00895140139569713,0.0133520538890685,-0.00604433886973771,0.00485110825110485,-0.0202251113546813,0.00572625163778845,-0.0181605507286232
gen=1_member=10,func,0.0062188462418738,0.00807020552681572,0.020777715409736,-0.0084234378066691,-0.0113682308544298,-0.0125062635852376,0.028028565159197,0.0015014050231535,0.00854341803506804,-0.0101040958828826
gen=1_member=11,func,0.00774931839926747,0.00758559664522207,-0.00150654956785777,-0.00213944654973026,-0.011450958430022,0.001681958888299,0.012647660380365,0.0112718136062606,0.00594491100838123,-0.0180133799947028
gen=1_member=12,func,-0.00772900051263707,0.0133034909860215,0.0107395367826192,0.00590544163566412,-1.54155142139714e-05,-0.0215119382190692,-0.00330876500556715,0.00558182953257851,0.0125267700928159,-0.00879856976080014
gen=1_member=13,func,0.0241575590811631,0.0299433198917449,-0.0150677720052058,0.00258393489971133,0.0131209892545297,-0.0231563722815634,0.00900066574687824,0.00563117256759386,0.0108151574418921,-0.00529492299298922
gen=1_member=14,func,0.0125076149688948,0.0375784781781572,0.0187170767707512,0.00357314622063675,-0.0152840574245773,-0.0112346303447843,0.0254832552872395,0.0154130601791553,0.0182611284110112,-0.00889738762430175
gen=1_member=15,func,0.00220284921125385,0.0210539516704175,0.000674485708465791,-0.0117728590859154,-0.0185374654295251,0.0170738006435085,0.00688513015092711,0.000317916134622681,0.0216232319835639,-0.0314071976072826
gen=1_member=16,func,0.0284346989578376,0.0354808452995672,-0.0136064950623175,-0.00511965553650824,0.0065352164958929,-0.0104112564686031,0.0113572468739281,-0.00859376812418721,0.0274141062544083,-0.0205329060436497
gen=1_member=17,func,0.00891142280028053,0.0173150026904948,0.0100057093625207,0.0140083511890268,-0.0082068541888912,0.0136297605901886,-0.00434212290223082,0.0256520420915862,0.0138072620620396,-0.0189386899713593
gen=1_member=18,func,0.0401516843541768,0.0402190228507566,-0.00972045495290795,-0.0460002906042932,0.010889955427917,-0.0404794671577385,0.0038137393738461,0.0135929519161244,-0.0114756538051135,-0.0113074018212646
gen=1_member=19,func,0.00699731397803946,0.0161786452053557,0.00828398627322277,0.0228920358377448,-0.0137045610420563,0.000477627024816135,0.0122664461409471,0.0136541743845591,-0.000428838699453276,-0.0218226406952055
gen=1_member=20,func,-0.00455618235481468,-0.0248063614144119,0.0321208022029503,0.0166897418014845,-0.0102524726354137,-0.00242512981045168,0.00626787335969914,-0.00504397414268482,0.0445325397344054,-0.0376045952471387
gen=1_member=21,func,-0.0176611350978943,0.00814760396150202,0.01534365787365,-8.91757771368726e-05,0.000878104879087776,0.00582390056812658,0.000122982391577091,-0.0052444831201506,0.0204078326105801,-0.0342946951894749
gen=1_member=22,func,0.00693044175202758,0.00642071707422416,0.0230486736381369,-0.0036676677304465,-0.005343370731561,-0.00418817857426266,0.011749820439331,-0.0061597290792203,-0.00812101291167385,-0.00420712793470017
gen=1_member=23,func,0.00300461827038886,0.0162232752615831,0.0162009593657496,0.0139247314733658,0.00496833385951303,-0.0124188302848681,0.0126966043981844,0.000107820942281604,0.0240960561431416,-0.00324240506419568
gen=1_member=24,func,-0.00737334031069488,0.0245232717431338,0.0243969796732084,-0.00496275763079246,0.00668171592671596,-0.0279851115759392,0.00876729283221659,0.00187110043638632,0.00616377901388008,-0.00205658937933181
gen=1_member=25,func,0.0152253999000087,0.0164279799017373,-0.00247418814666809,-0.00904549206478147,0.00714853690274549,-0.0133694252733578,-0.0157554604918222,0.0242248712677867,-0.000288042118090503,-0.0149486698617691
gen=1_member=26,func,0.0122756562979476,0.0230966360054058,-0.00397108455805183,-0.0083573031819875,-0.00791739824192608,-0.00230329466797769,0.019057482029122,0.0280855537214695,0.0016584611250694,-0.00412023152322954
gen=1_member=27,func,0.013194932111549,0.027334599022762,0.0176637787532853,-0.0152759694283998,0.00387665553778519,-0.0168314688035118,0.0226778916960063,0.00589851483665253,-0.00530199691361897,-0.00908666155652982
gen=1_member=28,func,0.0265537455851582,0.00594184046211382,0.0147347490931107,-0.00443585532034465,-0.00938295505162093,-0.00986994729181739,0.0234731257788066,-0.023505887383961,0.0166855336715745,-0.0362164454260838
gen=1_member=29,func,0.0174687272650379,0.0251424668065208,0.0212293251855293,-0.0224982601600744,-0.00222374875407476,-0.00850659850819534,0.00238444963363937,0.00319081515270129,-0.00742380283538072,-0.0139916163398784
gen=1_member=30,func,-0.00698421715532343,0.0167063403378974,0.0261143687786906,-0.00725454872433419,-0.0126686804568651,-0.0138480251573937,0.00895447462527198,0.0219989102177655,0.0141296370030718,-0.0110073579930937
gen=1_member=31,func,0.0101570010369593,0.0118625470129937,0.00683808529651903,-0.00427606095623109,0.00287347567875692,-0.0204121833751743,0.00827745905524954,-0.00581585992716468,-0.00473182092805615,-0.0166915625636892
gen=1_member=32,func,-0.0051095557113096,-0.00196919280997666,0.00728500617147592,0.00599843130004606,-0.00878302191035525,-0.0116611819145832,-0.00114884755919724,0.0095967886420062,0.00674929825074699,-0.0212504944459522
gen=1_member=33,func,0.0188068294068594,0.0174407859102119,0.00128098094016489,0.00541129231070167,0.00205070673208056,-0.0133424213034306,-0.000703843740075433,-0.00633048902261179,0.00325025954791283,-0.0142546037276903
gen=1_member=34,func,0.0138759252676819,0.0135522112585221,0.0272726440109858,-0.00931590775852194,-0.0174841029301858,-0.00820079892823463,0.0301289114009975,-0.0199664952676654,0.0187143653494105,-0.0224824759002796
gen=1_member=35,func,-0.00648963230306548,-0.00309444350592379,0.00222979529910076,-0.00456884023154799,-0.016516071050732,-0.00396288677698076,-0.00184859477467275,0.0160682273377388,0.00416885468142607,-0.0301599211550119
gen=1_member=36,func,0.0091473706660486,0.0379890159617048,0.0107608332245155,-0.0184231293928854,-0.00478971702826703,-0.0165183789832835,-0.00376730716322258,0.0342784411685103,-0.00108912741618931,-0.0213633181134224
gen=1_member=37,func,0.00548191478975874,0.000590069820352025,0.0119667905584625,0.0194293629791567,-0.0212321291118547,-0.00899122889678091,0.0302660226792927,0.00182015266017577,0.0444193391143297,-0.0176463146342663
gen=1_member=38,func,0.00741181843668859,0.0203404466586303,-0.00543356770867443,-0.00591712048806783,-0.0143920402392153,0.0150073649355494,0.00663768535918999,-0.00280093487230358,0.0283828070477956,-0.0440800735329495
gen=1_member=39,func,-0.00167366401693896,0.0181433821293653,0.0250107933672887,-0.0242501334049971,-0.00217781183395509,-0.0231582761288155,0.0100978986382901,0.00426506804694696,-0.00902589748867488,-0.0310557859083846
gen=1_member=40,func,-0.011844143815233,0.011231592770442,0.0108720245644294,0.00109778733282752,-0.0139094244487394,-0.00532775230923402,0.000413687560640928,0.00275720776671458,0.0175764566155932,-0.0165233998626973
gen=1_member=41,func,0.00637715640667132,0.00156254361086565,0.0264645097928579,-0.0111022995324114,-0.00182929168652393,0.0131118689611243,-0.00270595856265408,-0.0028992634776213,0.0112745807588687,-0.0213362114705914
gen=1_member=42,func,0.00696061785945478,0.0150193305625994,0.0108997791964115,0.00668091731443866,-0.0142021933512529,-0.00460588555805991,0.00639206399618196,-0.00208909885569984,-0.0119777390927379,-0.0221452273804507
gen=1_member=43,func,0.0270752056269719,0.0483326369564628,-0.00253622550140048,-0.0184532188835613,0.0142609898428455,-0.0151368415571774,0.011245661885344,-0.0321064186501734,0.0268040694540985,-0.0247448390250483
gen=1_member=44,func,0.0109245680112789,0.0112186269231891,0.039252360025343,-0.00995672972433349,-0.0194696458187944,0.015307528722062,0.0490743793295473,-0.0107117932900008,0.0271737209027525,-0.00176487067204736
gen=1_member=45,func,0.00613191250753083,0.00164573403821817,-0.00874278632882632,0.0261285268290598,-0.00345524820079771,-0.0156210119888602,0.0221262659718693,0.0070893285956916,0.0172344920310338,-0.017824022843361
gen=1_member=46,func,-0.0104609620426753,-0.000914226996397407,-0.00472763955627291,0.00719197767433025,-0.0110313430442868,-0.00473108913274501,0.00238758594594933,0.00699613969111513,0.00784634433378454,-0.025579777349697
gen=1_member=47,func,-0.00067064000628236,0.0132631396061817,0.0266592157476526,-0.0180762368355718,0.00597514883005499,-0.00933509037334434,-0.00911807433780713,0.0334050202593347,0.00991210980960975,-0.00130651275637493
gen=1_member=48,func,0.023459069054211,0.0626114472150408,-0.0122898642165509,0.0202708041604483,0.0234128289315564,-0.0163136318701184,0.0126629167019504,-0.010522504142927,0.0255316330946454,0.00422898941086712
gen=1_member=49,func,0.0171786485347423,0.0269200281485777,0.0124852718816379,-0.0102823448207193,-0.00760138642744377,0.0101632918866817,0.0089785738327482,0.0181854127178961,0.0208070778156149,-0.0151384309853261
gen=1_member=50,func,0.0133430113475969,0.0162087561868702,0.00995307191056549,-0.00649127008519212,-0.0175153072598157,0.00509809142422805,0.0314862238179845,0.0118225642480365,0.016066621240115,-0.0145159957186571
gen=1_member=51,func,0.0184642400018318,0.0463956144637769,0.0117157824319624,-0.0221594471411064,0.00184711949963189,-0.0202510305999663,0.00535778815385781,0.0180554978371803,-0.0146361719878046,-0.0164844255185844
gen=1_member=52,func,0.00874954286092228,0.00736852548364239,0.0067826257725433,0.000180573178941918,0.00229859685186357,-0.0115247628936142,-0.000467956207527974,-0.000997095216540814,0.00532929044784864,-0.0214385444540559
gen=1_member=53,func,-0.00177837987247934,0.0485644329955268,-0.0022440778868433,-0.0033036924776412,0.00558169218904419,-0.0207109649574976,0.0204665222132772,-0.0235242895694175,0.0166202148043124,-0.00279707590603355
gen=1_member=54,func,0.0252923248598476,0.0226063358616598,0.0106666974728859,-0.0180882378066249,0.01521910439934,-0.00389663655658683,0.0192102488388298,-0.0180960892632878,0.0127372668625929,-0.0122736879069603
gen=1_member=55,func,0.000680953611434301,0.016570177294694,0.00954500927988949,0.0067126473827742,-0.0071920188566624,0.018967047530413,-0.00257274642551787,0.025101237830124,0.0418571610951308,-0.0303817232327631
gen=1_member=56,func,0.0233629440620089,0.0287843921909164,0.0349447007376837,-0.00637382135314152,0.0216842338502842,0.0144505242178981,0.00191244117467295,-0.0390828920079892,0.0433587499182443,-0.0199199975831165
gen=1_member=57,func,0.00914115325460081,0.0195239888624578,0.0159288270491823,-0.0141439186081933,0.00104559269919068,-0.0121071754181242,0.0150852771592753,-0.00366495121282306,-0.00248738140118567,-0.00894203338756223
gen=1_member=58,func,0.0177777155702639,0.0124969689839599,0.020211761162806,-0.015422182162216,-0.00549088017492272,0.00267535259554015,-0.00229483072817319,-0.0114648970699333,0.0164556940314425,-0.0303385823748399
gen=1_member=59,func,-0.00590928209498545,0.0376229000662723,-0.00150053313978427,-0.00319428303898523,-0.0141880714112293,0.003612943343411,0.0183505133610822,-0.000913916083266498,0.019371502551351,-0.0172160721720631
gen=1_member=60,func,-0.00811694333485997,0.00752880232008284,0.0140593091205779,-0.00932195403400068,0.0031454489039785,-0.0247350598062615,-0.00274214253228348,0.022475248393307,-0.00837892311174761,-0.0291338945139585
gen=1_member=61,func,0.0159157413945361,0.00828801001585014,0.00992733764621557,-0.0198756747590544,0.000340980264079506,-0.00385103636261664,-0.0108849615375738,-0.014965378819472,0.000178468387310933,-0.0379785451273063
gen=1_member=62,func,0.0146833054970402,0.0181267564239305,0.0052913345895151,-0.014010372404553,-0.00015574620273915,-0.00272688948598397,0.0169346526395372,-0.0145683160602394,-0.00296580769184459,0.00320473540822997
gen=1_member=63,func,0.00682376957912357,0.0237306341843123,0.0417383181210618,-0.00916444558718639,-0.0270569968974096,-0.0018583920843393,0.0465225981177456,-0.0165075231841012,0.0300805068005547,-0.020464644052111
gen=1_member=64,func,0.000946373739657696,0.00183186048607398,0.0192231509930248,-0.0237279980322454,-0.0183774344843084,-0.0216791548273214,0.0190870666129573,0.00960611903002416,0.00383830656865628,-0.00386693981619898
gen=1_member=65,func,0.0033513329663667,0.0141599627613324,0.0216960725017248,-0.0229753433101205,-0.0133136954441993,-0.0111312387001417,0.0111330639884678,0.0104474591298256,-0.00260504566922522,-0.00961294090636625
gen=1_member=66,func,0.0161694820945788,0.0136173077899841,-0.00336625300119196,-0.0235810645942239,0.00562060862268471,-0.0122325396400388,-0.0163400336618406,0.017442962170516,-0.00210378103892205,-0.00828070674718067
gen=1_member=67,func,0.00788686258688559,0.0275970653049862,0.0425515046977369,-0.00927015176688649,-0.0118866315009462,-0.00809309797387081,0.0393436808510757,-0.00743546749962396,0.00337555569300226,-0.00830675836323925
gen=1_member=68,func,0.0229919213211391,0.0267240373790049,0.00950059042719424,-0.00590399568049271,-0.00854814642241051,-0.00705040211578143,0.0268338795519052,-0.0207154851303917,-0.000302066703818233,-0.00575320662723044
gen=1_member=69,func,0.0239733310844158,0.0493349214114824,0.0106230822058379,-0.0199023918460747,0.00888636625652043,-0.0177604539238065,0.0282229748132288,-0.00751909634764301,-0.0185667539102774,-0.013243526007454
gen=1_member=70,func,-0.0293085233550885,-0.00383877649926301,0.0183504088573645,-0.00280122362302062,0.00232956486736676,-0.0159458580106586,0.000790809195754922,-0.0248159960707975,0.0282223332009427,-0.0231844625814235
gen=1_member=71,func,0.0012926753148645,0.00488259454075927,0.0274549661425437,-0.0216352284720406,-0.0104537257520832,-0.0019943032838274,-0.0110199703641082,0.00791406995460931,0.00134494853318032,-0.0201711275334603
gen=1_member=72,func,0.0102365768099884,0.0240091977076024,0.0372249455588623,-0.0165588281178396,-0.00905596039205284,-0.0090325749471896,0.0288574333350496,-0.0123079371260732,0.012583132091405,-0.00548832981461042
gen=1_member=73,func,-0.000810423584665543,0.00914156124142306,-0.000236136268049145,0.0246122008387707,-0.00462634690855648,-0.00875001746889502,0.0117452306923582,0.00848586180229872,0.00381601447179153,-0.014570716662337
gen=1_member=74,func,0.0429264997580205,0.0501795523029387,-0.00892091662707162,-0.00809714588159698,0.0196918626094461,-0.0179419903674893,0.00603745114481723,-0.00462672069579379,0.0161444639629768,-0.00915469249446614
gen=1_member=75,func,0.0163059833522164,0.0294437683517583,0.0069277771827894,-0.0113781759123836,0.00731149111984481,-0.00872488601116896,0.0152777543745426,-0.0036875545771428,-0.00777852312838689,-0.0109271608446609
gen=1_member=76,func,0.0296671810489457,0.0351295726156546,-0.00186957056985664,0.00476308717713706,0.00901177092150595,-0.0183524672397622,0.00272971172029498,-0.00706960426888028,0.0122082485548453,-0.0112770017481399
gen=1_member=77,func,0.0133705581238075,0.0220637774618824,0.00614653588041939,5.51305218633863e-05,-0.0083066800460513,0.000996099473412206,-0.00342062287943211,0.0250287490635569,0.0100475771642936,-0.0203706915603361
gen=1_member=78,func,-0.00660387751905728,0.00701068122083048,0.037271022714117,-0.0143992116494263,-0.0235156043120651,-0.0163538388403481,0.017606699532583,0.0129968990835631,0.00367909525561175,-0.0184332152722117
gen=1_member=79,func,0.00841182205665854,0.00828082196869481,0.0286734052469919,-0.00556418909180019,-0.0139463768995155,0.00775577164952962,0.0288194469590554,-0.00170834539449367,0.0246399836414047,-0.0152344117731633
gen=1_member=80,func,0.00881602439645681,0.030241392501315,0.0202755261405216,-0.0100907149479617,-0.0076482120996747,-0.0120816024693027,0.0434485691758539,-0.0167172375500604,0.0302223703091801,-0.00155669515675701
gen=1_member=81,func,0.0108023145961428,0.0173276606964846,0.0157381952509269,-0.0189797751099618,-0.00900908242392286,-0.00932860793042216,-0.00314768131214815,0.0253283990913851,-0.00368240125509449,-0.00589365779431359
gen=1_member=82,func,0.0095403099347506,0.0173340914676122,0.019851764462481,-0.0111877295101935,0.000652277172294427,-0.0098803559058741,0.000996559258313782,-0.00585028223416979,0.00265163175676257,-0.0132143144412944
gen=1_member=83,func,0.0253429098405795,0.0302636016724647,0.00751189852557599,-0.00390191345418402,0.0025580084265085,-0.000842272845693486,0.00448622612894187,0.00683674334948397,0.000735473232243869,-0.00696972318536069
gen=1_member=84,func,0.00747037728483556,0.0150390872253242,0.00681221253075847,-0.00891026867694471,-0.00680398592040081,-0.00144638389370393,0.0119961188851109,0.00565886258255952,0.00279341168670841,-0.0098023418222984
gen=1_member=85,func,0.00142982087096596,0.0148174230341352,0.0222307501315058,0.00110514713315685,-0.00988865687669146,-0.0118544542730825,0.0275427148137614,0.0157392302756554,0.00856272453621966,-0.00792039407105403
gen=1_member=86,func,-0.00298131848368968,0.00870099669994149,0.00918267461290028,0.00572148769440997,-0.00997822022673086,-0.00701309364470899,-0.00614443068500457,0.0140254906086083,0.00900358096505282,-0.0192299961541302
gen=1_member=87,func,0.0411889497498763,0.0380336784405931,0.00676894711313961,-0.0250843166539354,0.0204825120599334,-0.0133316486406354,-0.00316548828401293,-0.0203369875195078,0.0152839501480496,-0.0271325502706425
gen=1_member=88,func,-0.00704732710649183,0.0104408931891735,0.0179993492654681,-0.00267016441128042,-0.0160691760406881,0.00959062692508852,0.00459722265657648,0.0265091079165413,0.0275312045697942,-0.0110347397559524
gen=1_member=89,func,-0.00449676528388031,0.0288600247581735,0.0165787285743666,-0.00261426697153364,0.0118506170285298,-0.0239851641033254,0.00619621205216093,-0.0118642562469879,0.000485259752234294,-0.00282016257176407
gen=1_member=90,func,0.0142962351074673,0.0176048769620611,0.00981993594311868,-0.010394833736477,0.00253520210982281,-0.0105809039839594,0.0169888790180013,-0.000809625851698986,-0.00562242493706013,-0.00676996502870703
gen=1_member=91,func,0.0244442091445419,0.0275828792011026,0.019790723808963,-0.0230608240095696,-0.00256487841684195,-0.0282610085550294,0.00560605867128982,0.00867488204518384,-0.00106510234160966,-0.0126768993447374
gen=1_member=92,func,0.00484181833427228,0.0055512766146294,0.0270986707556082,-0.01305905127017,-0.0172257240537781,0.0137976021619433,0.0175206073392129,0.00431964414507747,0.0247535861270693,-0.0249004464992967
gen=1_member=93,func,0.000801345774033464,0.00603324515804824,0.0162901256818435,0.00951135895704016,-0.0112721884967445,-0.00443555371152377,0.00857986408155235,0.00578709634860136,-0.00315679772114962,-0.0131845256210433
gen=1_member=94,func,0.00478892631857787,0.0125871835780322,0.0352660445217688,-0.0117424139007403,-0.0280373073262224,0.0247816412940149,0.038665367440177,-0.00448877691918224,0.0365376445615581,-0.0198594192542353
gen=1_member=95,func,0.0126864214316216,0.00635361957099468,0.0109484128463484,-0.012931313461251,-0.0136107232627804,0.0170251525014637,0.00511818149193466,-0.00456979211528596,0.0206793527034277,-0.0295575477791859
gen=1_member=96,func,0.0213751120378677,0.0514193041512374,-0.0172852060559643,-0.00574692600675157,-0.00204554230514788,-0.0210779204772155,0.0298298704416705,-0.0271507996801049,0.0384595891534745,-0.0198581202703874
gen=1_member=97,func,0.00153513873021322,0.000215213074481758,-0.0084157053561344,0.0205187154757811,3.06487790749182e-05,-0.0059574034188765,0.00480668006378275,0.00569120369438172,0.0142470687983139,-0.0279585023780317
gen=1_member=98,func,0.03015467676001,0.0304776225403126,-0.0024566294403475,-0.0425953743627741,0.00838945581394277,-0.0350628148140083,0.0111090860406914,0.0100787285278812,-0.0204467995388458,0.000784654524336922
gen=1_member=99,func,0.0075418220112017,0.0272964280931906,0.00396029722497316,-0.00407606001112335,-0.0028355699477238,-0.0119548765655922,0.0080160112032925,-0.01525745579233,0.0246509200380385,-0.0169210909299478
gen=1_member=100,func,-0.00252961562432554,0.0119703818083357,0.00948614683948359,0.0158725598273665,-0.0149712584735847,0.00936002668081823,0.00398479094239605,0.0103968808195698,0.0125874092904829,-0.0348870166461792
gen=1_member=101,func,0.0382129343089923,0.0519217862561925,-0.00849240607646169,-0.0162369865337827,0.0185628465751016,-0.0259343538497207,0.0158438080803461,-0.0160057233118124,0.023788175274637,-0.0215985455264318
gen=1_member=102,func,0.0231633688806775,0.0278155307515997,-0.00857162641856075,-0.0158996296400385,0.0060373048753429,-0.0124368848485718,0.00474140007840454,0.0240673612621247,0.001750925325541,-0.00237679984050129
gen=1_member=103,func,0.00585977474623155,0.00608106127097645,0.0243985763900763,-0.00911704124801667,-0.00577522320334427,-0.013638233766863,0.0195886271341553,-0.00270393322621336,0.00282411554133685,-0.0139021264393393
gen=1_member=104,func,0.00595561197255051,0.0174678234279178,0.00435451858783536,-0.0119023686649763,-0.00739964913354105,-0.0119297530290667,-0.00658343001068071,0.0256392633243659,-0.00607166709722212,-0.0227800756541696
gen=1_member=105,func,0.0308684195715351,0.039870466685879,0.00289134992955466,-0.0151871653894099,0.00671522041832309,-0.0188294961238111,0.00960761763374226,-0.00405761828404584,-0.00517276436126593,-0.0146754199342336
gen=1_member=106,func,0.0368279169445414,0.0434732451288344,-0.0225161951818241,-0.000982900793176965,-0.00526686679611635,-0.0207825893178175,0.0350607042144635,-0.0295273077189408,0.0366107963557907,-0.0375131995909488
gen=1_member=107,func,0.010646347082699,0.010395119391729,0.0463209424094796,-0.00440397045202175,-0.0126604613465111,0.0209804312933395,0.00613815625234643,0.0169549300506811,0.0384292281853864,-0.0168190047568341
gen=1_member=108,func,0.00283626112493632,0.0428383224495559,0.00699666563510265,-0.0129625524783498,0.00493154485000463,-0.013518647202914,0.00982921935351894,-0.0101249285494543,0.0123504144580209,-0.0117699944498778
gen=1_member=109,func,0.00725863451707747,0.0177934477373097,0.0485712376972655,-0.0130119520226674,-0.0255217208589909,0.00382375718616471,0.0410482742399459,0.00421265337894673,0.00978235007711456,-0.001641752393902
gen=1_member=110,func,-0.00262129635182022,0.00330910229175635,0.0195065412420656,-0.0206193865776983,-0.0165794958097043,-0.0127127823767539,0.00977566172241903,0.0131696442637538,0.00065531150153512,-0.0178257385280363
gen=1_member=111,func,0.0187463794440952,0.024337098652169,-0.00880489337861884,0.000380358374033178,-0.00506628712711651,0.0109463946781816,0.00860306792661555,-0.011851985563543,0.0219166457232469,-0.0122706315591205
gen=1_member=112,func,0.0081824336720947,0.025700520901097,0.0346353386579202,-0.00765528341478479,-0.0182491778665395,-0.00238110484136563,0.0305990312154496,-0.00227547012409641,-0.000527301223672349,-0.0104018974595138
gen=1_member=113,func,-0.00123058365679256,-0.00610407729417803,0.037739400833464,-0.0162530727388714,-0.0209151012127259,0.0124871642222654,0.00520397143382113,-0.0104472836547003,0.0326364908139919,-0.0169980581191846
gen=1_member=114,func,0.0194412244986307,0.0191968137367494,0.00479275469145119,-0.0358286013339492,0.00781892642737944,-0.0257026363593174,-0.00557060657803852,0.0138886423831177,-0.00635172946669831,-0.000100231630322557
gen=1_member=115,func,-0.00477758888190896,-0.00729121450826313,-0.011874948534975,0.0156108483959503,-0.0146690521647622,-0.00457998014854314,0.0026102980499746,0.00525216121126069,0.0227154800233827,-0.0398191402987015
gen=1_member=116,func,0.00917609968863378,0.00341276892893982,0.00360936577130086,-0.00656661071332171,-0.0159069315211437,-0.000465452057865474,0.0166030072395409,-0.00575948171425587,0.0117042079815463,-0.0152526563337271
gen=1_member=117,func,0.0176971433406811,0.0188395694328684,0.0135761927230565,-0.0112708563685607,-0.0035390816368747,-0.0108795089818613,0.0335352507343031,-0.0083466045084025,0.0154216284031247,-0.00350494322732982
gen=1_member=118,func,-0.000235715551721397,0.00141604021543757,0.0131815910330597,-0.00215777352746134,-0.0300245234135782,0.0193982715116216,0.00628125894556836,0.0111720931059131,0.0239464388385696,-0.0268841767280409
gen=1_member=119,func,0.00632210965120568,0.0180916258886105,0.0115510676096531,-0.0121676720091413,-0.00854891413840465,-0.0145923410272476,0.0208969881318088,-0.00428300500222799,0.0104318445878808,-0.0247121530695109
gen=1_member=120,func,0.0186426666479134,0.0230540765530118,0.0172815279775584,-0.0212786733484673,-0.00668469697008646,-0.0223568354111451,0.0286367432225692,0.00730098606706429,-0.00800045623171452,-0.0268776938804525
gen=1_member=121,func,0.0188837502160528,0.0176602125473046,0.00568660967291883,0.000911145635983851,-0.0134536087776239,-0.014184439129598,0.0256958338392963,-0.00845578620643058,0.0189719146887483,-0.0188473475061138
gen=1_member=122,func,0.0133847633583247,0.0428978673476737,-0.00568406879573668,0.00820613096245625,0.0156119668936235,-0.020328786577767,0.0154051217652489,-0.0134437864747228,0.0294128994964627,-0.00234918461659202
gen=1_member=123,func,0.0367412789244607,0.0438897110224448,-8.82915376451297e-06,-0.0212577755347286,0.0066792304856041,-0.0241654706523292,0.0177870320765811,-0.0190875873339312,0.00892823452130775,-0.0281469784249456
gen=1_member=124,func,0.010517005842687,0.0186432881930196,0.0179061832315893,0.000577633623200471,-0.000969207326042367,0.00117188020775205,0.0239398874847428,-0.00961743326139909,0.000126201231157579,0.00171384620091388
gen=1_member=125,func,9.78078155258492e-05,0.00785724482133047,0.0182895722950367,0.00889593534436487,-0.00501443698377901,-0.0128692062405958,0.0172571069899118,0.00160430644838573,0.011770955911679,-0.00645457163017422
gen=1_member=126,func,0.0139358086108983,0.0121423434402252,0.0155650698535548,0.00198179402403274,-0.00558311412153984,-0.0163907874894554,0.0111061592889529,-0.0073441386565534,-0.0131459134497455,-0.0202445150441615
gen=1_member=127,func,0.012053050389721,0.0153217114536834,-0.000318264763040187,-0.00597825611485237,-0.00563160754550183,0.00397876733175548,0.015241391048061,-0.00588126830947192,0.0111445410934689,-0.00757211041330373
gen=1_member=128,func,0.00438869615526834,0.0171969564784958,0.010938934372986,-0.00288511075082462,-0.00223323538926004,0.00123504648725943,0.00934501121010716,-0.00360378591268156,0.00391129491850766,-0.000569214835640143
gen=1_member=129,func,0.0103081391284312,0.0139923102653634,0.00918539779371068,-0.00759012655279045,-0.0140596804405439,-0.00212997872717564,0.0144170145821623,-0.00805670847642224,0.0109501702625976,-0.0207276382300153
gen=1_member=130,func,0.0225757925481197,0.0160875126663847,0.00995208604215742,0.00496898541525949,0.00479571170531095,-0.0414169606263728,0.0131538724242907,0.0170211867282303,-0.0228032782136438,-0.0200419059661908
gen=1_member=131,func,0.0392044366299225,0.0402210382295518,-0.0139391439842873,-0.0034574353935895,0.0174228392524298,-0.00872278061901118,-0.0147088401790871,0.0231787632017964,0.0210213059609017,-0.0132702420828583
gen=1_member=132,func,-0.00340700299450481,0.000370582459742334,0.00992284052119992,0.00129088054034085,-0.0130241879602445,0.000575785417477957,0.0173005513190118,0.006773685165852,0.0110226254114689,-0.0155259773501407
gen=1_member=133,func,0.00267558496872325,0.0142999903896094,0.0173632083711508,-0.00539264301845647,-0.0116366619409065,0.0141223747672144,0.00613043465064751,0.0128826936473402,0.0122563015292473,-0.00944177802235234
gen=1_member=134,func,0.00741798058839329,0.00583000930008504,0.0372608364178709,-0.0142556618196713,-0.00624318040752228,0.00240049674539074,0.0106174889038061,-0.0127167673480822,0.0247953127501989,-0.033137600577654
gen=1_member=135,func,0.00369299657870605,0.00375614570941762,0.00149119959041949,-0.00205843173131753,0.000105229908241892,-0.0154219206313947,0.0057379596654502,-0.00182793165099813,0.00182783908172536,-0.0262835815027318
gen=1_member=136,func,0.0178368506420552,0.0181490271837703,0.0135894959789271,-0.0162347594705601,0.00634293001732262,-0.00562581629366597,0.00199195400614261,-0.00650539753426667,-0.00212801365652419,-0.0124569888823265
gen=1_member=137,func,-0.00294689315196887,0.013642202491627,0.0117025432198493,0.00381476627255303,-0.0113451197692108,0.00758556490800741,0.0123791428747459,0.00348035318249638,0.0129480750411185,-0.00581095593916211
gen=1_member=138,func,0.00126013984196665,0.0114825348784588,0.0112538925611367,0.0177738995837346,-0.0133129739191447,0.00393071007219698,0.00399335055102907,0.0162581980128434,-0.00613812704290622,-0.0173334993464224
gen=1_member=139,func,0.00100606437950561,0.00567054749834727,0.0148862549702139,-0.0144131847013139,-0.0122250396685473,-0.00670625951544496,0.0062823391985112,0.0194708763790306,-0.00455104255013581,-0.0294640079218343
gen=1_member=140,func,-0.00543924418851037,0.017611013313836,0.012344686740496,-0.00447960465899369,-0.0133605747198873,0.000861448412554912,0.0193907519052007,-0.0146566624403778,0.0230601338215164,-0.0231267229420386
gen=1_member=141,func,-0.0108729456257745,0.00855799309215006,0.0197774754374656,-0.00851886958796134,-0.000215249599114828,0.0021943185331325,-0.00242483200282249,-0.0195349966323382,0.0196793807800482,-0.0313888378197323
gen=1_member=142,func,-0.00601157727968087,0.0498988147322917,0.0178068268585004,0.00369030857664604,0.00773621277896941,-0.000674939393121741,0.00808835268056931,-0.0206491755539902,0.0245104272030565,0.00237848798890121
gen=1_member=143,func,0.0192300247434759,0.00525108940420449,-0.00128057968181309,-0.000954971205739725,-0.00173227609822728,-0.00542754359695686,-0.00968018482621809,-0.00115679905723473,0.000354697855040066,-0.0300496516173353
gen=1_member=144,func,-0.000383261638874663,0.00379794948813385,0.0291743896073404,-0.0125674622989824,-0.00791505963274938,-0.00905174837377946,0.0256129003576408,0.00660971879958664,-0.00226876558068385,-0.000477552877563037
gen=1_member=145,func,0.00199597341046961,0.0166102367912438,0.00513311862481707,0.0160375991279486,-0.0185339512805532,-0.00949543595358493,0.0526805470457978,-0.0173564171480957,0.0479725226706312,-0.0381029400218994
gen=1_member=146,func,0.00327261449896391,0.0166962423407223,0.0177521207542728,-0.00794664739011474,-0.0109324054060836,-0.0205392764295496,0.022200679454741,0.00615002514057176,0.00315836339457127,-0.00953253449149669
gen=1_member=147,func,0.0206202456236392,0.00901230734284667,0.00774563172073769,-0.00565737194234126,-0.00263923562970279,-0.000908730358038522,-0.00746160178869712,0.00888569476110815,0.0043341126880904,-0.0250961952483654
gen=1_member=148,func,0.0337148000096894,0.0344957712799229,0.00637310095103148,-0.0249737171180076,-0.00395193522196735,-0.0151842784692456,0.0180971420387556,-0.00842164156220165,0.0053418208191135,-0.030934496407301
gen=1_member=149,func,0.010094670740266,0.0124373235577349,0.00394838430240902,-0.00706825528069679,-0.00223678437854151,-0.00150258937771203,0.0160356485029365,-0.00294187262215665,0.00398955353993563,-0.00145361776492672
gen=1_member=150,func,0.00812686103110314,0.0204501061436869,0.0155917415306917,-0.00945698925800093,-0.0201644768768002,0.0109904738987978,0.005860576961916,0.0281979702426671,0.0102150225952413,-0.00957708844339433
gen=1_member=151,func,-0.000765469152619972,0.0294414572846775,0.0061088536079162,-0.00339884005722794,0.0137918290102964,-0.0307356899029143,0.00127649520352442,0.00496989662733485,0.00715086293068312,-0.0141401792617316
gen=1_member=152,func,0.0331581610786118,0.0133398144648848,0.0139948892281275,-0.0384552781308451,0.00618754008214215,-0.016997007621086,-0.0235506604327787,0.00822398065037264,0.0087217783811743,-0.0191232776455189
gen=1_member=153,func,0.0107952270649812,0.0273949701533112,0.0200837429845362,-0.0145133767739577,-0.00892454292017388,-0.00706075672681271,0.0205357683599001,0.00747621916865421,0.00293191829770878,-0.0112644251215783
gen=1_member=154,func,-0.00484582278036639,0.0533661329654781,-0.00250742482215136,-0.0131638300871382,0.0208772793778811,-0.0310108043491098,0.00951892275034672,-0.0191503193359219,0.0168097085024132,-0.00700443368449583
gen=1_member=155,func,0.047678019339066,0.059652713359226,-0.0107967600196679,0.0116281923030614,0.00503041546893515,0.000268522485197584,0.0136034869764737,-0.0402034133818722,0.0161076955493892,-0.0108683000071375
gen=1_member=156,func,0.011119178085974,0.0154280455309172,0.00622368047196007,-0.0061778600096364,-0.00896428332169452,0.00648441836384011,0.0174555317302441,-0.0165834183553944,0.013299173312566,-0.0107998143868813
gen=1_member=157,func,0.0166001476329164,0.0118047350055721,0.00753909654582737,-0.00321136714161398,-0.00244217426540179,-0.0261032599523433,-0.00757099794347043,0.00513947232712761,0.00637735859727087,-0.0132481503595051
gen=1_member=158,func,0.0195358246348119,0.0399215448102715,0.0112163773003943,-0.00920945848162476,-0.00457568292624041,-0.000760521643004735,0.00779869783480928,0.00783941435029766,0.0128871797497209,-0.0125862335186378
gen=1_member=159,func,0.00485790630732088,0.00501097397152319,-0.0092839259778272,0.0315719639885472,0.00524870257895934,-0.0152470806486748,0.0149701183313236,0.00450458565010839,0.0150649201114369,-0.0124903983232059
gen=1_member=160,func,-0.00139632640244764,0.00613603630224917,0.00794109110992748,0.00208779044820219,-0.0126870261014286,0.00066380531199301,0.0152333182369364,-0.00113798483239439,0.0160396827084163,-0.0143252521429769
gen=1_member=161,func,0.0224370052693106,0.0203898747770312,0.00166741117577227,0.0205025990961099,0.00260826306363689,-0.0111389982418208,0.00716331007938719,-0.0128972330409816,0.0183398349928554,-0.0188563456112359
gen=1_member=162,func,0.026401370187506,0.027569731235631,-0.0110540275580129,-0.00279556181829205,0.0189985387223086,-0.02325667389499,-0.00823620356995498,0.00365255214267426,0.0105323875224708,-0.0148765008304541
gen=1_member=163,func,0.0239570147297466,0.0248424789061987,-0.00862605434794996,0.00474416426832979,0.0117042359728269,-0.00755261866463858,-0.00354079873514972,0.00724154527146299,0.00808350026290128,-0.0120031801631162
gen=1_member=164,func,0.0081281214589881,0.0197198466196618,0.00664259193749094,-0.00690713640094905,-0.0168836733051248,-0.013607908291971,0.024987766412829,-0.00293035162823489,0.0148058019524158,-0.0290642060565406
gen=1_member=165,func,0.0198999288641155,0.0484567906130051,0.00023796353136083,0.000107726245623963,-0.000931269608509444,-0.0150267795404797,0.0230706608774946,-0.0128699647619955,0.0212681129136503,-0.0123884625750318
gen=1_member=166,func,0.0264430295334761,0.0330903053282366,0.0134205233864886,-0.021854523444712,-0.0117495558004963,0.00348567117198005,0.0142875642882662,-0.0224625635504688,0.0361788104217434,-0.0303310784274354
gen=1_member=167,func,0.011248050628559,0.0331128285097925,0.0186641046253031,-0.0195839508230968,-0.001932288189082,-0.0226055874854401,0.0139842059731063,0.0139610875297664,-0.0125618553117736,-0.0129237211505665
gen=1_member=168,func,-0.00511045870504663,0.0422872494591379,-0.00712118636332413,-0.0125732789592484,-0.00461282314442091,-0.004133451122068,0.0199462972237384,-0.0225740118281024,0.028753275550003,-0.0336448540351833
gen=1_member=169,func,0.00573132383038565,0.0232892041808638,0.0172804781197876,-0.0129150258201037,-0.0176928830636242,0.00651880843988253,0.0208751695244796,0.0354182953755599,0.0215940637740091,-0.00110680766540379
gen=1_member=170,func,0.0117120550221109,0.00257125778114473,-0.0104033955858882,0.0156431628228168,-0.0164681043784943,-0.020481328265461,0.0312039866217471,0.00251939150288903,0.012563065528343,-0.0137536055248294
gen=1_member=171,func,0.00549412853862619,0.00937903810792743,0.0517987285578658,-0.0142279477492195,-0.0328767727020823,0.0140232727576561,0.0493953767601399,-0.00234809490622181,0.0364015711300378,-0.0207045932688663
gen=1_member=172,func,-0.00310091111691811,0.0304295504835798,0.0040315004735523,-0.0129154216839123,-0.0030339507723062,-0.0267359765674387,0.0161928459614842,-0.0138737463017842,0.0146230136386297,-0.0203899478299562
gen=1_member=173,func,0.0150923690109207,0.00977821224329738,0.0374214803117701,0.0138404421723046,-0.0117105451601366,-0.0138017694097057,0.0520415279980712,-0.0154997017878852,0.040717629843095,-0.0186222364453496
gen=1_member=174,func,0.0165130245112542,0.0258548071487024,0.0131130809854006,-0.0085548785232854,-0.00433355026315679,-0.0191845354803629,0.0173173761797911,-0.0110147435704597,-0.00576701681537703,-0.00666790441579539
gen=1_member=175,func,0.0326641408222903,0.0425790771840959,-0.0171017383955495,0.0114978075036017,0.00256810565682404,0.0010477229765304,0.0173701113461568,-0.0290188427443755,0.0468760070798449,-0.0304929656161104
gen=1_member=176,func,0.00238556055948866,0.0246619477006659,0.0101696679465327,-0.00787605385136739,-0.00239995098458238,-0.0222255933939196,-0.000572504389788342,0.00306417631308638,0.0107456607847089,-0.0224854351995458
gen=1_member=177,func,-0.00773254862909486,0.0198948505626478,0.0075240570874378,0.0058340074004894,-0.0105795348791285,-0.00748218844404128,0.0157949206761208,0.0209660614744296,0.012997552168379,-0.00907906163856603
gen=1_member=178,func,-0.00631282326229445,0.0231874695338857,0.0117926524011212,-0.00252326320109839,-0.0133515452406946,-0.00700622431885274,0.00892230067456876,-0.0115134088462647,0.0251803174929482,-0.0191852113845457
gen=1_member=179,func,0.00156129821609302,0.0494785220880737,0.0013856566810524,6.70262409498091e-05,0.0139133419546503,-0.0147696380508748,0.00606270642314249,0.00947946575555383,0.0201464815849502,0.000773109683385046
gen=1_member=180,func,-0.00452185300084487,0.00445325502407267,0.0127455023474802,-0.00991194943056591,-0.00795683134122789,-0.000486811041016895,-0.0105414326655696,0.0205005561958487,0.00407203657435343,-0.0177890804954058
gen=1_member=181,func,0.0101109225328316,0.00705281136679391,0.0120695430423306,0.00181038906466567,-0.0105378042297222,-0.00493541685400976,0.0285174167677548,-0.00446389830634199,0.01886863802883,-0.0089780539422748
gen=1_member=182,func,0.00918008839673236,0.0254643130023433,0.0296245836677039,-0.0215545658518737,-0.00394059288481738,-0.0250801538138262,0.0236501800531915,0.00147678187915322,-0.00586905284404184,-0.0179878147333368
gen=1_member=183,func,0.0345010645286387,0.029451392516873,-0.00590037407173522,-0.0156261558158286,0.00465641963871713,-0.00360232333401932,0.00331207313242973,-0.029387063930361,0.00272714158051325,0.00218475248504062
gen=1_member=184,func,-0.0117393498355436,0.0195968263645975,-0.00820699670294099,-0.0117774913545662,-0.0311548804129424,-0.00665276891499487,0.0161061221521092,-0.0165518036617306,0.0295140014378524,-0.0370131779965895
gen=1_member=185,func,-0.0182500922108281,0.0249064563313224,0.00624103476191877,-0.0190006505906578,0.0106701175322913,-0.00926548302187871,-0.0102146806054017,-0.00639615672453698,0.0120222177061669,-0.00770073735292319
gen=1_member=186,func,0.0192078268089473,0.0212888080725299,-0.00447457198621742,-0.0124403883507055,0.00999829952226858,-0.0225010848766701,-0.00778052551430282,0.00622878202211632,-0.00111211008522955,-0.0190312964906745
gen=1_member=187,func,0.0410713497138632,0.0110188703738096,0.0125263216283066,-0.0617747713317922,0.00047258062587158,-0.0333469520003983,-0.0137582256310726,-0.00423131281179459,-0.00843210754692957,-0.00387719555581824
gen=1_member=188,func,0.00268612743027921,0.0231657583478269,0.0140797358553617,-0.0167297908440572,0.000202894112290063,-0.00313477327945254,0.00612850856836503,-0.0178134641996801,0.0153647774732116,-0.0147348170902302
gen=1_member=189,func,0.0119939254361922,0.0293034274951494,0.00195213438631115,-0.00752900320718605,-0.0180399541525337,0.00307219931677976,0.0140178025781652,0.00538809604185396,0.0146526505688651,-0.0299429979717688
gen=1_member=190,func,-0.00261432040697012,0.0170877160404521,0.00795392725501397,0.0114140730913946,0.00877086419425365,-0.0245192071566973,0.0164609845058955,-0.0173527953318858,0.0283125324484745,-0.0122886118962704
gen=1_member=191,func,0.0161517245462251,0.0337341244536367,0.00266884788273064,6.34307276115315e-05,0.0106765512315791,-0.0182861825508808,-0.0136992625639859,0.0241979489971829,0.0148639827982851,-0.0112360902902795
gen=1_member=192,func,0.00334815781085811,0.00440478312551646,0.00420594399592701,-0.00680036981300639,-0.00226499962314406,-0.00571397650740981,-0.0139117077366296,0.00793489351044542,-0.000383638098506743,-0.0281895055776351
gen=1_member=193,func,-0.00384612011068509,0.0253676827992752,0.00296294768330502,-0.0139703230226694,-0.0109806388642146,0.00750192550182317,0.00535025684992079,0.00719411404416511,0.0126293937879926,-0.0249041132076503
gen=1_member=194,func,-0.00868022872262653,0.00203377544881256,0.0103919242030009,0.0105104901151546,-0.00329292977015601,-0.00457341533336745,0.00926851532474003,-0.00290580510400704,0.0110480756605151,-0.0202593546314715
gen=1_member=195,func,0.0155431375104711,0.0298722896399643,0.0223193335687871,-0.0142154189887771,-0.0200853240748943,-0.00733937685496638,0.0186692122784291,-0.0143206520306825,0.021170948383589,-0.0168933860075787
gen=1_member=196,func,0.00465144348484356,0.01153059952764,-0.00200197448874608,-0.031062401223531,-0.0093991147422337,-0.024790781998139,0.00932152834312428,0.0122333577046141,-0.00402322543556263,-0.00280914407064587
gen=1_member=197,func,0.0174914081030081,0.0102968612347602,0.00919724545651125,-0.0183951684992321,0.000833368428755337,-0.005244943067299,0.000779538906105005,-0.00197086275075735,0.00864929750829058,-0.0136252991884429
gen=1_member=198,func,-0.00957248579209519,0.0140222589612192,0.027006422162945,-0.00810752848729548,-0.010999885820991,-0.030928094881604,0.0209691276854996,0.0299475539913949,-0.00246810197408556,-0.0121626110526074
gen=1_member=199,func,-0.00218595772005319,0.0146687841884121,-0.00357160563686257,0.00249663740713048,-0.00623457613369141,-0.000388447811024137,0.00629345864624186,-0.00402896420119953,0.0121732940372666,-0.0154490863895425
gen=1_member=200,func,-0.00958271656273466,-0.000820240673442927,0.0132013095008996,0.00907624627949595,-0.0229907934260159,-0.00864667614786295,0.0349028761854753,0.000943158091860923,0.0219712763599586,-0.0225556001150713
gen=1_member=201,func,0.0127520181761494,0.0164623114933731,0.00269454226221098,-0.00729595784753212,0.00193349940348798,-0.0159123868535045,0.0144029163587604,-0.000190631102899845,-0.00150020508875847,-0.0134947371073392
gen=1_member=202,func,0.0164627771899736,0.0108360808166098,0.0152671808799571,-0.00302433879580185,-0.0123888732545867,0.013431155048135,0.0316448079669571,-0.0425455824757247,0.0191785097537675,-0.0150435213996829
gen=1_member=203,func,0.0284879802744823,0.0399521408106342,-0.00886613594103297,-0.00282480075146675,-0.00839724612730631,-0.00741863463795896,0.0151152174826152,-0.0167183877950925,0.0168575091526606,-0.014250434248994
gen=1_member=204,func,0.0398175728058563,0.0488283501215518,-0.000218248549213415,-0.0174113355829733,0.0171921440599877,-0.0205525187390697,0.00800163374586274,-0.00997552626748602,0.0108350681460968,-0.017424594545063
gen=1_member=205,func,0.00122766978040947,0.0167515974621073,-0.00729574603019672,0.0123998219008442,-0.0204986570598372,0.000805451264529217,0.030776004910528,0.0153448327087298,0.026477158236707,-0.0282838088369701
gen=1_member=206,func,0.0290453346320901,0.0320740664506464,-0.0216241347396817,0.0179625837846602,0.0121617088484511,-0.00291458635287874,0.00815789845263007,-0.011375027824965,0.0265734083381982,-0.00512917076921747
gen=1_member=207,func,0.0175591633082018,0.0288821607706598,0.0242623159859954,-0.0221970598432873,0.0066117057403221,-0.00771631466590227,0.00650180839633109,-0.0210451080772787,0.017575097979335,-0.0187584067765536
gen=1_member=208,func,0.0115896123698802,0.0250072786698248,0.00943967004324063,-0.0309824910449548,0.00304669495942512,-0.0169042054617972,-0.00322620279978392,0.0123977993068588,-0.0140681535558212,-0.011274268384745
gen=1_member=209,func,-0.00479890971127027,0.00218455276317386,-0.00358124131917566,-0.0268026040021298,-0.0079093729088385,-0.0387880687265529,0.00331273425880545,0.0116615259891239,0.00297544325309294,-0.0162999894140067
gen=1_member=210,func,0.0204426499562656,0.0122042386309103,-0.000541642716952862,-0.00557449014967867,0.00515795414686043,-0.0156929641408491,0.00711632419928911,-0.012144845444687,0.00664094623918142,-0.0196104220829069
gen=1_member=211,func,0.00489303397209383,0.0136966755493312,-0.00160881373886851,0.00329942092112405,-0.00508058716313335,-0.00355475225377589,0.0170458515458026,-0.00106837876672366,0.00553313499394646,-0.00798711324825927
gen=1_member=212,func,-0.0166845741288401,0.00678426153445444,0.0115182885810319,-0.00760853244959523,-0.00296748482021442,-0.0280754552071902,0.0130643602331695,-0.0108064259962151,0.0101821789116696,-0.021875943454228
gen=1_member=213,func,-0.00298709343637166,0.0180170944776274,0.0267847430345656,-0.0127299960636628,-0.0144754481598903,-0.0282320889528883,0.0159964910040079,0.0360831443904142,-0.0162452243502212,-0.0176844702988893
gen=1_member=214,func,0.0283230750174837,0.0300533852945138,0.0162053346444146,-0.015669007161694,-0.0105059992668071,0.00410946215270106,0.0177970720106346,-0.00232209135511705,0.0254953588211883,-0.014713068156534
gen=1_member=215,func,0.0230067936320787,0.0230566018927124,0.0135497951797136,-0.0124346264303007,0.0109879608426828,-0.0207587273250252,0.000913887450303841,-0.0283335342317405,0.0205712708944042,-0.0188436754222404
gen=1_member=216,func,0.013258252788206,0.0413080936374016,0.0184072972447349,-0.0101468553636842,-0.0137488312170222,-0.00586267287663654,0.0117886594780139,0.0141863089055128,0.00282865084920805,-0.0108069051026101
gen=1_member=217,func,0.00327309354851303,0.00561362225570132,0.0262821669963655,-0.00394992791359258,-0.0266430362885403,0.0129211659286111,0.0420185632491353,-0.015150993964672,0.0253968798761008,-0.0154552984288883
gen=1_member=218,func,0.0241544693167203,0.0152385514100176,0.00979960552239146,-0.00973117661299852,0.000688422294494475,-0.0201865425868943,-0.00165529217905288,0.00116004705900369,-0.00474043920929246,-0.0341766475706318
gen=1_member=219,func,0.00620701178210535,0.000433972117637499,0.0279731911324512,-0.0106459345611306,-0.00891517128032367,0.025055444748431,0.00074372625114628,0.00321671495020664,0.0234243852677145,-0.0270667130176295
gen=1_member=220,func,0.00294481604457295,0.0157348576381391,0.0199765176420916,-0.0099957081472881,-0.0154266210717727,0.00545901159042638,0.00207649337655856,0.0276785082576419,0.000879073961633191,-0.00662110056602995
gen=1_member=221,func,-0.0105021100839886,0.0160148377360134,0.00758116353369422,-0.00961914657177083,-0.00751998180859596,-0.00452306640839256,0.00439711256474747,0.0272710925143135,0.0102317542610493,0.00662328997118405
gen=1_member=222,func,-0.00273063545923638,-0.00472798130229164,0.0146560070532652,-0.00363148475620585,-0.0134233025293426,0.0131351152341825,-0.000298021827840437,0.0122336591541071,0.0207011808233579,-0.0328093800834507
gen=1_member=223,func,-0.00665140558599858,0.00965678738430458,0.0173164794770176,-0.0124375540772038,-0.0197282090897721,0.00133943592310284,0.0106639573209788,0.0200172796443474,0.013516736246581,-0.0188902625144303
gen=1_member=224,func,0.00404651476691501,0.0121710517541177,0.041968254129068,-0.00160188685353066,-0.0258215981734532,0.0159264671380466,0.061683711884338,-0.0212070003467916,0.0310813485909765,-0.0185457907287079
gen=1_member=225,func,0.0214884802835201,0.0451559798982717,0.0138701748673015,-0.0185758010676916,-0.00201027807868008,-0.0251355341297176,0.031364722228537,0.0268627173358972,-0.00348281873244934,-0.00834055158009609
gen=1_member=226,func,-0.00495984740950116,0.00349154736332989,0.0198317807460015,-0.00257149358777872,-0.00462034981986583,-0.00713120761452387,0.00828538625517836,-0.0131179297022138,0.00851947386425049,-0.028290011745427
gen=1_member=227,func,0.00813675519449605,0.0364722519250771,0.00596339078024465,-0.0170827216418057,0.0204159136332769,-0.0360998346838906,0.0121975983939445,0.0139056999046671,-0.00137668866277082,0.00628883576947789
gen=1_member=228,func,0.0311280508150616,0.0389831256975863,0.00662883530452543,-0.00472488308399097,-0.00371258963908832,-0.0122613124910756,0.00909021603216438,-0.0198963242329414,0.0135823615242878,-0.0218042702852381
gen=1_member=229,func,-0.0010891726475737,0.0194115293892415,0.00907045620103088,-0.00816526261650456,-0.0130144920542449,-0.00828804540146083,0.0227047611123234,-0.000213164787526659,0.00936658470357795,-0.0163242105721216
gen=1_member=230,func,0.0154048400545827,0.0179287851707168,0.0107989723167833,-0.0179301039423008,-0.00755436681366615,-0.0126051069235733,0.0149396894970137,0.00716636644714554,0.00708227053607809,-0.00581985326201038
gen=1_member=231,func,0.0100059671070835,0.0157747008324429,0.0299797906054114,-0.0115898624212222,-0.00134959627603517,-0.00632493481837366,0.015799188990933,-0.0169981658742806,0.0145421357090357,-0.0133196186636498
gen=1_member=232,func,0.00593222186689299,0.0126067545113922,0.0318917282496079,-0.00788222055095478,-0.0155048716414234,0.0107711847699115,0.0323558118283972,-0.00198752120218517,-0.00983271298401143,0.0140966790097756
gen=1_member=233,func,0.000865246871176561,0.0133938699874169,0.0104391076515042,-0.0130507684656939,-0.00922795129097671,-0.0143386813733686,0.00356462937134059,0.0277631585987997,-0.00775142046221661,-0.017628904513985
gen=1_member=234,func,0.0299430523379754,0.0352704426893807,-0.000982543357788455,-0.0210048508958472,0.00418977062477044,-0.0214281111355131,0.0119861988174849,0.00689351320894005,0.00463504754610417,-0.0206401835310554
gen=1_member=235,func,-0.00893368568104257,0.0360627173329316,-0.000672098223643443,-0.0103072026962197,0.00516550325834836,-0.00728657012400646,-0.0153342309998959,0.0097798666352849,0.0242815861120638,0.00173817082164329
gen=1_member=236,func,-0.000685310764000437,0.0263242160114677,0.0515400138789162,-0.0240755954888942,-0.0287247825766987,-0.0129768813099045,0.0363206040244205,0.028617495580363,0.000346025128314926,-0.00667356329795906
gen=1_member=237,func,-0.00805613602013305,0.0316789605543479,0.0194162490780602,-0.0173044964568368,0.00129416568099913,-0.0156761407971958,-0.00342055091369582,0.0157052512863185,0.00840158205720184,-0.0163667723279187
gen=1_member=238,func,0.00935474897723505,0.0113234570161835,0.00770718974034999,-0.00762136079327061,-0.00214740790374835,-0.00310967077131336,0.0124938241265824,-0.0127128875996141,0.00993032435647825,-0.00950907235626335
gen=1_member=239,func,0.0087620497493686,0.00399621635667102,0.010011605791872,1.29641702495175e-05,-0.0152822454820066,0.00838058288188521,0.00498692976280142,-0.00183959674467722,0.00716339290516759,-0.0214460448539906
gen=1_member=240,func,0.0267625310827165,0.0409254081238281,0.00772895512540541,-0.00908563117556918,-0.00062974610491766,-0.0192120457148816,0.0268188023139747,-0.0184268339791339,-0.00460684191187149,-0.0071745434863023
gen=1_member=241,func,0.0113560507718549,0.00177416533448013,0.0140756913598967,-0.00913347622890025,-0.00517249284509486,-0.00961656962367092,0.0127294183513132,-0.0350121402229121,0.0403513098290263,-0.0435256794647733
gen=1_member=242,func,0.0144316268243334,0.0134770786478203,0.0245940662407597,-0.0211152476297602,-0.0121001317016505,-0.00630077354328336,0.0389465377952866,-0.00940034627983505,0.0151365296660451,-0.00793084635885183
gen=1_member=243,func,0.00965433268992281,0.00456369142279128,0.0336115232817717,-0.00961563472408253,0.000309080023446612,0.0147422500154424,0.000789166276143761,-0.00877693667302393,0.0159774574587769,-0.0197224726810964
gen=1_member=244,func,0.00162780164641743,0.00869517106096424,0.0232843458164514,-0.00912804152378098,-0.0138953565079419,0.00543592309992147,0.0224372379414386,0.00647265575900619,0.00376243854531024,0.000698822890887445
gen=1_member=245,func,0.0244178885225963,0.0361542499201973,-0.0164479386857415,-0.00917526235055426,-0.00341256466226719,-0.0142478847531676,0.0196752464697596,-0.0373351727181425,0.0328479734503623,-0.035701654256102
gen=1_member=246,func,0.023094316990744,0.000715313637519387,0.0318382803756655,-0.0124429623491283,-0.0175618770568922,-0.0116958928356484,0.0274724176079695,0.015651136609216,0.0241766155857916,-0.0291019512866822
gen=1_member=247,func,0.00916668259620127,-0.00480297540006813,0.00829977834776687,-0.0144538709826615,-0.0115696846132465,-0.0233205977420335,0.00980466667873097,-0.00737725428987949,0.00728302400531025,-0.0297796462724162
gen=1_member=248,func,-0.00447917476980066,0.00913227355957234,0.00612101400872537,-0.0383726921542894,-0.00991236121312434,-0.0316937401312668,-0.00304893448875939,0.031432095415062,0.00409817795279181,0.00511470463093336
gen=1_member=249,func,0.0177374680914586,0.0379990111471301,0.0367271514919416,-0.0170253810367532,-0.00480254641908152,-0.0362107673643634,0.0388899637491844,0.00960924165641829,-0.0038930206214133,-0.0169456167574519
gen=1_member=250,func,0.0231077800838334,0.0302281917637571,-0.000983028994011849,-0.0218188046001244,0.00247327756102226,-0.0132140899604081,0.015330689574406,0.0167943313662144,0.000676799901190931,-0.00843380549620928
gen=1_member=251,func,0.000288054459808555,0.00680558215474416,0.0184767917912741,-0.00675898987166846,-0.0184199022607617,-0.0176698107465585,0.0236767025629466,-0.0140679804499028,0.00920699773518024,-0.0245863696989716
gen=1_member=252,func,0.0109286513984492,0.019545939613136,0.0344069460420997,-0.0284899225014005,-0.00672583989853829,-0.0219829800547548,0.0276796971071236,0.00834144799497685,-0.00393600724770264,-0.0091334439951023
gen=1_member=253,func,0.041102459928818,0.0191296934241971,0.0194404231877176,-0.0344301357716017,0.0273843145824927,0.00612791751856902,-0.00220771963702161,-0.0314839773587976,0.00928780996712753,-0.0164410509960085
gen=1_member=254,func,0.00330135255879981,0.00985573904535994,0.0327669913510741,-0.00313042341054112,-0.0197860086872116,0.0103579522891297,0.0203677478927402,0.00497555798842072,0.00570999417435942,-0.00729946621574539
gen=1_member=255,func,-0.0149606562438231,0.00558198047588711,0.0138651007339761,0.00533213434062264,-0.0170426719449635,-0.00173342773421212,0.00623512713501839,0.0177091647455986,0.0277958507727937,-0.0125990254087241
gen=1_member=256,func,0.00831436238640448,0.00791311408291951,0.0220362821743543,-0.010662014986907,-0.00656842014820358,0.00361685881015456,0.00645774682342851,-0.00273523999836726,0.00196044865938088,-0.0120611492760638
gen=1_member=257,func,0.000527492055774524,0.0133386000273188,0.00234858423253296,-0.00704267081944144,0.00188099853929333,0.00305248938927325,0.00416991846927639,0.0182256124494531,0.0088031120023224,-0.00117295074346548
gen=1_member=258,func,0.0248635451400159,0.0530113479707324,-0.0124837332114965,0.0100119175548969,-0.0135934837936184,-0.0047443091378797,0.0205140736135298,0.00269257939133624,0.03468926911904,-0.0252232210546777
gen=1_member=259,func,0.00942680801252523,0.013527713193563,0.0204457631339743,-0.00278638347806495,-0.0114153638236701,0.0041527559312798,0.0190125462140569,0.00408471494412405,-0.000137494422585629,-0.00338505379314308
gen=1_member=260,func,0.0143119056730377,0.034150360785597,-0.00901458207981184,0.00278599966610965,-0.00817609333203003,-0.0152805447008283,0.0348254452938258,-0.0101152218223102,0.0226340144281205,-0.0163597588982137
gen=1_member=261,func,0.0397717246830884,0.0226474090933101,-0.010942230490306,-0.0466487906019858,0.00955662421052419,-0.0350090517937483,0.0018317302971965,-0.000265160233750231,-0.00461428870198017,-0.00161991221439253
gen=1_member=262,func,0.0154058892197583,0.0252223215415556,-0.00871241235598928,0.00378206478037158,0.000202880665249832,-0.0117037418629082,0.012272104911004,0.000997273124957996,0.0178657099871829,-0.022028277880422
gen=1_member=263,func,0.00877077045296255,0.0183977857350893,-0.00366273229021403,0.0206851856333346,-0.000965073591016008,0.00224251252186941,0.00288573485513953,0.00395159756569125,0.00572567920482798,-0.0155618939809765
gen=1_member=264,func,0.0155994741114114,0.0117220380753763,0.0299929134124632,-0.00789670687114988,0.0107306585714795,0.0159319101998752,-0.00188480792615243,-0.0232790438532696,0.00678430742938018,-0.0168217401033305
gen=1_member=265,func,0.00755855887194705,0.0107440974852723,0.00202064590417829,0.00745468919135116,0.00183611405315848,-0.0143973017855505,0.00892220724499015,0.000713815108644008,0.000365588685556128,-0.00694820606273165
gen=1_member=266,func,0.042868340142587,0.0493367110946626,0.0011398623581664,0.00616606796848578,0.00604051074935621,-0.00409641869161615,0.00256572000741959,-0.0125438145951467,0.00164125967096041,-0.0131384486139622
gen=1_member=267,func,0.0223904996184787,0.0199605543033286,-0.00137299081300938,0.00327678548814873,-0.00964915777737028,-0.0143825108129355,0.0262071563773567,0.000996531132794261,0.0179745231421715,-0.0249324285377525
gen=1_member=268,func,0.0013824970140689,0.0233987418530858,-0.0030358498549617,0.0053134072048448,0.00455273305643595,-0.0112493581113239,0.00282252800791286,-0.0133414804754054,0.0219390361601857,-0.020984968631074
gen=1_member=269,func,0.0127246065562181,0.0208748996498581,0.0188078631881466,-0.00690101624709491,-0.00416360011396434,-0.00751409247504071,0.0266515993831843,-0.00727815421319397,-0.000924958469962828,0.000325589492170037
gen=1_member=270,func,0.00195601597666575,0.0185616172580173,-0.00229564153821086,0.0011053375452138,-0.00994444364969226,-0.000480726151551257,0.00975271508709431,0.00250643133838946,0.00882820748986411,-0.0124763544010757
gen=1_member=271,func,0.0199953240312654,0.00956150878639335,0.0345365485344394,-0.0148117712496439,-0.0120485204128774,-0.00435570242098659,0.0338170429459857,-0.0376338459369481,0.0243245488373566,-0.0265117468393617
gen=1_member=272,func,0.0157607436903606,0.000705134935354959,0.00165951836703144,0.000333828178031887,0.0031201852676203,-0.0166115193349952,-0.000387883491135898,0.000977091451360498,0.0127516083751487,-0.0305923272549098
gen=1_member=273,func,0.0167816170247282,0.0290759674419725,0.0257199112411762,0.0144215831075343,-0.00710576556599294,0.011881574237681,0.00547364615052873,-0.0101938583487783,-0.0115163664325697,-0.0165675848404597
gen=1_member=274,func,0.0229050201938348,0.0291082114974237,0.00120885205497153,0.0188175922316002,0.0141293758171229,-0.0113358018235833,0.00568755750197283,-0.0118559866243586,0.031295760485714,-0.0103681780651999
gen=1_member=275,func,0.0139165523873814,0.0193190769902505,0.00499479547112956,-0.00918806858741405,-0.00281075993602334,-0.00387747355598412,0.018638831972832,-0.0176425892600105,0.0114282337141553,-0.012273611124647
gen=1_member=276,func,0.0219570958017426,0.0349371513332924,0.0182803038120629,-0.0207926065801731,0.00153068747928384,-0.0145745113964251,0.0210274565726554,-0.00616050134028192,-0.000916906591951461,-0.0161094979890949
gen=1_member=277,func,0.0195039791775408,0.0171816437198299,-0.0012932582924707,-0.00647356492359798,-0.00449577224624366,0.00779248645423414,0.0191943056404538,-0.0141032728721729,-0.000595831697765364,0.00632568848857724
gen=1_member=278,func,0.00466498569859668,-0.0116420892080062,0.0146585062960686,-0.0168631824670373,-0.0190494812682458,-0.0125758884873342,0.0139345092696101,-0.0301456920964348,0.019667167323343,-0.0236615377099899
gen=1_member=279,func,0.0186340017478677,0.0225557277139523,-0.0057816234354832,-0.0142410371010553,-0.00872644270027316,0.0148915933220004,0.0144126533235082,-0.019152027292546,0.0314905258735968,-0.0556865264188195
gen=1_member=280,func,0.0145570616007618,0.0255778762402888,-0.00210440403162442,0.0180129900400847,0.00646641976546311,-0.0143863161485116,0.013034034042203,0.00147233673120832,0.00526850306440489,-0.000277203215352391
gen=1_member=281,func,0.0203668278737942,0.0174223652879304,0.0362560545676907,-0.0291019120591277,0.0112386045152187,0.00817084289101631,-0.0145856506341477,-0.0239628173001241,0.0179892437855375,-0.0253251959681183
gen=1_member=282,func,0.0276643903066139,0.0383271267266136,0.00345442962932426,-0.0228187965115647,0.0150937253768475,-0.0162308971272795,0.029785212857581,-0.00996267960452376,0.00225827304944716,-0.00582064965704734
gen=1_member=283,func,0.00168603571102456,0.0145274831002522,0.0202355415898873,-0.00247367835962804,0.00233804375541032,0.00734330353940687,-0.00949159464562691,0.028768195986254,0.0392731209722059,-0.0116362389169856
gen=1_member=284,func,-0.0101289566016723,0.00429826367689728,0.0482567921771686,-0.0252974158184305,-0.0143529320419444,-0.0107689259128024,0.0167935511929611,0.0116880312339764,0.0014950660075583,-0.0174249101344736
gen=1_member=285,func,0.0151494046361104,0.0272672534513498,0.00505045252121889,-0.00711351826127721,0.0218352143759961,-0.0247574637905179,-0.0138462758112764,0.0308355770377669,-0.00142663420744891,-0.00259851455897046
gen=1_member=286,func,0.0192557462236943,0.0554212714538634,0.0130525295531327,-0.0168322009870406,-0.00948557198631195,-0.0218220341978448,0.00742975606984136,0.0208301411965447,-0.00340064731931912,-0.0197754855196778
gen=1_member=287,func,-0.00936786056643513,0.027726550432189,0.0116638502979034,-0.0281596017697826,0.00112266122629129,0.000585721202005467,-0.00402445650280722,-0.00808215626551782,0.00282594987424377,-0.0136860595479849
gen=1_member=288,func,0.0122734646478597,0.0237907593971542,-0.00535557860277656,0.00934181508855415,0.00623924437402202,-0.0257848709732604,-0.00293684001197596,0.0247483059075095,-0.0082245269792312,-0.00912093295340736
gen=1_member=289,func,0.00684688636232404,0.00735375664697487,0.0220313994456408,-0.0144077414830948,-0.00402574482435393,-0.00703785020155966,0.0183478597238629,0.00332923507809143,-0.00405702912268933,-0.00173456772004623
gen=1_member=290,func,0.000629400094673166,0.0133897823842637,-0.000763319077715455,-0.00389115316620146,-0.0159932235027539,-0.00126569236574473,0.0129466181744213,0.0162021246237311,0.00566596239879557,-0.0205014278516491
gen=1_member=291,func,0.010659239233174,0.0189035884296838,0.0227708029134478,-0.00863516527406952,-0.0163303528117175,0.0119371182569963,0.0385883960453646,-0.020736128252239,0.0322530244375094,-0.0180716420176681
gen=1_member=292,func,0.0120432648556834,0.00600458941742293,0.00867841118498797,0.00271810235242245,0.00685300041757318,-0.00526371497660551,-0.00618012659999641,-0.000948853049233258,0.0209774525592552,-0.0284758077515524
gen=1_member=293,func,-0.00552847209585161,0.00580577398349804,0.0192860260303549,-0.0078044892414049,-0.00893782097304949,-0.0229255948678293,0.0126120482108292,0.0132890085782128,0.00603420521785175,-0.0155396608520015
gen=1_member=294,func,-0.00333880316607687,0.0139037253403093,0.0176941518886009,-0.00559102804696255,-0.00377767953464672,-0.0214133083698291,0.00726787383787217,0.0079767533538549,0.0049322926228226,-0.0169267440439125
gen=1_member=295,func,0.0137659165343883,0.0223585872139372,0.00584263566398259,-0.017548717412805,0.0020359264114523,-0.00805497333617241,-0.0150486322904335,0.00911799268997385,0.00192469319915081,-0.0228064076170532
gen=1_member=296,func,-0.00147302356211655,0.00784718990347576,0.0309689304614729,-0.0172045116606242,-0.0218014515322132,0.00434996911326551,0.0382439077386746,0.0073115099118627,-0.00876990209958192,-0.00507712117199932
gen=1_member=297,func,0.017304209262047,0.0249119221329239,-0.00349788432038713,-0.0030495586776947,-0.00123357804426531,-0.00698977761476463,0.0225411039128557,-0.0102650996597365,0.00274473064235756,-0.00455436239915621
gen=1_member=298,func,0.00684032624643601,0.00882385992214473,0.00144010682163396,-0.0143122363176294,0.00205945590149588,-0.0188064605409832,-0.011215710237847,0.00276067422057033,0.000288669291259079,-0.0144900791622299
gen=1_member=299,func,0.011299782390427,0.0218989266347638,0.0274349714559114,-0.0158307199435655,-0.00643811670524367,-0.0240553785451248,0.0320053003637308,0.00465979263988895,-0.00128154944315026,-0.0104602663870033
gen=1_member=300,func,-0.00231128054262974,0.0226092949384786,0.00542356361945316,-0.0158503362016941,0.00537455932312834,-0.00453177404849943,-0.013797814213643,0.000727542757588284,0.016262112364209,-0.0157453167509185
gen=1_member=301,func,0.0248308906563259,0.0366547781746213,-0.00470072569837796,-0.00169965326333504,0.00554393475524662,-0.00387642144851454,-0.0137297786716421,0.0170714894808031,0.0176004718408331,-0.0145631383427686
gen=1_member=302,func,0.0371784669216954,0.0622258158182066,0.000613496547403586,-0.0220997416863763,0.0111956815390904,-0.0376171697640701,0.00994086340493517,-0.00307201322314714,-0.0095939951682624,-0.0216229259729311
gen=1_member=303,func,0.000739529111295329,0.00593601134851066,0.00863294977025668,0.00202278619043754,-0.00828375840864288,-0.000927982997442326,0.0173523172424149,0.002782320793836,0.00626372934954449,-0.00827898692444187
gen=1_member=304,func,0.0279727641367012,0.0196811670833215,0.00755974913320679,-0.0447615835522659,-0.00775703946420122,-0.0302564381106919,0.0157903687895962,0.00119773355715087,0.00166348868190308,-0.00231129627638927
gen=1_member=305,func,0.0224364398974633,0.0305745280090845,-0.00267295791676514,-0.014989770371049,0.0163759592923172,-0.0242554394438708,0.00533178490219921,-0.00432670762195454,0.0141742668456416,-0.00225690305670831
gen=1_member=306,func,0.0205399077004323,0.0190305837610727,0.0122942795964447,-0.0220540715298701,-0.00109202500265306,-0.00409350231927781,0.033327865735043,-0.0109223153018703,0.00328123182697809,-0.00230069989783764
gen=1_member=307,func,-0.0386462040218825,0.0115185406064318,0.0371270465232155,-0.0106590987190023,0.00656069663873627,-0.0218764065385341,0.00352858578052369,-0.0237703955633693,0.046618548739538,-0.0146484503657424
gen=1_member=308,func,0.00756590716057389,0.0188911459387929,-0.002384016909451,0.0101425646647643,-0.00573234851449426,-0.00324653091742218,0.00594175276383087,0.0139726237476257,0.0318900361313032,-0.0263227873624564
gen=1_member=309,func,0.00233845978596123,0.0188918790608028,-0.00773464405917718,0.00305406802917216,0.00972743409142827,-0.0313415719562798,0.00138699213555543,-0.0273146026801643,0.0238988404104162,-0.0153297581646097
gen=1_member=310,func,0.00995977892779799,0.00520270405552025,0.0162860982816733,-0.00735248676317936,-0.00945590033526808,-0.00740195259808782,0.0238090486095093,-0.018626640497975,0.014792778932679,-0.0225731248307526
gen=1_member=311,func,0.0137394424206924,-0.00112782766977732,0.029930779428273,0.00388732711499188,-0.0104659725427572,-0.000934901155118959,0.0150936294989451,-0.00794659400410684,0.0409278799591177,-0.0116824751684157
gen=1_member=312,func,-0.00200461633476964,0.00550541736742494,0.012290781213911,0.0102312368473692,0.00723713469065314,-0.0109481799092427,0.00189613464549991,-0.0204555656180429,0.0262456998125544,-0.0294435875763118
gen=1_member=313,func,0.0145562301147867,0.0149069491729179,-0.00230838757325472,-0.00281739533324243,-0.0231288674025403,0.00451566294967392,0.0105426879226425,0.0105218292108319,0.0136983850025497,-0.0294892098745161
gen=1_member=314,func,0.00632342881125229,0.0256006783797671,-0.00974909302528688,0.00152019730034877,0.00238788269735536,-0.0244754360426198,0.018031266032481,0.00422153496394775,0.0162352408303675,-0.0166831808028416
gen=1_member=315,func,0.0101819642462562,0.0402392362218952,0.00450558394847515,-0.0177843963335006,0.0132508230097938,-0.0212187398278747,0.0086652861334074,-0.015698157119468,0.00936140033779206,-0.0171486741036827
gen=1_member=316,func,0.0276762581691307,0.0134599292216974,-0.00122482218177099,-0.0107718148872357,0.00421767448778264,-0.0029964284892339,0.0206900852838738,-0.0113706282090001,-0.0153733162045749,0.0154033957435326
gen=1_member=317,func,0.00347819566902336,0.00563532986365816,0.0218390699641747,-0.0157123586025674,-0.0101508157657194,-0.00944362195955771,0.0100264358058628,-0.00505265164910717,0.00209911254133799,-0.0169895149206247
gen=1_member=318,func,-0.00367403332417563,-0.0039936083112514,0.0193537680340642,-0.0171402778845562,-0.0093270243320581,0.00864902005067444,-0.0045285762354241,-0.00822589517327431,0.00359199426984388,-0.0226794386168219
gen=1_member=319,func,0.0233353998734812,0.0270223821414556,0.0206994142975938,-0.0278174820834275,-0.00766343748185096,-0.0175964969539977,0.0317371883018662,-0.0106977262225133,0.0102534647668294,-0.0159334768366137
gen=1_member=320,func,0.028464508628767,0.0427328481858069,0.0121341365601948,0.0125007627623606,-0.00329454359679255,0.0101319933181053,0.00113984491892827,-0.0032258180683208,0.0257113063748422,-0.0101060646706498
gen=1_member=321,func,0.0218477170604505,0.0230791927680814,0.00016046381412797,-0.0120813278743398,0.00543174355311734,-0.0120180936199019,0.00881130544098828,-0.00516916440216388,0.000538852595792552,-0.00821876583435703
gen=1_member=322,func,0.0136093902723681,0.0111325209428581,0.0105129073863708,-0.0179897313026351,-0.00271988020245915,-0.012394608591778,0.0122959711664016,-0.00395044931941901,-0.00267559601496217,-0.0256404559802433
gen=1_member=323,func,0.00122740076680903,0.0148630643110957,0.00720679053002146,-0.011301016911453,-0.00980281189404179,-0.0229337152699527,0.0118738138054484,-0.0159329758354998,0.0102516973274839,-0.0112410663559569
gen=1_member=324,func,-0.00206822796166334,-0.00254239624319852,0.013490212864064,-0.0305139164065205,0.000499585389166772,-0.0183551257566672,-0.0285173464020235,0.0224985559916413,-0.00203259917412475,-0.00975035318129107
gen=1_member=325,func,0.0128142279378745,0.00178796486698379,-0.00551547356676831,0.0139025284823284,-0.00762795757213726,-0.0124006422222362,0.0152784702814914,0.014879652758983,0.00596005105224918,-0.0270710811585161
gen=1_member=326,func,-0.0033448617599435,0.0329072814587923,0.0106938609101269,0.0111080919330055,0.0135115609551978,-0.0109399967087622,-0.00132685906110695,-0.0166261661157224,0.011423450891977,-0.000182421267828255
gen=1_member=327,func,0.00733425697749604,0.0180131578833812,0.0145016169877031,-0.0117995045954378,0.00122631580375457,-0.0226439028708872,0.0130088701404484,0.00843845729297905,-0.00986389054400691,-0.0148566642952288
gen=1_member=328,func,0.0135052725939785,0.0146207746408636,0.0325505604868978,-0.0183097744985954,-0.00142849962152539,0.000649675254196893,0.00538389503647867,-0.0142914606005277,0.023002394579815,-0.0249461878572002
gen=1_member=329,func,0.0125843904591176,0.0108304036281873,0.0247334007925351,-0.0276256684639895,-0.015167271607808,-0.0163310587576919,0.0163722471436268,0.00608183676615853,-0.021698305065585,0.0124753039357709
gen=1_member=330,func,0.0225157226936176,0.0205733989558102,0.016900920013406,-0.0081582505271442,0.00295995521861347,-0.0117507086074638,0.00570711284394998,-0.0251448834334313,0.014989462491618,-0.0232410850955427
gen=1_member=331,func,0.0122291684683722,0.0166567224927048,0.0284536124042883,-0.0132058535062537,-0.00777045802155943,0.0183999995066226,0.0245380174990325,0.00983037889079966,0.0281325877618104,-0.0204693464376869
gen=1_member=332,func,0.0048363329051039,0.0157287089110182,0.014822874624648,-0.00926618852468992,-0.0109480395759349,-0.00894241437081434,0.00191162720676232,-0.00523205442907396,0.0133983086899133,-0.0215144960409406
gen=1_member=333,func,0.00764130962566494,0.0338172571879315,0.016142075011177,-0.031801825619299,-0.00724301493861591,-0.0352188246929773,0.0159930217918769,0.0278204275282945,-0.0211722238517236,-0.0149814894965791
gen=1_member=334,func,-0.00227629034452263,0.0112652833205783,0.0191641707878534,-0.0268854378255579,-0.019637369619014,-0.020121196842565,0.0109420936137014,0.0322889999753702,-0.00364894704356432,-0.00420179152505508
gen=1_member=335,func,0.0302950436503598,0.0147515421484697,0.0516383208211249,-0.0291003261572162,0.0164612780876716,0.00663203205659125,-0.0187663723546695,-0.0220204279887875,0.00711357423645534,-0.0279060762535886
gen=1_member=336,func,-0.0140179530260608,0.0193212965614,0.0279702042169103,-0.0142914401666435,-0.0108060250732259,-0.0185526280111667,0.0166722237153794,0.0113679252030059,-0.00279655803526803,-0.0155924754789186
gen=1_member=337,func,-0.000938274070128961,0.0174072957758006,0.0168833333048705,-0.0142726516090714,-0.00205009866792157,-0.0234106213109067,0.0196729110615587,-0.0176885580252219,0.0119421848770618,-0.0238159686603898
gen=1_member=338,func,0.0113335481379066,0.0245056328753901,0.0201775133221458,-0.0113368926567637,-0.00365486208017569,-0.00445164163636968,0.00108237993383258,-0.00132507595679416,0.00519798989209417,-0.00922201925872932
gen=1_member=339,func,0.00576873114259441,0.0283202516406866,-0.0105614834897944,-0.00523793279717695,-0.00435620440712528,-0.00761911533497731,0.0189032207593617,-0.0110593013282784,0.0167495273278792,-0.0230015463305694
gen=1_member=340,func,0.01404483417075,0.00211948041462352,0.0292488826542935,0.000827815976591923,-0.0143856333969889,0.0117760670734368,0.0241676110236223,0.000717799389907545,-0.00601149220988816,0.0176995836731635
gen=1_member=341,func,0.0113421156324571,-0.00252393267809133,0.00619320105235523,-0.0116550853176591,-0.0246513014583091,-0.00801103740956139,0.016306338619087,-0.00994678616087031,0.0250469881741002,-0.0254195703742479
gen=1_member=342,func,0.0118123069489018,0.00853293971868831,0.0148247709863772,-0.00697115586037819,-0.0158513067471188,0.0082791220455482,0.0201104444619675,-0.00743661555880538,0.020810580988262,-0.0225693264247115
gen=1_member=343,func,-0.00217284748728129,0.0101327851304888,0.0207198835289572,0.00548392547345091,-0.028340973087888,0.0128957296620661,0.0033356705566885,0.017688733917587,0.00888889453867799,-0.00920761016073358
gen=1_member=344,func,0.00736974565443988,0.0165848301782466,0.0132010395412844,-0.00979840157831731,-0.00803237552218208,-0.0136157110062123,0.0111574560863175,-0.0171757267641009,0.00831178111576656,-0.0233356806970088
gen=1_member=345,func,0.0107072006127532,0.00912162109086343,0.00777539864484828,-0.0162755971546603,-0.00493670097827098,0.0161535747629362,0.00883058702316027,0.0119656533558499,0.00421731124741977,0.000817470206114496
gen=1_member=346,func,0.0148112421969174,0.020899349942182,0.0166227705560193,-0.0133708695287338,-0.00873657978081712,-0.00080963304080799,0.0100117672333464,0.00264199140150005,0.00603482882553325,-0.0189890166409692
gen=1_member=347,func,0.0130599258414411,0.0301982638274899,-0.00599055286037915,-0.00509969109598666,-0.00484295849218355,-0.013056002499155,0.0286758420882454,-0.0131357543306272,0.0224398755962221,-0.0216283593098155
gen=1_member=348,func,0.0263327670081197,0.0268944602016969,-0.00836780748114001,-0.00451800286836002,0.00900173560250145,-0.011489675481215,0.00118220262512755,-0.0141967849865477,0.0183059929536245,-0.0261784234074949
gen=1_member=349,func,0.00690737899940124,0.0225791964859279,0.0216863652545721,-0.0118385933929191,-0.0042723717272047,0.00166954818850759,0.0325087963689195,-0.0353124988693768,0.0264526142411582,-0.0190253949631605
gen=1_member=350,func,-0.00661852031515683,0.00514730098184359,0.010047601193269,0.00610462649187865,0.00381432442604616,-0.0233946871674762,0.000427090422543097,0.00290293602447829,0.0107178204845539,-0.0121830243166533
gen=1_member=351,func,0.019623048398671,0.00571891360291844,0.0443230102494731,-0.0144688841679038,-0.00559283434038833,0.00180426390231685,0.0105720267806286,-0.0166944616647174,0.0202504296135403,-0.0223588701372191
gen=1_member=352,func,0.00271886639749691,-0.00202211398986191,0.0236878417699523,-0.0127521028899764,-0.00913240631073019,-0.0101659320663425,0.0215767376382999,0.00404919080798121,-0.000144845927990612,0.00291295871149535
gen=1_member=353,func,0.021542349827741,-0.0197438662427784,0.0252400452399473,0.0147934517150838,-0.0401378608257121,0.0128564089320455,0.0222607438513318,-0.00148912722177114,0.0417923100788619,-0.0205350791988247
gen=1_member=354,func,-6.1654780464878e-05,0.00834697992722633,-0.00643693289122621,-0.000502693755497703,-0.016969949884045,0.00827492897965609,0.0137621983552029,0.0141661493879152,0.0180250765883609,-0.034245859333637
gen=1_member=355,func,0.00745585346948081,0.0347068928988746,0.00670277907855469,-0.0128494022495547,0.00770075614456072,-0.0219436367417848,0.0210055472707139,-0.0106187561597464,0.0102020059983115,0.00400459630617786
gen=1_member=356,func,0.00861435499607664,0.010931652039878,0.00924320973803716,0.00469737819236087,-0.01583096755046,0.0133869970189511,0.00556455239914084,0.00492264032998367,-0.00305300729378252,-0.0246556136102604
gen=1_member=357,func,0.0308776110824454,0.0417758061511911,0.00875858908704488,-0.0200269436382618,0.00958239330895545,-0.0189541420176904,-0.000857551935359979,0.000718842761169706,-0.0013076213006395,-0.0199839028036607
gen=1_member=358,func,0.040381777604322,0.0372122907372098,0.0172956377678196,-0.0203618487662907,0.000650698639574199,-0.00351045314529836,0.0202574496861495,-0.0482115891985512,0.0327973392970338,-0.0424587644984979
gen=1_member=359,func,0.00453834789550585,0.0129572240123622,0.017711780280348,0.0106563681411124,-0.0174872975860226,0.0117986456254208,0.00342888734165325,0.0145555771463063,0.00453920179942087,-0.0258813658233482
gen=1_member=360,func,-0.0235147315170681,0.0289125447749404,0.0108901949993059,-0.0197280612975592,-0.0211376759566688,0.00827718866013102,0.0135361350169376,-0.0160939242801239,0.029398936474707,-0.0213758052146606
gen=1_member=361,func,0.00562955318690593,0.0217122291279822,0.00107232692339205,0.00275474200703819,0.007081380602202,-0.0256567125670287,0.00843197740400764,0.0114615456295409,-0.0091841091962945,-0.0167779119760293
gen=1_member=362,func,0.0220445504554046,0.016455013591004,0.0326227597554441,-0.0143452068787407,0.00901781700961359,0.00678900526820248,-0.00353928979961557,-0.0354248595096751,0.00665775758614955,-0.0313110277286434
gen=1_member=363,func,0.0108162973405367,0.0260726775282788,0.0151722416374801,-0.00851622169424435,-0.0181409242245124,-0.00224264655675458,0.0102481145626592,0.0243697128096365,-0.00650640881764938,-0.0119085207594429
gen=1_member=364,func,0.00339246960694506,0.0105199660542176,0.0177353250266593,-0.00907870133754259,-0.00777426784869645,-0.0171136963747519,0.0184926385787684,0.00729526815157768,-0.00257038644920243,-0.021130303750753
gen=1_member=365,func,-0.0107413774045257,0.00396807637738449,0.0148788534645156,-0.00465043576015542,0.00914131235504646,-0.033044437143086,0.00538801123773008,0.00426421261727274,0.00965610904124465,-0.0162716443929252
gen=1_member=366,func,0.00348655597005596,0.0244625832352329,0.0349367518050704,-0.0164559524100242,-0.0301583322980614,-0.00570460355824575,0.0327245692750286,0.018687243036801,0.0296979128145597,-0.00326925945991743
gen=1_member=367,func,0.00975333116150449,0.0132710871652365,0.0302073873740797,-0.0202639812505629,0.0051169990605083,-0.00962697846587864,-0.00829466912964624,-0.00167218586903697,-0.000470622821345929,-0.0194482647347084
gen=1_member=368,func,0.00671839148948948,0.0147464471683054,0.0063225939197278,-0.000946726498890671,-0.00598020493379582,-0.0105329737414873,0.0179405002584098,0.000733200304419477,-0.00285356627131569,-0.0103303828521637
gen=1_member=369,func,0.00181793026734601,0.0177062866803073,0.0422974395767716,-0.0124344836782381,-0.0259664184704423,-0.00178834827613949,0.0363258340145409,0.0179453854761152,0.00991375878314797,-0.00984829650175319
gen=1_member=370,func,0.0131145193341513,0.0155503970163825,0.0238836715097609,-0.012968556788758,-0.00136344589338013,-0.00953744216591493,-0.00326343636900219,-0.00597050127854127,-0.00134596097263412,-0.0143996066328234
gen=1_member=371,func,0.0137865903739748,0.00628074362897351,0.0220036386642006,0.00218953978516325,-0.0118843398921846,-0.00203100510788433,0.0280783944181712,-0.0175550226741208,0.0212005680392562,-0.0214192919726476
gen=1_member=372,func,0.00704834098888521,0.0146816017185078,0.01276488783568,0.00139175734400527,-0.0134808672125682,0.0142365050033005,0.00417666881738741,0.0172750230459511,-0.000931643994495784,-0.0085171164416509
gen=1_member=373,func,0.0346984628081924,0.0346161195803331,-0.00351669696512797,-0.0194224946455451,0.0135837659126232,-0.0152698210685475,-0.0026029659722449,0.00223428478751456,0.0060026006843254,-0.0129908530954689
gen=1_member=374,func,0.0393094075341295,0.0544218557973847,-0.0159246673358004,-0.00726577011633043,-0.0146038820753379,-0.0039532968572511,0.0369037255049618,-0.0175044668510868,0.0440564601181551,-0.0279077137559209
gen=1_member=375,func,0.0163708148679634,0.0179886656710851,0.0419115797094033,-0.00861130371587302,-0.0275135057886441,0.00300659246666619,0.0710197070246222,-0.0353666881296474,0.035587007134363,-0.0243782753701983
gen=1_member=376,func,0.00592788850382894,0.00723895707786345,0.0299479874431558,-0.00436007338700558,-0.01827610946921,0.00182744853017478,0.0197340746089941,-0.00115909201891407,0.0018617395168675,-0.00383248676160027
gen=1_member=377,func,0.0240364624804105,0.0228665517465964,0.0222663847582537,-0.00393191878876291,-0.0153574363503803,0.020896293305771,0.0246536551486984,-0.0219104483067373,0.0307005201926574,-0.0174886898515036
gen=1_member=378,func,-0.00886869856095689,0.0295965559492581,0.0195227274032663,-0.00707227512152178,-0.0125868935575327,0.00291064951919373,0.013102837093412,-0.00334445909306201,0.0223849968959153,-0.0163572784707436
gen=1_member=379,func,-0.0237827487553624,0.0185918321845699,-0.00394193244053341,-0.00263903931410928,0.000211607634296784,-0.0216134440118353,0.0161311309801731,-0.0354948431334471,0.0363111411666378,-0.0235279934868713
gen=1_member=380,func,0.0158054119963308,0.0283841754987934,-0.0139311699190022,0.00363324405548795,-0.00240253476588566,-0.0174636027088146,0.0328615763683804,-0.00246000848913781,0.0147405357570439,-0.0179001160822699
gen=1_member=381,func,0.0143191601310241,0.0189014529968622,0.00400714131035652,-0.00530308820660109,-0.00129039059931987,-0.00665387006234619,0.0100683122223616,0.0114084144617453,0.00912494475855582,-0.00799031623946211
gen=1_member=382,func,0.0176194580869439,0.0261286458998781,0.0265263125250221,-0.0347692100927911,-0.0107298368981627,-0.02967655077902,0.0225230669267229,0.0278959159261525,0.00166172875951236,0.00903329296222439
gen=1_member=383,func,0.00479693541702553,0.0131610610529983,0.0459288196436665,-0.0239879888792424,-0.0121740313335139,-0.0041682127005408,0.020384861727756,-0.00567808721961459,0.0176651401410252,-0.0177057374063861
gen=1_member=384,func,0.0329989958388068,0.0231293081802072,-0.00998384301977743,-0.0421692809069024,0.0163913607919526,-0.0356940519823535,-0.0274439437564652,0.0125921322240443,-0.00703799179226678,-0.00815549806088687
gen=1_member=385,func,0.0247063175348193,0.0264699160286857,0.00259292853094701,-0.003973702020773,0.00331067206194333,-0.00880974259572322,0.0085363906779791,-0.0159504446345953,-0.00858694559010236,0.00361336023062856
gen=1_member=386,func,0.00620447128655665,0.00619550921329033,0.0145455359283797,-0.0109455463702605,-0.00723700854508374,-0.0131598195898217,0.0148883852315742,-0.0110070667323153,0.0103256690859252,-0.00813820059114027
gen=1_member=387,func,0.00459580983355365,0.00335877703898782,0.0119445500760602,-0.00593242391470988,-0.00607038412421972,-0.00493167734103713,-0.00442213946758867,-0.00346861935565071,0.00569832167169591,-0.0282248726638156
gen=1_member=388,func,0.014957195576885,0.0195056911239281,0.0437569540235319,-0.015465571237703,-0.0262919335420267,-0.00601675646023038,0.0371739105786737,-0.00191124068659005,0.0111119515198816,-0.00192310745416731
gen=1_member=389,func,0.0573211235696711,0.0768583440018394,-0.0108736199730987,-0.0171119879560938,0.0238588205295623,-0.0316422511202441,0.0123070051258323,-0.0195047795219522,0.0230793095913464,-0.0281006932035635
gen=1_member=390,func,0.00753406055077114,0.0251539293878931,0.0289549776968353,-0.0215411404958196,-0.00694994532284648,6.92011966051103e-05,0.00932583846396383,0.00426171397140355,0.0151232145907569,-0.0138981395077939
gen=1_member=391,func,-0.015736191264125,0.0242794368625434,0.019331507248591,-0.0156267042578984,-0.0139049276134951,-0.0518754999144517,-0.0154292580501979,0.0378709339341055,-0.0497853130809777,-0.0442864266609561
gen=1_member=392,func,0.0165761831954491,0.0158789441617692,0.010560915576693,0.0211065440062107,0.0113666982570019,-0.00194303165978,0.00663490986513273,0.00678927745936581,0.0257298444977209,-0.00747236128801243
gen=1_member=393,func,0.00703003656684625,0.0319464693515459,0.012231529796441,-0.0104393250311178,-0.0168846483707442,0.0134635100368288,0.0129005332869265,0.0097161812993172,0.0274184856785374,-0.0231621874409651
gen=1_member=394,func,0.0355843713202105,0.0414056613900148,-0.00815815212142956,0.00260081247266097,0.0158257473443117,-0.0101934757726458,-0.0022441287186567,-0.00385231858374229,0.0123531318860919,-0.0149185050928157
gen=1_member=395,func,-0.0143105118533117,-0.00434294692531853,-0.00271181936884135,0.016664426364255,-0.00612739210353629,-0.0241937454853592,0.0147460207727727,-0.0076575832755056,0.0220801550013432,-0.0263824311564786
gen=1_member=396,func,0.00467180246496821,0.00797034584048011,0.0102596996166614,0.00262054649978113,-0.0164404212497106,0.00903410050389171,-0.000814380983933799,0.0210820959179648,0.00629835442262572,-0.0164870663001363
gen=1_member=397,func,0.0320022259095483,0.032872855175316,0.00286411051794741,-0.0147864115266625,0.0107347696509786,-0.0102476393085,0.0159555857488787,-0.0220732242805084,0.0122314491696959,-0.0173521325875938
gen=1_member=398,func,-0.0156052410658157,0.00963104175543119,0.0231046479036664,-0.00964307046613662,-0.0243298424962429,0.000751082887448814,0.0227409601774329,0.00222852294518876,0.0258784998589281,-0.0208462228309058
gen=1_member=399,func,0.0170086173152042,0.0122461509129362,0.00960657084868698,-0.00313017965853322,0.00797917312993737,-0.00465919241620134,0.00241545063237248,-0.00762141191885679,0.0122657153453516,-0.015321795613494
gen=1_member=400,func,-0.00224163610319743,0.0228396808366369,-0.00277035693154394,0.0217262790959646,-0.00297381057115639,-0.00878572337327943,0.0127314108135432,0.0368121539326583,0.0199346585285945,-0.00238508663591267
gen=1_member=401,func,-0.0157886704110526,0.00943738253598596,0.00396179765609311,-0.000121440743029044,-0.014622779154439,-0.0130067058120064,0.00643260921382916,-0.012578079619659,0.017078448708893,-0.0271104469853598
gen=1_member=402,func,0.000321796369607883,0.00639941733022926,0.0338490805777764,-0.0181815417784638,-0.0150103881385892,-0.0188542131983254,0.0215132115272939,0.0114371844271842,-0.00657674026340608,-0.00999132970059834
gen=1_member=403,func,0.0299393221389974,0.0233691351423569,0.00135364660467246,-0.0186467471273013,0.00374697110958611,-0.00982846930345244,0.0302924778271413,-0.0172911920253329,-0.0111111499937943,0.00838407462923357
gen=1_member=404,func,0.014479541163055,0.00884968576705441,0.0153017991717939,0.0109709108705333,-0.0109637273051996,-0.00225731017539237,0.00256160426425625,0.00404683702319144,-0.00920154197491199,-0.0214594569233533
gen=1_member=405,func,0.0156631768465655,0.0465999997015421,0.0236994160895755,-0.0334769353853066,0.00187178124342633,-0.0338432364533919,0.0109864286632792,0.0201956656661638,-0.0173582228790965,-0.02913159869191
gen=1_member=406,func,0.00729657412096637,0.0135374076477813,0.0216866600157698,-0.0384888717304744,-0.00798810835289913,-0.0269352106680434,0.0158016685952031,0.0162577084991562,-0.0136232917535954,-0.00112553899709389
gen=1_member=407,func,0.00144778308388825,0.0166174659457449,-0.0150148894780685,-0.00368598804626454,-0.0155143455561205,-0.0170235841523787,0.0194144973808211,-0.0144257779084359,0.020691076790881,-0.0331425907961349
gen=1_member=408,func,0.00785269196501246,0.0155614570262725,0.0198868362760851,-0.0204198648997337,-0.00347668881326922,-0.0138625857431816,0.00759616506761754,0.00767515812016739,-0.00806999470785613,-0.0224391530250049
gen=1_member=409,func,0.0233476037187778,0.0522193133507582,0.013658776233774,-0.017622422666215,-0.00740029180255816,-0.0221242664316636,0.0337165941947162,0.0085526415913472,0.0107761351340982,-0.0156838729599206
gen=1_member=410,func,-0.00951666182393365,0.0315414341441141,0.00134816758568645,0.000178514430398275,-0.00254704812153403,-0.0172993812964736,0.00512813206135698,0.0406736239989154,0.00806922225028489,0.018715328319887
gen=1_member=411,func,-0.0014629388716853,0.0378940125424373,-0.00141313139081189,0.0214106483200133,0.0118983368031966,-0.0072411195056927,0.0141470498013645,-0.00895321314870083,0.0453789013211176,-0.00376868279507438
gen=1_member=412,func,0.0203599264489043,0.0238220813391137,-0.00555997935694535,-0.00258567181981513,0.00296386449764953,-0.021395372157636,0.0151139424710427,-0.0062924916330041,0.00607550895539574,-0.0199628342034872
gen=1_member=413,func,0.0180843641621345,0.0230310857615031,0.00901452848871726,-0.0126396120227089,0.00102716377070793,-0.00545100236129569,0.0208338126889855,-0.00613740738766755,0.00978335900188804,-0.00970273557561236
gen=1_member=414,func,0.00511950667423827,0.0224504083986496,0.0118193382175248,-0.0164843777859223,-0.0102801188683194,-0.0242078101368795,0.0227329581699317,-0.0131284450859359,0.0065575463210268,-0.0270906447229646
gen=1_member=415,func,0.0164453739380144,0.0174066180056221,-0.00707197983472689,0.0215060154283859,0.00363667197458738,-0.00815748665963173,0.00293436830276262,0.00567306815627132,0.00951561374135424,-0.0156210959126445
gen=1_member=416,func,0.00284298282861418,0.023392895692251,0.0214429384311505,-0.00175627065934426,-0.00701867360980231,-0.00767131370292734,0.0223968034366542,-0.0139456464896641,0.0184224533785527,-0.00631738953000754
gen=1_member=417,func,0.00486040145295396,0.0226447745636301,0.00532539754403178,0.00537982762702766,0.0105277072770502,-0.0245142737524597,-0.00771269465898827,0.00117714152688845,0.0212292516764845,-0.00351599232107863
gen=1_member=418,func,0.0129114311376408,0.0110652390831614,0.0410005030555731,-0.00809582490831072,-0.0275548637386787,0.021801784874336,0.0595843539999487,0.00331670494744886,0.0342087893627454,-0.0221746011207701
gen=1_member=419,func,0.0224311576230326,0.0504425168536779,0.00467730078011172,-0.0199014117463351,-0.00464105037172096,-0.0225698415329703,0.0196461986051449,-0.00200103251341092,0.00510852606065029,-0.0265669574680983
gen=1_member=420,func,0.0283306858006689,0.0305331796607319,-0.00199435838397071,-0.0348564225247062,0.0143014044958174,-0.0317929272429584,0.00667967865601072,0.0108225683339841,-0.0175629902747032,-0.00250809586903562
gen=1_member=421,func,-0.0280224104179816,0.0499577371009831,-0.00966370131655806,0.00457924602764779,0.00742580896210439,-0.0338675346192414,0.0216289835354447,-0.0266465255986946,0.0332967528639424,-0.0115525021778552
gen=1_member=422,func,-0.0011036833676573,0.0136524191429164,0.00645190958313207,-0.00675306543529604,-0.0139084846084684,0.00578949579677855,-0.000552214037514449,0.0140147888424482,0.018486549236829,-0.0287237427173516
gen=1_member=423,func,0.0110762915525974,0.0257114784179858,-0.00329101443809072,0.00122991480730488,0.00317366220568093,-0.00812361564730641,-0.0112777251803668,0.0139464888713038,0.0148415897910844,-0.0216254609272026
gen=1_member=424,func,0.0144885030205387,0.0131689072383472,0.00873776811323039,-0.00568892786855599,-0.0107410981942181,-0.0165824584270631,0.0209933071107233,-0.0230227315546021,0.00796110915260794,-0.0252179592306494
gen=1_member=425,func,-0.00607603242785731,-0.00445933474908984,-0.00304883811592648,0.00156515343693543,-0.00646047011577882,-0.0160983507302646,-0.00363686082398412,0.0237686504871103,0.000446053194872802,-0.025119129730316
gen=1_member=426,func,4.3340785373519e-05,0.0078068100333652,0.011915865649615,0.00559064620081142,-0.0161804121538707,0.00200863935504811,0.0205060806803264,-0.0185097345915759,0.0106143706834845,-0.013853144432648
gen=1_member=427,func,0.0163352748724323,0.0157821943662671,-0.0051108589093702,-0.00872006107387054,0.00606151009117297,-0.0209035101080427,-0.0130281694431456,0.0115072887846158,-0.000341211455177021,-0.0212573594354448
gen=1_member=428,func,0.0369023803512097,0.0320149902896672,-0.00438173584879896,-0.0154368702086601,0.0139047630511461,-0.00932467060904335,0.0120270017770425,-0.0141046107281186,0.00548690653309416,-0.0057667914751952
gen=1_member=429,func,0.0174983488231117,0.0275275760856073,-0.00373099761820061,-0.0117646056101935,0.00475992069264942,-0.0321806662097311,0.0115137442816451,-0.010598537114549,0.0171460280887508,-0.0207134024508522
gen=1_member=430,func,0.00890632379350287,0.00630165399209754,0.0257702088960856,-0.000357068300663205,-0.000642402271956633,-0.00966927917299264,0.000628102868121403,-0.0235776146686208,-0.00837833029979955,-0.00888998926743251
gen=1_member=431,func,-0.00183698893392595,0.0340779235171881,0.0139526389613535,-0.00911319873131249,-0.0199086721822924,0.00254033175015048,0.0262022044472931,-0.00786765104456921,0.0291216674402929,-0.0217381103967908
gen=1_member=432,func,-0.00602131107013835,0.0231877600976248,0.0140825138808329,-0.0116574304661956,-0.0214002279221369,-0.0163589617372947,0.0247431547425118,0.0251785901609662,0.0239063866935771,-0.00271509096390341
gen=1_member=433,func,-0.000766406836802605,0.0199834493972562,0.0204609366970354,-0.0311787260043134,-0.013234215888307,-0.0358549283655547,0.0195206449559297,0.039536590119528,-0.0197932242623229,-0.00292531186939798
gen=1_member=434,func,0.0128147605890469,0.0160454362819594,0.00957061145432093,-0.0201716866863267,0.0038534661163152,-0.00651307634149265,0.000522308159360787,0.00823742058132911,-0.00607633966099578,-0.00762367968142464
gen=1_member=435,func,0.00175261608969774,0.0160035088166251,0.0208669885231319,-0.00455250586915697,-0.018447728620529,-0.0143855566207275,0.0203830039845471,-0.00610809200365332,0.0115579212830538,-0.0131643613067649
gen=1_member=436,func,0.0272542345278076,0.0288647249618125,-0.0128039513667897,0.00537824005602555,0.0133340500887749,-0.00271658096872727,5.83864526450813e-05,0.00575981422494972,0.0181073393396644,-0.0114953560555611
gen=1_member=437,func,0.01357111252069,0.0231696602546026,0.0230439533935466,-0.0236650050025685,-0.0129104766401353,-0.0254940728884819,0.0308623469592949,-0.00282986635187131,0.0221220674643425,-0.000896898899565551
gen=1_member=438,func,0.00388710381610627,0.00267235522284139,0.0168467442594943,-0.0127562868338921,-0.00882974183846504,-0.00754592645938735,0.00701150678305787,0.00569535682958042,0.0010103471305897,-0.0237934610610098
gen=1_member=439,func,0.0341683049405457,0.0444764307984663,-0.0044033744767657,-0.0141076358808429,-0.000418552016055378,-0.012056255184188,0.032776260892128,-0.0102095658155709,0.0252720644787415,-0.0242112267335173
gen=1_member=440,func,-0.00630317545631248,-0.00227865946294042,0.0183298903206621,-0.0100671159203407,-0.0188632151863769,-0.00353494034730854,0.0241448876935971,-0.0166642186155973,0.020809959134643,-0.0315556273445753
gen=1_member=441,func,0.000204741845277431,0.00486813614455158,0.034410584652689,-0.00369456170214916,-0.012796491851812,0.00192332819511896,0.0135029686680213,-0.000635540481233981,0.0126717314252948,-0.0160756859869236
gen=1_member=442,func,0.00531252315769423,0.00967692104061759,0.0018062475165998,0.00486514664588679,0.00452345798498685,-0.00978487457952422,-3.14896802288264e-05,0.011731779018929,0.00160896981617355,-0.005130434438033
gen=1_member=443,func,0.0109925617226156,0.00420499435283014,0.0279404021587508,-0.00997264011245685,-0.0196563309018399,-0.0150378148629819,0.0338908798582527,-0.0104786319823577,0.0106545472315047,-0.0206327342889616
gen=1_member=444,func,0.0235984861142938,0.02862478479361,0.0039452083122601,-0.00255137691945412,-0.0104139045097146,-0.00291347572082252,0.00764730401562498,0.000968874012048846,0.00615984798309792,-0.0152625359477318
gen=1_member=445,func,0.0124977951087234,0.0323320485487755,-0.0170616238895374,0.0312251315556459,0.00819241093047899,-0.00188770733193442,0.0108926532416047,-0.00549915858672022,0.0458816440006776,-0.0243784019713716
gen=1_member=446,func,0.0471967569430535,0.0488435520770078,-0.0115763452568542,0.00384317210533522,0.00333610675048054,-0.00299741469404808,0.0155890204828734,-0.0417495767488001,0.00857850785679811,-0.00439770218586977
gen=1_member=447,func,0.00267445631944103,0.00466224477019018,0.0198300862932134,-0.00161556146105616,-0.0110319973215936,-0.00389068696808668,0.0152023101105895,-0.00652358114887114,-0.00128150350510918,-0.0162481121963386
gen=1_member=448,func,0.00897832119888598,0.0149915817267921,-0.00112839523974923,-4.63341706707331e-05,-0.0075557281039023,-0.0101186639941275,0.00783251767521101,-0.010919576871531,0.0113008949650304,-0.0178976566364551
gen=1_member=449,func,-0.0112012021331579,0.00151265864692907,-0.0131072304896656,0.0225347032562382,-0.0215840484008917,-0.000573006839078697,0.00548473723008854,0.015768233029199,0.0328617399592742,-0.0289469430206305
gen=1_member=450,func,0.0103247957371193,0.0203108352672653,0.0355786768159787,-0.0308626584415593,-0.0139906452779028,-0.0166653496239265,0.0268857007189347,0.0132932743725673,-0.00644917580412169,-0.00547063898723913
gen=1_member=451,func,0.0113420958382045,0.0131124174419676,0.0167652495095047,0.00669777183283748,-0.0141314982434256,0.0127037787041203,0.002070027765157,0.0104499145980647,0.031878913104289,-0.0193397427717726
gen=1_member=452,func,0.0216092351985574,0.00501457612040461,-0.0038547263324379,-0.0119141605412307,-0.0113923779203552,-0.00772831605952919,-0.00194944847231045,-0.0102725120751345,0.0223622207510352,-0.024389814976761
gen=1_member=453,func,0.00745076018423422,0.0276681027694774,0.0217982703542656,-0.0201960050095661,-7.84425275549049e-05,-0.0261273108117964,0.0169259459910528,0.00687463952898706,-0.00315818257558709,-0.018056863646407
gen=1_member=454,func,-9.47957188428845e-05,-0.00844101953122699,0.0186313292294237,-0.0333193447212395,-0.0175604169155067,-0.0207036532384233,0.00991902691090434,0.0143997222399356,-0.0119555026604324,0.000994227724125617
gen=1_member=455,func,0.00925434829218613,0.0205487160777321,-0.000394978804283138,0.00624770477131479,-0.00355021626878792,-0.0108065022561899,0.0171233795439849,0.0140599429988592,0.0114833012055911,-0.0121300810276212
gen=1_member=456,func,-0.00829583322239202,0.0159324657338925,0.0299822303248986,0.00168310351015981,-0.0185143613101906,-0.00737951101120007,0.0443389167842271,-0.00847152421503474,0.0298440931736789,-0.00986469179471225
gen=1_member=457,func,-0.0159882791980005,0.006966813735429,0.0138695312084615,0.0118761818599142,-0.0274194112488601,-0.0057785291152779,0.00765527657332256,-0.00204577608741712,0.0275489543338459,-0.021739065771521
gen=1_member=458,func,0.0205710045516279,0.0523969733577692,0.0206301067486887,-0.0287966769893459,0.000855915914109778,-0.0245307990420987,0.0133754380166261,0.015678504982585,-0.0112242057018351,-0.0202740847862588
gen=1_member=459,func,0.00456812586513022,0.00198575527360859,0.0244066960985429,0.00183064595949541,-0.0306089376259437,-0.0117878849767056,0.0354668901043508,-0.0204621748575126,0.034186213017285,-0.0272419030214158
gen=1_member=460,func,0.00425041166627576,0.00980602270113888,0.0102710414934,-0.0104880035137683,-0.00302173550132346,-0.0115739256488304,0.00863586344915994,0.00427377238024059,0.00237323995560457,-0.00393683656289887
gen=1_member=461,func,0.0324998838172555,0.0467672573008428,-0.00157011269436773,-0.00756995356937329,0.0179571114714911,-0.0332560157594662,0.0120557698649348,-0.0120944369760293,0.0201587052136245,-0.0152543013679375
gen=1_member=462,func,0.00909281343928508,0.0134457514742547,0.0128714742172615,-0.0114290620329103,-0.000344912307936917,-0.00273912108986794,0.0153275442584092,-0.0337679867520989,0.0164531120449319,-0.0278829081367505
gen=1_member=463,func,0.00573109198445901,0.0229137771131043,-0.0218978266763235,0.0185188336104451,-0.0206149947158862,-0.00737804348367294,0.0294044497424675,0.00487576492941149,0.0342041049676149,-0.0263985282624288
gen=1_member=464,func,-0.00390279953513795,0.00480501692577912,0.00818459369997102,-1.16044072498303e-05,-0.00551000488174514,-0.0245621219381987,0.0230066676650702,-0.0109142454419835,0.0101921926632721,-0.0216511033860906
gen=1_member=465,func,0.0180213749670794,0.0333530680951904,0.00915028759426932,-0.020586552882372,0.00690046794653169,-0.0276873310132469,0.00255793986643551,-0.00335682091447152,-0.0131104002301386,-0.0211901656268867
gen=1_member=466,func,0.0216243560049153,0.0328061269191669,0.0191201858485574,-0.014182705674222,-0.01281534483485,-0.0118409747342425,0.0195338606353209,-0.0117069763340393,0.00477032325089341,-0.0228425525390325
gen=1_member=467,func,0.00772022252417861,0.00921884965536362,-0.00475755799786274,0.0156885938814158,-0.00304657694010963,-0.0168048260266099,0.0233666969570252,0.0101780156288793,0.0104723980843372,-0.0154263386122831
gen=1_member=468,func,0.00301649238942595,0.0141317304956264,0.0380207923007366,-0.00385576791239505,-0.0195332031279983,-0.0057552711695478,0.040281429630759,0.00142192738549334,0.0139351659897841,-0.00959306812150871
gen=1_member=469,func,0.00362476039987942,0.0242549585837718,3.89093890336284e-05,0.015339869581418,-0.0348250510713024,-0.00789131385622713,0.0140033966916091,-0.00629137334942369,0.0445387067791567,-0.0258395170935356
gen=1_member=470,func,0.0130733573596766,0.025921529808544,0.0320725451123862,-0.0302410046507752,-0.0197112298751112,-0.0143401027138507,0.0382888705282119,0.000907125156244726,0.0115460775913404,-0.0113198959100502
gen=1_member=471,func,0.0216514420489092,0.0203756504866402,0.0174061855490947,-0.0357440641248486,0.00263346925095647,-0.016448331689792,0.00388230721705096,0.00030988765944602,0.00160506314639484,-0.00906941402025805
gen=1_member=472,func,0.0126445259755842,0.0158530973438682,0.00315589215386228,-0.0195805901558817,-0.00905597456590087,-0.00174274897927986,0.00308791689572662,0.0182200321347109,0.0095746920525786,-0.0123623315505019
gen=1_member=473,func,0.00486887054278413,0.0132458915795722,0.0399556624675124,-0.0190463174580683,-0.00401521889803758,0.000738540502021229,0.0060930204503922,-0.027539646089449,0.0271333593673086,-0.0244534400755297
gen=1_member=474,func,0.0178551730759381,0.0293191456406909,0.0169105376261815,-0.0290981099423644,-0.00476067849375777,-0.0207072209130125,0.0261170942951043,0.0116366147775229,-0.00663817302782662,-0.0104269724336692
gen=1_member=475,func,-0.000656394853725133,0.0297986435245419,0.0250872281029136,-0.0127049690804035,-0.0146372208289904,-0.0221967137485504,0.0422668307362612,-0.0157231188375057,0.0258797414431966,-0.012734877918943
gen=1_member=476,func,0.0176094949635395,0.0180282664186318,0.0336728566248249,-0.0138833364101217,0.0194135774950207,0.00304203844013011,-0.0225343115194261,-0.000423347080995571,0.00395352757832476,-0.00681960445325256
gen=1_member=477,func,-0.00218091386683794,0.0139104316150632,0.0260800250821305,-0.00219722444799052,-0.025832897162895,-0.00452454042011339,0.0523576791212841,-0.0200272156490382,0.0289316713367069,-0.0193600677123958
gen=1_member=478,func,0.00665234799182409,-0.00774461359539929,0.0361357604090698,-0.00116282737724414,0.00533513512568556,0.0155479520987668,-0.00940371057053959,-0.0117838681422446,0.0327700315543055,-0.0378226790045878
gen=1_member=479,func,0.0150361294366908,0.0213958289536825,0.0137065725698781,-0.0153816237386968,0.000398690194362784,-0.0245190312182659,0.0158399948727165,0.00101214584391468,-0.00322236992456764,-0.0222352835657174
gen=1_member=480,func,0.0119314188966569,0.0133546312657363,0.0124489633298403,-0.00191403673561526,-0.0100575900791425,0.00381420761732777,0.0277710217827412,-0.0193747787443527,0.0038662843067028,0.00427078980697718
gen=1_member=481,func,0.017919192992609,0.0167981519203691,0.0251760750323898,-1.71768304606001e-05,-0.00467705113543793,0.0137927176324215,-0.000952099920629223,-0.0119003267970914,-0.0102181953931846,-0.0227015760899322
gen=1_member=482,func,0.00106556531175708,0.0228036892140766,0.0204111112568141,0.00445358900168208,-0.0246689177630685,-0.000382424743556909,0.0260821322002096,0.00305275898645911,0.0182728251484566,-0.0188077971568542
gen=1_member=483,func,0.0139944035004427,0.035228806001562,0.0406580696443272,-0.0308596462591425,-0.00547414286362352,-0.0257328780167538,0.0220077443223527,0.0173971487188568,-0.0082284760628657,-0.0246840063586729
gen=1_member=484,func,-0.00160925031774637,0.0345034930135427,0.0116242635230985,-0.00891545687048225,-0.020289714005796,-0.00950280883541939,0.0293098621292024,0.0252379433676147,0.0239210122355678,0.0114977172109958
gen=1_member=485,func,0.0170168971495806,0.0145934920725919,0.0396587601384394,-0.0242918759329397,0.00577870571472455,0.00159733656752273,0.00402041951663672,-0.0202961928049272,0.00922363808080514,-0.0245833528956129
gen=1_member=486,func,0.0307785353236644,0.0394242259079546,-0.000786763947243393,-0.0155162893722897,0.0132596104473644,-0.0308348661620355,0.0106848009937382,-4.23825262842372e-05,0.000274182613617019,-0.019635353542832
gen=1_member=487,func,0.0256852565072534,0.0132554700123446,0.0267792309545391,-0.023677768820708,0.0127985776707237,0.00373453641395453,0.00615067664479789,-0.0245112088777347,0.00932152604811503,-0.0173979646864336
gen=1_member=488,func,0.00382752543200345,0.00298425785596471,0.0243709077727984,-0.0216561139932136,0.00393242762832241,-0.00508320721663835,-0.00869115674079818,-0.0185538571819947,0.00900007270903936,-0.029890458793345
gen=1_member=489,func,0.000944895469448237,0.0123502887710919,0.0234788671627146,-0.00238723837419285,-0.0172390481632739,-0.00787300706353108,0.0170252294504507,0.0149216652851495,0.0133011561320923,-0.000395021139556407
gen=1_member=490,func,0.026267783198157,0.0251752349600871,-0.0136038242093229,0.00622107399593565,-0.00769223842337221,0.007657775500032,0.0062408470555075,-0.0374486608215525,0.0120249491657196,-0.00970857572891257
gen=1_member=491,func,0.00648952900548752,0.00140346854589236,0.0130351213831341,-0.000678598771467526,-0.0121435859952532,-0.00475968086894177,0.0223252489409945,-0.00278768835802245,0.0101965504290245,-0.0167838944741176
gen=1_member=492,func,-0.0137839612024763,0.0173381280443856,-0.00390803840050205,-0.00335314219069947,-0.0184996936312054,0.00416377618281852,0.00988407838499283,0.000467154008790741,0.0222800397160328,-0.0373464534348138
gen=1_member=493,func,0.0269329934702318,0.0290771847085391,-0.00801291246929525,-0.018376930751849,0.0161380273739838,-0.0185251466435384,-0.00121744668238961,-0.00290971314252572,0.00512347463148422,-0.00154076362602715
gen=1_member=494,func,-0.000271892067469543,0.0182388516698255,0.0283505645125844,-0.0259983397217558,-0.00437475733006336,-0.0088071459996086,-0.0119197279786198,0.0222963127078935,0.000768852564275689,-0.00750493101045766
gen=1_member=495,func,0.0107179831203803,0.0254872926657098,0.0423499706970601,-0.0238405278578028,-0.00766457279889043,0.00518531449755535,0.0209708325595117,-0.025366575531377,0.0265539025066903,-0.0225293074508898
gen=1_member=496,func,-0.000748768671452009,0.000903474600383925,0.0204395698302349,0.00818884988158779,-0.0100914860463428,0.00854163071593693,0.00483758017213955,0.00362539534598371,-0.00053827928833099,-0.0166522083748526
gen=1_member=497,func,0.00734228667139666,0.0269408223890134,0.00708156251738302,-0.00584003842243362,0.00237240345183927,-0.0208663216013519,-0.0109107216947923,0.00127786452790945,0.0100111632773588,-0.018103801826361
gen=1_member=498,func,0.0421210353206659,0.0459561865614869,-0.0137146407266444,-0.030758030998576,0.00268571504261887,-0.0293249815521718,0.0186260978711809,-0.0202622124608739,0.00906670061825944,0.000543253616692871
gen=1_member=499,func,0.0284307450979502,0.0422152567081212,-0.0044917765506235,0.00313386721131343,-0.00270250116980075,-0.0178039601521732,0.0170877938413705,-0.0222993019207107,0.0126274740103918,-0.0159016319317343
gen=1_member=500,func,-0.00506066027669757,0.0316480167764482,0.0199155740107678,-0.00708806099046485,-0.0120860264172447,-0.0180947035857726,0.0246698557838034,0.0127107543558094,0.0317105072549844,-0.000932172846200178
gen=1_member=501,func,0.0129612697828025,0.00978245046152411,0.0398832113343047,-0.0179332003279502,-0.0237639437174809,-0.0113224886496633,0.02319195814042,-0.00114642545592094,-0.0061090197414005,0.0047140149362108
gen=1_member=502,func,-0.00166542240214224,0.0186227461208486,0.00722443230320222,-0.00155307898251469,-0.00522049310294586,0.00616492363187895,0.00765002129950361,0.015162725433785,0.0147963790808364,-0.00284216035147603
gen=1_member=503,func,0.0356722708847074,0.0362373192403014,0.0100192268888705,-0.0309277889505923,0.00647127204262363,-0.0276812389578477,0.0332192759643898,-0.0037026349407371,-0.00238130447633427,-0.00503579722048697
gen=1_member=504,func,-0.000589271817052806,0.0169134180780547,0.0181557763568785,0.00424808678020824,-0.0130107825228435,-0.0174779785778236,0.0228418330866247,0.0295364530158802,0.0135530263488842,-0.00934956728215032
gen=1_member=505,func,0.0106655064027416,0.013590226258868,0.0112492478575214,-0.00913559851097405,8.1397583231003e-05,-0.0262129072132912,-0.00547284180467729,0.00368626466552391,0.00460438556008321,-0.0162662569524961
gen=1_member=506,func,0.0125588095807265,0.0064471085161935,0.00512014227489989,0.00828022133888708,0.0157794123239639,-0.0334507464878156,-0.00259127142541009,0.00586180663808096,0.00599995853539806,-0.0187545210265099
gen=1_member=507,func,0.00972013758479417,0.0059123028645087,0.024897379831036,-0.0157604847383237,0.0085400202065543,-0.0190193499792125,-0.00374984270891717,-0.0110516486711899,0.0314349107633911,-0.0228846755409319
gen=1_member=508,func,0.0174571358199818,0.0187045349597043,0.000534343106239256,-0.011674677685489,0.00099579963575319,-0.00665832381374938,0.001149871245612,-0.0203498497886476,0.0203139938200766,-0.0384079543945069
gen=1_member=509,func,0.0034882634538516,0.0252355221802896,0.0248089233487377,-0.000407876825218025,-0.00229300204719482,-0.00390417482888399,0.00259786434900492,0.0154956675194604,0.0170148329295084,-0.00329109817454535
gen=1_member=510,func,0.00278983415104798,0.01204475971213,0.0158044625655845,-0.00585680496205377,-0.013268488681272,-0.0126936361058521,0.00413664536660656,0.028240515039893,0.00367444972452585,-0.0101853241588532
gen=1_member=511,func,0.00369074539770174,0.0120898968068984,0.0134885475834242,-0.0100046312667379,-0.00197583066350636,0.00790727466454337,0.0042331785077546,-0.00832318189943183,0.0132437520282309,-0.0134937182355265
gen=1_member=512,func,0.00115656223154762,0.0188096062055414,0.0317757555806762,-0.0214055491721505,-0.0043843354861465,-0.0267916399168051,0.0200139726900734,0.0112061600213864,0.00151242543624543,-0.0245229105406116
gen=1_member=513,func,0.0118582368494478,0.00447971602327055,0.0310358967985731,-0.00563702273751372,0.0024003904378446,0.0120224390510567,-0.00289044817785593,-0.0108750566628484,-0.000194127503195218,-0.0158600486296782
gen=1_member=514,func,-0.000805909751440726,0.0234019128647648,0.00789649978256546,-0.0135919661526157,-0.00708202312153003,-0.00508614251664002,0.0175621501962998,-0.0191102432969642,0.0164977945504025,-0.0177105818315515
gen=1_member=515,func,0.00671060845763404,0.0315932531104261,-0.00133486941044023,0.0163369986643758,-0.0100907441512329,-0.0104050101058181,0.0211775239097779,-0.0157009714065284,0.0460704389800202,-0.0325577297035117
gen=1_member=516,func,0.00433679031173582,0.0146498564347002,0.00936614248653246,-0.0233585870098587,-0.00473218914939703,0.00296194574397122,0.00709296708198876,0.0263856556689066,0.00472551031595571,-0.00473856413544749
gen=1_member=517,func,0.0435497182056991,0.060389385630072,-0.00971350767100088,-0.0168097125923385,0.0111478378029223,-0.0300663328578131,0.0247963517258247,-0.0295664190309672,0.0316366870156797,-0.0300020800183001
gen=1_member=518,func,0.000750279035375478,0.0126973561066616,0.0450279542545696,-0.0212981890759651,-0.0251993636006684,-0.00544705143068794,0.0367634652991306,0.00741431256603212,0.0127804266722492,-0.013014300737838
gen=1_member=519,func,0.0413911219862755,0.032860779494176,-0.00333151494798197,-0.0203159402968844,0.0187762983699988,-0.0189961596317086,-0.0158983408522514,-0.00459603829208972,0.0110078302023573,-0.0234139721233666
gen=1_member=520,func,0.00499068148798201,0.00475244017636105,0.0312219789564242,-0.0148810328724083,-0.00481973910670667,-0.00698099147325329,0.00836645980994325,-0.00986272778844484,0.00831462735675452,-0.0168283701302852
gen=1_member=521,func,0.0189012121456585,0.0196933826567495,0.00403771482668315,-0.000921931161342814,-0.00184814997641167,0.00321294009934648,0.00839033572523512,-0.0212785392442068,-0.000905608152087957,-0.00464496914931885
gen=1_member=522,func,0.00214160688045271,0.00735385534538534,0.021344651361048,8.15224403874753e-05,-0.00552582646434414,-0.0063782716571715,0.0236927233409172,-0.00121507934969457,0.00591878997358679,-0.00419387446771529
gen=1_member=523,func,-0.00537975372512348,0.0124551776525912,0.0206358739967369,-0.00238501492935726,-0.00569502480194458,-0.0175164191336085,0.0224788207919741,-0.00483711586062741,0.0208568542646497,-0.0135386680527852
gen=1_member=524,func,0.0146972399989163,0.0179652140656487,0.0290131427056196,-0.00906789041230902,-0.0180623434955172,-0.0023224759565918,0.0287093077496086,-0.0170801272520126,0.00129201337512886,-0.00087171167594401
gen=1_member=525,func,0.00215678253545985,-0.00129437889887486,0.0292695115658371,-0.0153173564532878,-0.0171229707740372,-0.00949088770211132,0.0139077217390085,0.0117288269795774,-0.00296259265093548,-0.0289686766231969
gen=1_member=526,func,0.00621581226319241,0.0153332531045628,0.00357525480261832,-0.00789971202181119,-0.00361187606556286,-0.00685792300396807,0.0035237460262838,-0.0127463281740746,0.00973178466771865,-0.0180343227122539
gen=1_member=527,func,0.0094594283330471,0.012674668674548,0.012466605224014,-0.00908744488040635,-0.0152268345419955,0.00424888744021632,0.0262567904920451,0.00800691266912052,0.0125015273957534,-0.014324761722413
gen=1_member=528,func,0.0331491954059075,0.0317049221360431,0.0201013675322187,-0.000680762455617967,-0.00765506099857442,-0.00220627342900775,0.0190546842577341,0.00586479312234712,0.0299847158808744,-0.0200519521901977
gen=1_member=529,func,0.00658541780103543,0.00525039534491447,0.0363166582771159,-0.00713731365799621,-0.0259880907262779,-0.000453298985566696,0.0433712093572445,-0.0192355697880714,0.0383231408304871,-0.0250866904868798
gen=1_member=530,func,-0.00261511688149303,0.0190380167867182,0.0188034743835867,0.00080043821782887,-0.00811181746748504,0.0171931740818155,-0.00770508938362349,0.0304220629883921,0.0394276036013738,-0.00736865569179686
gen=1_member=531,func,0.0120584348937806,0.00829489448409033,0.0354185470039131,-0.0222517326691387,-0.0168835415091973,0.000834973512490841,0.0467601043015696,0.00191383408457509,0.0186840753030176,0.00222823958886532
gen=1_member=532,func,0.0196368404177599,0.00801721495315722,-0.000370130346625161,-0.0367344418910793,-0.00117958326744214,-0.0424961546270157,0.00490211464137659,0.0184820940952208,-0.0128482248053625,-0.00464512708652892
gen=1_member=533,func,-0.00181760011015611,0.0286500754421512,0.0162192881039411,-0.0103040997761717,-0.00756321392526616,0.0122350382957393,0.0111195417290845,-0.0193001916423587,0.0355264468302812,-0.0248476968055083
gen=1_member=534,func,-0.00455553015376294,0.0648742008789981,-0.00968865531523218,0.000288625464113171,0.0234960602039,-0.0251555037160555,0.0195722568988818,-0.0451872488924979,0.0487861798879633,-0.0122289063924484
gen=1_member=535,func,0.00643782638288534,0.00975612323722329,0.0114478557786221,-0.0190690000963232,-0.00710849272900732,-0.0104135601782935,0.0148494978128285,0.00299059162088843,0.0016940808621433,-0.00447499703556415
gen=1_member=536,func,0.0189419700062329,0.011986067112061,0.0134316210469028,-0.0132669493193858,0.00772206782092989,-0.00450464973111493,0.00131185494933749,-0.0233050345580125,0.00784168233130981,-0.0273893735859364
gen=1_member=537,func,0.0121378351459873,0.0270604865910682,0.0116568390681977,-0.0166190835654697,0.00609185378718943,-0.0273784439604478,0.020139827201883,0.00773646108357541,-0.00183467961177548,-0.00256390275580653
gen=1_member=538,func,0.0449342603793611,0.0554048270696698,-0.0110528751186036,-0.0222106479791258,0.0139704061049282,-0.0200874907237228,0.013673443150522,-0.0213582679246996,0.0029305668041007,-0.00426371052388342
gen=1_member=539,func,0.00356496716218409,0.0121387895598561,0.0364325812383715,-0.0157198240509651,-0.00823950037957087,-0.00611386103425656,0.0201073799282218,0.00858562432202103,-0.00405715678103164,-0.00632711643670415
gen=1_member=540,func,0.0210307308079688,-0.00216268155770398,0.0327837053757878,-0.00664448307476877,-0.00326637591139417,0.00221543837229293,0.0415449502522529,0.00367659222383806,0.00157292684187055,0.018475177196804
gen=1_member=541,func,-0.00348692152318648,0.00519025851266516,0.0377337658270697,-0.0192296064885002,-0.0207421844886849,-0.00959010855647687,0.0280717064909173,0.00835397533148327,-0.00274385799799647,-0.0219164311207696
gen=1_member=542,func,0.0101402663199405,0.0122145016954987,0.00607876284113161,-0.00290933305556359,-0.0090022777255962,0.00355100876163271,0.0187350192915629,-0.00904222778094879,0.00327390435654034,-0.00439209411917408
gen=1_member=543,func,0.00721013016084548,0.0180348227030998,0.0240978819431908,-0.0421361057278395,-0.00612171886703866,-0.0476750798996921,0.0254659710354105,0.0235547800881043,-0.022433990322152,0.00984872307147872
gen=1_member=544,func,-0.00321637073906107,0.0265309357182298,0.0473906133658944,-0.0279418923282739,-0.00807878064360839,-0.0311694152883697,0.0313060310972679,0.0141187404897002,-0.00490873066754465,-0.00152507718069073
gen=1_member=545,func,0.000920114852124751,0.0080646234211632,0.0276841615833772,-0.00601711118599208,-0.0122292232023967,0.00156867825328977,0.0325872805128514,-0.00214514804793649,0.00991809132118838,-0.0048244107049806
gen=1_member=546,func,-0.00114713283379258,-0.00953565843389061,-0.0170840172058845,0.0137423287148672,-0.0239672711120495,-0.0151267130882044,0.00948994366374121,-0.00035456227971126,0.016865772071196,-0.030174501050721
gen=1_member=547,func,0.0161349498750591,0.0115268118363496,0.0355667748899141,-0.00635361670566955,-0.00569105034357071,-0.00943236927439391,0.0272666080566706,-0.0211530720495896,0.0290263308897687,-0.0153004241100334
gen=1_member=548,func,0.00995967406603067,-0.000664859037237679,0.0142930993040596,0.0116709495111044,0.0104434743239719,-0.0190542068893668,0.00457666338669176,-0.0273708318430802,0.0238260466830586,-0.0288995253061359
gen=1_member=549,func,0.0122253827062459,0.0189719147874195,0.0391534276202257,0.00538798911584498,-0.024936272267739,0.00265499546351308,0.04252632610391,-0.019832650508672,-0.0047482028912181,0.00270167921376242
gen=1_member=550,func,0.0214721585195668,0.0203930094317484,0.0341994983717834,-0.0134112892996354,0.0192732512287165,0.0064735816246167,-0.0124798250669469,-0.00384689644763425,0.00272051472884334,-0.00950492727179124
gen=1_member=551,func,0.0198504989329146,0.0152996685158433,0.00765329962910795,-0.0111290371119684,0.00914397539780843,0.00330590707176489,-0.00309872844534019,-0.00583656594052141,0.000150671040638881,-0.00698682983988227
gen=1_member=552,func,0.00820587470855161,0.0054829677152103,-0.00120644475323674,8.72038496799871e-06,-0.00689654034688565,-0.00509430491471229,0.000899086573200048,0.00883328449159975,0.00572627168336455,-0.0228244768080682
gen=1_member=553,func,0.0360840653402401,0.0533539456981232,-0.00540321960932329,-0.00900806076488754,-0.0179964526323389,-0.0166033706320088,0.040340345858423,-0.0137122850194615,0.0278355244270751,-0.0303970679408789
gen=1_member=554,func,0.0327868518940919,0.0518126237156406,-0.00210258802061183,0.00046422317398754,-0.00781820420237931,-0.00667474951303793,0.0212651881615857,-0.0175763660140312,0.0356670692059976,-0.0262883659374016
gen=1_member=555,func,0.0275786217742028,0.0257080326116149,-0.0018914254402813,-0.025971080362036,0.00794590794746687,-0.0205738686180014,0.00313405699061844,0.001485134351499,-0.00256224090938219,-0.00578002355662676
gen=1_member=556,func,-0.0025385126718983,0.00621211913861427,0.0248305363929607,-0.0144379517763041,-0.0136480747089209,-4.36794785287657e-05,0.00663077372267448,0.0091614120793863,0.00383964556316148,-0.0186996478296652
gen=1_member=557,func,0.00199425613045702,-0.00299170377671896,0.010439712740992,-0.01007183354511,-0.0297094820313968,0.00833998452948626,0.0234149517607959,0.00467724394779454,0.0131055936857813,-0.0324682147034101
gen=1_member=558,func,0.0371062235738862,0.0305993532727869,-0.00339767584416669,-0.0390328738111835,-0.00630657830771095,-0.0309295227898908,0.0305791418291723,-0.014009546360357,0.0146442136717107,-0.00522433501038887
gen=1_member=559,func,0.0185458499163227,0.0112125239840047,-0.00494917997827275,0.0129829735967526,0.00857642621794839,-0.0264534887714641,0.0151128853796177,-0.0107253036506855,0.0179900491222351,-0.0229327840915424
gen=1_member=560,func,0.0243668691959373,0.0265832680110095,0.00346868079368462,-0.0133344723923398,-0.00398246094151228,-0.0102019951368799,0.013384729486466,-0.0117902237599972,0.0123152207178052,-0.0186206080225858
gen=1_member=561,func,0.0039791402547925,0.0107951822941259,0.00405559479987389,-0.0171747377061071,-0.00411166649073194,-0.0200593838718006,0.00570095188038101,0.00479506473797071,0.00534585191080423,-0.0303662342818804
gen=1_member=562,func,-0.00481261208538591,0.0157290668244485,0.0206735229698219,-0.00518388140467856,-0.0123759984463178,0.00381401649152102,0.0126973085815124,0.0114907886079784,0.0213534175324118,-0.00818625661818413
gen=1_member=563,func,0.00197887837110653,-0.00564495496223338,0.0212731793080212,-0.0315923239254257,0.00231502474108242,-0.0174998052195631,-0.0173913504665622,0.00172295287815101,-0.00429481947818697,-0.016982053169698
gen=1_member=564,func,0.0265166751927507,0.0271231854125002,-0.00238696572854721,-0.0164834131694342,0.0131790104819109,-0.00959303929589197,0.0168776790660789,-0.00778393755682371,-0.0038498234889622,0.000490701377336472
gen=1_member=565,func,0.0127719977772777,0.0172718034418499,0.00622305786952713,-0.00772555479246792,-0.0146172530636392,-0.0157398753985711,0.0118579045593471,-0.00785742885934569,0.0127851606002303,-0.0145165172427635
gen=1_member=566,func,0.0182853521241466,0.024329837082178,-0.000120648984102469,-0.0148056239685054,-0.00887961836399591,-0.00341957570517531,0.0165120774320843,0.0154493750482002,0.0174177265897445,-0.0112142127163287
gen=1_member=567,func,0.00249220293073571,0.0141313395864959,0.0232287538602321,-0.0289407072387623,-0.00419792543459858,-0.0101128152843696,0.0221213039999208,0.0180964846091437,-0.0136257064240025,-0.00392720207174741
gen=1_member=568,func,0.00963947568659987,0.0172868627484754,0.025204144823889,-0.0130069283757034,-0.00335294102427279,-0.0126884653046683,0.00750142309968546,0.00347240705683344,0.00418998584112643,-0.0163950843713526
gen=1_member=569,func,0.0216372654576609,0.0341483575530275,0.000602546785323373,-0.00108892442958979,-0.00471762063869641,-0.01266619669262,0.0238601117215107,-0.0248436466910429,-0.00135164391890817,-0.00410373499291325
gen=1_member=570,func,0.00951030736140063,0.0074933068011371,0.0368960621194702,0.00480172069659037,-0.0179348003658287,-0.0158745449348891,0.0342073961322334,-0.00379910821331256,0.0296453183515926,-0.0206136995753555
gen=1_member=571,func,0.014102958622475,0.0301582247037667,0.0215631124541216,-0.0237186285401688,0.00084470505361254,0.00133247594118534,0.00273389881933486,-0.0151103514915275,0.0148931608232337,-0.0234803617797024
gen=1_member=572,func,0.000399717224487003,0.0189519695978597,-0.000966544799292198,-0.0132672771371092,-0.0107395709927093,0.00821871514484906,0.00146014853009662,-0.0141299401651092,0.0156664719385389,-0.0361219687448956
gen=1_member=573,func,0.0137035456179739,0.0183291080391879,0.053750185311686,-0.0180010228368065,-0.0175781416764688,0.00142488344083513,0.0684555526601822,-0.0151563284652042,0.0290015943024957,-0.0192979455367476
gen=1_member=574,func,0.0017489560294218,0.0138755329126911,0.0105894750796175,-0.011411350703263,-5.67422008726504e-07,0.0017835736293301,0.00135295989836742,0.0104382797715053,-0.00662965026778671,-0.00467379726545719
gen=1_member=575,func,-0.00106419332584423,0.00509068669900509,0.026549344514255,-0.00611476110512008,-0.00905499260046158,-0.00736776959421647,0.00727666529607073,0.0149930786914704,0.00545382204443728,-0.00687785744684718
gen=1_member=576,func,-0.00205942513362173,0.0207501288417942,0.00304742667526111,0.0085494814851952,-0.0279100430100111,0.00718544658471773,0.00703774934904952,0.0140036464788669,0.0109860164257354,-0.020629930718444
gen=1_member=577,func,0.0307099931024343,0.0392245456991197,0.00928406798849821,-0.0188012232713681,-0.0137560401002562,0.00392296962111575,0.0185290329947679,-0.0142450020323352,0.0319556721641653,-0.0334090822175673
gen=1_member=578,func,0.0149250905234107,0.0428171227240613,-0.00828632767776845,0.0029721260625648,-0.00615586624599099,0.0080737087534914,0.0108135456101167,0.00401089844191586,0.0359475410305072,-0.0267691297906398
gen=1_member=579,func,-0.00175056215745727,0.005304586562548,0.0173587457221418,-0.00501415683988445,-0.0290587990970827,0.0206952344294408,0.00406953379092442,0.0207112553670732,0.0121220426961805,-0.0185716155952606
gen=1_member=580,func,0.0141773311408473,0.0177348861567194,0.0440036777599748,-0.0198129641049366,-0.0175955026509428,0.00593817908653538,0.0360908306340744,-0.018730966885347,0.0328037670235286,-0.025657060943441
gen=1_member=581,func,0.028681271390916,0.0210913638674745,-0.00998486164275662,-0.0253565186955932,0.00177779020726894,-0.0223562885894578,0.0141015270184533,-0.00747184216697504,-0.000182245704033481,0.00466213678664596
gen=1_member=582,func,0.00559837758062341,0.00328299665309226,0.0177783664201754,-0.013099361297782,-0.000222847236659477,-0.00208569943663331,0.000233698094382523,-0.00891502646961564,0.0015565700894743,-0.0166727687508147
gen=1_member=583,func,0.0377270310574688,0.0484818935278085,0.00528040017635719,-0.0317267439892183,0.00233604974387223,-0.0337413968799967,0.0377570203749244,-0.0050591871180424,0.00324437981323354,-0.0178092413789987
gen=1_member=584,func,0.0174538472958545,0.0151386776204787,-0.00214144314669729,-0.0114872533342669,0.00784247771143487,-0.0247016851820694,-0.00495119955588523,0.00761649530191655,-0.00156526504437353,-0.0135067911983737
gen=1_member=585,func,0.00950667092479154,0.0263118861176856,0.0155485809875986,-0.012038754845555,-0.0153416239914708,0.00182554150124387,0.0186390001735538,0.0187451065132369,0.0205190262358556,-0.0105263911486008
gen=1_member=586,func,0.0165565159070977,0.0119574281038492,0.0332382363542183,-0.0120085342388962,-0.00194190192871821,0.00796860447914444,0.000866532715828044,-0.0124552037751521,0.0171263894963646,-0.0244796268820107
gen=1_member=587,func,0.0190163675559227,0.010944590428451,0.00452239318354618,0.00546857180417825,0.00472747828214032,-0.0280054126339269,0.0191370953066489,-0.0186297930001204,0.016313896855303,-0.0221655275800821
gen=1_member=588,func,0.0239668029923308,0.0241397331667169,0.0401946740515442,-0.0133431001469,-0.00205423646347637,-0.00484831583387106,0.0584348649093607,-0.00969899704978886,0.0113789261710331,-0.0118697753408836
gen=1_member=589,func,0.025671566126881,0.0471278768286569,-0.0102204775813117,-0.00433976912652305,-0.00490613169987638,-0.0145362351066866,0.0419394760525688,-0.0292901386617135,0.0253392307826789,-0.0192338257070549
gen=1_member=590,func,0.00194926058731573,0.0129162472201491,0.0192303056244425,-0.00559343851079432,-0.00693217484511421,0.00607744378205816,0.00367448396572214,0.0235042968878065,0.0220278407782579,-0.00496293528824626
gen=1_member=591,func,0.0128508531079367,0.0153769740712285,0.015779994019587,-0.00543859170586507,-0.0164112964413016,0.00361553896659895,0.028284277919856,-0.0266235260132072,0.0168735989173687,-0.0128986004086592
gen=1_member=592,func,0.0174245675678675,0.011476091637711,0.0214266813836097,-0.00352261910447619,-0.00387274605597369,-0.00136910535477842,0.0155542078871897,-0.0245631464546305,0.0189047774107541,-0.0213525138488132
gen=1_member=593,func,0.0169071220309747,0.0205625589925721,-0.00602268688755701,0.0142332540001908,0.00526206603862825,-0.00447829607206952,0.00434152894405437,0.00582352715550339,0.00962267948683465,-0.00737546521960049
gen=1_member=594,func,0.0147595296681384,0.0133654747888448,0.0198191525107839,-0.0113562990644182,-0.00922658098110263,0.00787760565616082,0.0229013990562906,-0.00525896565543888,0.0202367585228506,-0.00552119325085648
gen=1_member=595,func,0.013212107995364,0.00899506155773987,0.0076890504773577,-0.00658096493595138,0.00866272038153998,-0.00930811697420127,-0.000957149794612872,-0.0186365912041959,0.0103962913249906,-0.0236875820335111
gen=1_member=596,func,-0.00385822428561992,0.00381629283673003,0.0119016324873499,-0.00808896418387624,-0.0198165245272805,0.00151533655102144,0.0211761236059967,0.0175382382378407,0.00218911356456914,-0.0195655397046692
gen=1_member=597,func,0.0232616009435567,0.0356166077781493,0.0167311877450006,0.0140227035833473,-0.00560646856400889,-0.0115817848889251,0.020742404378272,-0.0268586332445914,-0.0147567787943758,-0.00684318960842174
gen=1_member=598,func,0.00333066347935506,0.00521480047047356,0.0154001441805398,-0.0114200427629216,-0.00351612635632721,-0.00413637575246103,-0.0162640056972014,0.0128313383195632,0.00548581761791391,-0.0291737698561184
gen=1_member=599,func,0.0162499785147172,0.0326992446256516,-0.00523042573001671,-0.0008264723337224,-9.0962972271463e-05,-0.016138125857607,-0.00262939332264187,0.0266441603889641,0.00614832258817561,-0.0163552786007927
gen=1_member=600,func,0.0313060795122852,0.0197780486257195,0.00202166394704896,-0.0330320436517765,0.0192099486393436,-0.0170612248356964,-0.0159927123382114,0.00333449267166943,-3.85149642949736e-05,-0.00680943923887495
gen=1_member=601,func,0.00349089352722322,0.022347037133079,0.0411766932430824,-0.00300111847093546,-0.0112146639288604,0.00786611479247365,0.0456287441255393,-0.00689349410221769,-0.00817935395395573,0.00784597527142368
gen=1_member=602,func,0.0146196837579589,0.0240672503770666,0.0334581506620955,-0.0240976296411128,-0.0178556701004599,-0.0123234176697431,0.0272417958838139,0.0191926707968566,-0.0128085576629455,-0.0221034849158911
gen=1_member=603,func,4.74761600219517e-05,0.0157615158061738,0.0286207938253268,-0.00761640973553047,-0.011934660448163,-0.0120778137920345,0.0279314911928757,0.00294985810784641,0.0145086326243698,-0.00677444112888385
gen=1_member=604,func,-0.0249326839639447,0.00639040555869877,-0.00592883745030933,0.0239496313667345,-0.00926812329653297,-0.0106645366229606,0.00550161347364702,0.0040399093565875,0.0350424307614851,-0.0208346441629728
gen=1_member=605,func,0.00996105776949436,0.0146841792593231,-0.00025903922077671,0.00955465806329679,0.00254361501505057,-0.00869758379408362,-0.00168541575065099,0.00612410964238117,0.00674888759303354,-0.0101117539245053
gen=1_member=606,func,0.0284091812594518,0.0359720586029036,-0.00446942100629777,-0.028951529161728,-0.00525868425642107,-0.0384939376284547,0.0144606887626329,-0.00970064479025408,0.000745163737758419,-0.0281847275191617
gen=1_member=607,func,0.0130502644257691,0.0206150029916787,0.0102421713088876,-0.0103918322579156,0.000715023750696328,-0.0175584280819088,0.0115918826865563,-1.48141776543376e-05,-0.00361091757143902,-0.0143559245981171
gen=1_member=608,func,0.0111109491873843,0.0167051243511283,0.0354286484440219,-0.0163510248282196,-0.00766584863666151,0.00739126078488354,0.0559079768499689,-0.0162914869796289,0.0197687187331965,-0.000972177759006734
gen=1_member=609,func,-0.00270480193869594,0.0127035499739332,0.00947158318382974,-0.00586394652348448,-0.00712689469543244,-0.0221065914440212,0.0129754853095415,0.0077239225698409,0.00850069933981834,-0.0209766525311689
gen=1_member=610,func,-0.00724967405782307,0.00543210482994863,0.0105122619889426,0.00921358788746472,0.000369920142424627,-0.00711309212994718,0.00659132350429006,-0.00496736946449331,0.0175247566302355,-0.0258210291349445
gen=1_member=611,func,0.0126687757746886,0.0144686475492208,0.00488676684757898,-0.0204366808212056,0.00173826835824936,-0.00349203426165694,-0.0124875266922293,0.0278121336642081,0.0047401059597569,-0.0118450929079342
gen=1_member=612,func,0.0179251313931402,0.0480199771579772,0.00409688384272151,-0.0152603388541574,0.0227575854035478,-0.0301653048690858,0.003064907357715,-0.00746929737464587,0.011987412144825,-0.0169425987424138
gen=1_member=613,func,-0.00115713926344639,0.0371501399903395,0.0200150621993878,-0.0188356812387262,0.0136231902014517,-0.000416552325469938,0.0049247853233255,-0.0349127506444436,0.0265170762163214,-0.0157391495435434
gen=1_member=614,func,-0.00153897410550069,0.0115239660628458,0.0428760894191241,-0.0268922843328728,-0.013088531277823,-0.0202512314063466,0.0162542647709494,0.00721352933623796,-0.00957815063425471,-0.0114056370186361
gen=1_member=615,func,0.0237672107239094,0.0260397614669038,0.0248234753847637,-0.0133983154902152,0.00036508603516828,0.0247364959889217,0.00935907165803478,-0.0203683027923195,0.0362001538661171,-0.0296910852123367
gen=1_member=616,func,-0.00315528301257855,0.00907160302108135,0.01951073374264,-0.0241573479821417,-0.01026984626255,-0.0230049761822871,0.00419038963747092,0.0146856835849024,-0.0123150609721989,-0.0164463408962156
gen=1_member=617,func,-0.0108405337826167,0.00833227746055633,0.0101510024175987,0.00731579102581173,-0.0056803768769049,-0.00176390384521538,-0.008519254780183,0.00903522001894754,0.00801807436833947,-0.0179176768536495
gen=1_member=618,func,0.0160193615305085,0.017525673492187,0.0327380483684019,1.0634771667674e-05,-0.00668753427912337,0.009178578727277,0.000545419313776066,-0.00590394270787033,-0.00966311861160783,-0.0140983021534663
gen=1_member=619,func,-0.0134108504606444,0.0208360556491849,0.0176770483991183,3.64145540797788e-05,-0.0295712757148891,0.0198100462310988,0.0134698069427512,0.00869527509028215,0.042983335490867,-0.035588749573303
gen=1_member=620,func,-0.0153090635101857,0.0210917947116174,0.0109410405283307,-0.00907778976520799,-0.0246377197037776,-0.0113973041552344,0.0435691508022703,-0.0211097061731039,0.034620211049867,-0.0312501055814418
gen=1_member=621,func,-0.00706275853410858,0.0151216098258236,0.0203126612211691,-0.00852926275847265,0.00796729676245533,-0.0178222413344447,-0.00233488690738264,-0.000834814383024035,0.0244174453256139,-0.00506514502219177
gen=1_member=622,func,-0.00605730664020698,0.0103801981812451,0.0255248988514201,-0.0081188427400919,-0.0045401143759446,-0.0254397550944799,0.0232972706964937,0.00143935289445777,0.00761548323586012,-0.0104787323101609
gen=1_member=623,func,0.0103810581268733,0.0212017694720194,-0.00407397950099131,0.00520927346073924,0.0108737248926459,-0.00832318554265723,0.00238357095451529,-0.00119867090179109,0.0161271793524083,-0.00306503115197938
gen=1_member=624,func,0.000674978796296525,0.010280555189412,0.0397333728653727,-0.0148235198449575,-0.0232621788989298,0.00305697028204941,0.0380468416040678,-0.0114356249612103,0.022230266539395,-0.0173959453834267
gen=1_member=625,func,0.0195241705610075,0.0171664520249145,0.0132914709531553,0.00179828360820981,-0.00596866418550165,0.00285461181343193,0.00862062319290424,-0.0227980619545903,0.00390799543901145,-0.0304424228114567
gen=1_member=626,func,0.0169698356102842,-0.00133404987652442,-0.00191338628859804,0.000627524729010471,-0.0139021644525693,0.0109156474559934,-0.00861286160317145,0.00047666346270823,0.0278350380729147,-0.0210255552891935
gen=1_member=627,func,0.0060694570447296,0.0236019315123767,0.0373383094795114,-0.0222083160455937,-0.0225712457464513,-0.0190097734621179,0.0372802093903396,0.027396091594558,-0.00397094500366434,-0.0117644719548292
gen=1_member=628,func,0.0423790909045059,0.0534625028452033,-0.00477793320337202,-0.0246904656275705,0.0152893415260951,-0.0217725644784441,0.0304438463803505,-0.0220999293055879,0.0171691019599188,-0.0226439427536295
gen=1_member=629,func,0.00954933215952962,0.00875457866267726,0.00446716877643566,-0.00293106699841205,-0.00186116863127583,-0.0136939197895156,0.000955282390283907,-0.00296023824694406,0.00479769859012645,-0.0181922170241222
gen=1_member=630,func,0.0210166348179542,0.00271718621895502,0.0332247949879207,0.00974697600581463,0.00897404236780431,0.0318170493202827,-0.00119121972407802,-0.000841126345977061,0.0462474872969757,-0.0369016636559228
gen=1_member=631,func,0.0367079716058622,0.0426472532975957,-0.0137022830237654,-0.0053588456797205,0.0188720262710536,-0.0315944194465706,0.027903425856086,-0.00117011732295839,0.0142307800374956,-0.0110540957117686
gen=1_member=632,func,0.00182665671346872,0.000764029669475576,0.0214935731076261,-0.0121380414243759,-0.00823001584525324,-0.0177804193548635,-0.000973725647657962,-0.00681596435409623,0.00614374971692174,-0.0225479929315983
gen=1_member=633,func,0.00969044229296299,0.0231010282049618,0.00378336934567997,-0.00370468304070235,0.00227056319172764,-0.0137583467506036,0.00493627402456381,0.00904021890139202,0.0040143594291545,-0.00549834451551656
gen=1_member=634,func,0.013115008847832,0.00690813681826004,0.0313557679737005,-0.0170049166692605,-0.0113792089259605,-0.00875799337338306,0.0142311286876665,-0.00585228293405439,0.0153718829686234,-0.0230956007305174
gen=1_member=635,func,0.00722966846967472,0.0371401672367348,0.0124996998293357,-0.0101755366908787,0.013558624952771,-0.0170074523144233,0.00509770912957764,-0.000322909977228801,0.0019548022799409,0.00104539781583727
gen=1_member=636,func,0.0122766836415433,0.0039709586496289,0.0191989506807267,-0.0228763509148155,-0.000950440554673019,-0.0159512854946234,-0.00639959166143151,0.00247167697903047,0.00591849306329975,-0.0177294589187158
gen=1_member=637,func,0.00762417147013494,0.0173729736016308,0.0277286466910761,6.78310007789973e-05,-0.0143657043847805,-0.00209919415974347,0.0242557227473021,-0.0132722136111669,0.000288644705681132,0.00304190251305674
gen=1_member=638,func,0.0159436562347175,0.0152428361668498,-0.00413432621796883,0.0197459087497461,0.0125071040952671,-0.0159899647512568,-0.0044837621293625,0.011238131664204,0.0180212989570641,-0.0165168352841952
gen=1_member=639,func,0.0164145202762118,0.00821889786847638,0.0199893288071289,-0.0199226083725847,-0.0273799192923488,0.0108739190194021,0.0104703452593487,-0.0277959404590899,0.048031441859333,-0.0289491444272543
gen=1_member=640,func,0.00525944469758645,0.0204047443956838,0.0158146768451557,-0.0044753320022705,-0.0127767556717243,-0.00211616427392797,0.0314120177235253,0.0020994296112023,0.0155377725353391,-0.000625021928278081
gen=1_member=641,func,-0.00670675507487489,0.0230212375005322,0.0168836204482045,-0.0144301011803205,-0.0224307599180414,-0.000567759134386229,0.0312932543187934,0.00021701967282975,0.0132372089191327,-0.020430604774294
gen=1_member=642,func,0.00535710453020576,0.0582685488547941,0.00308819970401283,-0.00549588478099601,-5.96608816905743e-05,-0.0342638936797441,0.0217862907616309,-0.0237383798861962,0.0240017719293288,-0.00521507565789888
gen=1_member=643,func,-0.000981036129125809,0.00673193004645498,0.00559792605142096,0.000460512746505523,-0.00777599026395785,0.0170209965520676,0.000250559404033247,0.0217292659757992,0.00364950957716284,-0.0071405316374208
gen=1_member=644,func,0.0140961416903259,0.00864966654468654,0.0330167398044787,0.00115884968051172,-0.00529456754816164,0.00398264525587304,0.00584905940734212,-0.0153169930521305,-0.0135511099764519,-0.0133193609707732
gen=1_member=645,func,0.0277519742663105,0.0183068708212589,0.0224813942142825,0.0280699321818196,-0.0222315908216017,0.00708355880382311,0.0148100757824898,-0.00933155908690051,0.0487080620280293,-0.017561456457399
gen=1_member=646,func,0.00136818692566874,0.00317909222561626,-9.55271439455024e-05,0.00354811699867737,-0.00639879402810539,-0.028701493160634,0.0258221222107482,0.00462350363262651,0.00552051858943008,-0.0225509962803613
gen=1_member=647,func,0.0186228514564452,0.0335369406778245,0.0103207411620506,-0.0187471462170258,-0.00493124563947316,-0.0154174093084877,0.0321718088989884,0.0045301413596894,0.00507430896605506,-0.0154139486128441
gen=1_member=648,func,0.00255506505146469,0.0296509956182739,0.015941913284107,-0.0205970123098769,-0.00052183226155553,-0.00843732423845128,0.00052271665215246,0.0151133321133057,0.00964467134922939,-0.00422111217602929
gen=1_member=649,func,0.00335802148821845,0.0051306953596366,0.0212121895423947,0.0107210182291778,-0.00304502367667379,-0.00807106416776151,0.00361854770190762,-0.012124182430436,0.0110319007284112,-0.0137841074840175
gen=1_member=650,func,0.0273756129304577,0.0172022848109322,0.0301930755054368,-0.0430776341551375,-0.0215225922302242,-0.0292509065510789,0.0160942246902362,0.00591551923234381,0.00123690466202577,-0.00183510454234922
gen=1_member=651,func,0.0264278804343343,0.0378255832819885,0.00483819589517698,-0.0111587931446827,-0.011048385573018,-0.0343127166986305,0.0298165046198512,-0.0254246041112701,0.0152881167236391,-0.0340485666076879
gen=1_member=652,func,0.0197466678938494,0.0412037002764361,0.0270154622183892,-0.0098583714383645,-0.0185350119100725,-0.0229486281734829,0.0150761329047795,-0.0170253067373564,0.00534610028776455,-0.0258472333205635
gen=1_member=653,func,-0.00473487558900977,0.0310277771140357,0.00517058531298793,0.022253874822712,-0.00369971769485663,0.0135949544742913,0.000962808404782508,0.0359539281970906,0.0222272050068438,0.0114750949957468
gen=1_member=654,func,0.0287361005254225,0.036305430920595,0.00435957489198681,-0.00951517362592387,-0.00698751051304061,-0.01541561523775,0.0250547110648772,0.0153640992652698,-0.0026254711947807,-0.0231781840479114
gen=1_member=655,func,-0.00663075839677652,0.0496088035776295,0.00791262844934671,-0.0241005075404294,0.0100651920517738,-0.0322919115167112,0.0119142258298172,0.0117594097359812,0.0140943001847145,0.00843960934017132
gen=1_member=656,func,0.00945202253601681,0.0227036284048979,0.0200078296000729,-0.0218509111381979,-0.00194865634535945,-0.0321611281597706,0.0068754426115866,0.0136930430294666,-0.014253578856043,-0.0278520636610623
gen=1_member=657,func,0.0150627801715308,0.00828942755136454,0.0149005796352167,-0.0154787716285235,0.000601937292823852,-0.00757419451582395,0.000542141358418221,-0.0108374538973,0.00212099360731014,-0.024669827949121
gen=1_member=658,func,-0.0191044700243513,0.0209284100347595,0.0130367400667852,-0.00336245101960097,-0.0317225051829832,-0.0105240143696722,0.0261154652492527,-0.0151839221064791,0.0254899675650533,-0.0151599048884734
gen=1_member=659,func,0.0110197847829138,0.0241928875707486,0.057226943189127,-0.0310183157673293,-0.0386844096826149,-0.0153506831322644,0.0447605027050488,0.00448195599356018,0.0217158515869666,-0.00447700163362693
gen=1_member=660,func,0.00328139218783936,0.0180405293692588,0.00786258480631105,-0.0155473716123891,-0.00841455586231894,-0.00429540414940139,-0.000943479060652931,0.0209994439286117,-0.0023756812969003,-0.0128022414753144
gen=1_member=661,func,0.018704887657283,0.010015613509152,0.0184396258011363,-0.0352436915407952,-0.00146686150494693,-0.017070726225251,0.0112899612020251,-9.0492010562216e-06,-0.00691004252908101,-0.00322765758760209
gen=1_member=662,func,-0.00160139011377467,0.0245139208715825,0.036773744586046,-0.019661678496939,-0.0100715759317653,-0.0388733795066384,0.00362697238387792,0.0336315471505147,-0.036256951407425,-0.0322796310676268
gen=1_member=663,func,0.018603087958173,0.020708815720405,0.0146292570926898,-0.0129409839358301,-0.000114708013007502,-0.0105908519556786,0.0297564354205144,-0.00737211339401777,0.00484751686930102,-0.00804895878862696
gen=1_member=664,func,0.0184956164994108,0.0173366621170052,0.0644684695254545,-0.021352330491307,-0.0188408552985717,0.0108705909615157,0.0296626705482873,-0.0223533400911728,0.0319821472577381,-0.0261141898890802
gen=1_member=665,func,0.019050079576001,0.0621161596923469,-0.00290228943262179,0.00662024417443496,0.000231675861779282,-0.0187355987461567,0.0182749901601425,-0.0235376873272913,0.0142878535387964,-0.00555856653057001
gen=1_member=666,func,0.0129618617473317,0.023521823055141,0.0286888236026357,-0.0159555693764478,-0.0129864271524375,0.00987896196440936,0.0290017855749519,0.00683813589760365,0.0256227458865716,-0.0182419575916157
gen=1_member=667,func,0.0232036471794359,0.0185785762961807,0.0307015883323174,-0.0117517384528608,-0.0159684770228657,-0.00726995165348213,0.0381401503189136,-0.0283425874484773,0.0339703122033503,-0.0243321384632564
gen=1_member=668,func,0.00111907783633917,0.00222516873448223,0.0118404726750914,-0.0056951355638695,0.00943367110262401,-0.0239680324487891,-0.00813250257539872,0.000985973212344194,-0.00489510120421557,-0.0214693203749085
gen=1_member=669,func,0.0206750720615274,0.0404398584792092,-0.010437994050513,-0.0157824127403531,0.000717060699708446,-0.00912617868989628,0.0042595597912036,-0.000227538088102429,0.0208602234377386,-0.0257434547837957
gen=1_member=670,func,0.017890698336141,0.0253330104975145,-0.00134309946625754,-0.0103387341044192,-0.0177435980437155,0.0174127764501334,0.013223659213643,0.00397033409881199,0.0323602539006061,-0.0347717810355574
gen=1_member=671,func,0.0191878826888532,0.0243809846651542,0.0354975726930677,-0.0343218143650239,0.00777176166155749,0.000968687709916888,-0.00575666692485775,-0.0241645665097355,0.0182116679595044,-0.0188040819016281
gen=1_member=672,func,-0.0183798959515609,0.0367564951131776,0.0130099199574023,-0.00854476292799953,0.00257616187005389,-0.00963293742771333,0.0174633752393253,-0.0290672868690828,0.033276377867686,-0.0150411185594766
gen=1_member=673,func,0.0197174325820096,0.0254284777616423,-0.0029104296231489,-0.0128326013558364,0.0073575023641111,-0.0228989317902647,0.0105961444077311,-0.000469001660276878,-0.00282730537101592,-0.00392155828772786
gen=1_member=674,func,0.02620003018568,0.0228988346362325,-0.00961420551861411,-0.00623143097918026,0.00416778929865332,-0.00201741056518917,0.0192252725547217,-0.0253735244140773,0.0115112336205325,-0.0026416009886821
gen=1_member=675,func,0.0193569037297502,0.0190580465191788,-0.00572576902305508,0.00379593071769066,-0.0112680220312478,0.000861282592952688,0.0104193790067194,0.0067445261406335,0.0220419194731927,-0.0328145851105359
gen=1_member=676,func,0.0154520967701571,0.013625670535773,-0.0040655883206348,-0.0111351943574828,-0.00729083033530952,-0.0128832559906439,-0.00164892091369167,0.00442054366750495,-0.000386901940014602,-0.0206197702076229
gen=1_member=677,func,-0.00720454024192543,0.0312573304496476,-0.00361157775555626,0.000887290543080248,-0.0036240791930793,-0.00518219001227926,0.00342056403524346,0.0164750452046111,0.0215900827560163,-0.0107508376560589
gen=1_member=678,func,0.00915124676774882,0.0275726837334162,0.0100002930129787,-0.0158133155081094,0.00363893485727666,-0.0204849742353979,0.00853158840600753,-0.000200267374172067,0.00521381779538548,-0.0175974077107655
gen=1_member=679,func,0.0235341227833877,0.0184417995882595,-0.000325457461433082,0.0153801592151608,0.00837204118460403,0.000302548643085317,0.00421448965504247,0.00560398304991797,0.0320790479859889,-0.0281467939467104
gen=1_member=680,func,0.0107831324094109,0.00831521365513901,0.0235115733066996,-0.0104797883960033,0.00122271682085139,-0.00455028488345797,-0.000818961851599816,-0.00766360412058331,-0.0120280966443737,-0.0127247278136381
gen=1_member=681,func,0.0259165656320226,0.00841754509047225,-0.00650593615868414,0.00902445536586317,-0.0275078498100577,0.0121887253224837,0.0175322319329623,-0.00565662599920738,0.0532019050859466,-0.0465570175887799
gen=1_member=682,func,-0.00976889048233686,0.0141706260112425,0.00163141969531504,0.00438601449672342,-0.00877721214805787,-0.0105244644127789,0.000641610270355655,0.0183850708854328,0.00803141806139905,-0.0239219318100377
gen=1_member=683,func,0.00871773608012922,0.00616239950348232,0.0194836697292171,-0.0162163806497326,-0.014772324576505,-2.3040559067773e-05,0.032328453961188,-0.00289259537665441,0.0136037881298393,-0.00225790389290524
gen=1_member=684,func,-0.00362428252825839,0.00664390287456291,0.00312058115081337,-0.0117876189671196,-0.00996328884448778,-0.0149993325933659,0.00619565243329908,-0.0116673101935103,0.00330138778212178,-0.029686098532096
gen=1_member=685,func,0.0249784065580585,0.0266509932626321,-0.00320403883625179,0.00777025834826708,0.00162522784010229,-0.025502103285732,0.00903206104104655,0.0185320096711998,0.0189114051412342,-0.00999642507857038
gen=1_member=686,func,0.027421795498669,0.0453678857863118,-0.00678233314017469,-0.0286376717317513,0.0199173072482371,-0.0294102059460377,-0.000845226988913685,0.0018928842663862,-0.00462850743629433,-0.00344762457000482
gen=1_member=687,func,0.000190745288713808,0.00573073806621969,0.0295356829861526,-0.0151114138191463,-0.00716784085399209,-0.0127526026963944,0.000821305755894375,-0.00157558227747774,0.00822957888604184,-0.0171810250026491
gen=1_member=688,func,0.0208300602912436,0.0127758699104155,0.0132729588544981,-0.0244735618978716,-0.00731970929847676,-0.00689947818499329,0.00241839362364383,0.0066660047288533,0.00890388157279953,-0.0132885856261162
gen=1_member=689,func,0.00566752464220561,0.0221951304174352,0.0267641281752212,-0.0100325271908811,-0.00950550696670146,0.00461509335824712,0.00967196551936522,0.000650617011132436,0.0121879838955286,-0.00784983553681368
gen=1_member=690,func,0.0182714918304996,0.0235056967972313,0.00696595414310055,0.015041268869209,-0.00117216957112059,-0.000204782861721093,0.0150145222898517,-0.0136794584093249,0.0315265414739049,-0.00791354472217291
gen=1_member=691,func,-0.00185584232944078,0.0191244960333518,0.0172417938719529,0.010088491105004,0.00683662579336906,-0.0215543682594498,0.00573860796963141,-0.0119343965583855,0.00248314694931011,0.00137467051625834
gen=1_member=692,func,0.0144572327328457,0.0233411467045914,0.0325543911083602,-0.0218037597909538,-0.0086425852438257,-0.0172909025533934,0.0202812279575546,0.00377643170832636,0.00269114034700723,-0.0196651208579766
gen=1_member=693,func,0.013036250396384,0.0156698957629259,-0.00248205886007725,0.0230736834980635,-0.00301859594197545,-0.0054946538251953,0.00305591399644398,0.0174367115490626,0.00962789158951078,-0.0138736870101031
gen=1_member=694,func,-0.0115780311723912,0.0110940046205885,0.0154148679381977,0.00458863106897683,-0.0177740924365712,-0.000177849331746148,0.010730508308767,0.0118438316237266,0.0242868751038028,-0.0151771855351434
gen=1_member=695,func,-0.00527972932685757,0.026121831607413,0.00818464165893276,0.0015344448823654,-0.0131809131895547,-0.00532352990961025,0.0261490175877469,0.0135918446651212,0.0196828764445834,-0.0032919034342504
gen=1_member=696,func,0.0144036505374908,0.0274132983821715,0.00813716670371006,-0.0231079681580521,-0.0188529847340188,0.00395254919654032,0.0192368539919728,0.0111576085016741,0.00969922395073207,-0.0222536438612419
gen=1_member=697,func,0.0133425418082345,0.0166441868497485,0.0326969314333338,-0.0141504705657665,-0.00271048627795468,0.00656053703163024,0.0202627694298984,-0.0113702831319768,0.0100413495673005,-0.0156885060091204
gen=1_member=698,func,0.00180913304028201,0.00810916901784452,0.0296464173169643,-0.0126026222116996,-0.005597450353803,-0.010337629213215,0.00104718604047422,-0.00764762361700768,0.0252157264672757,-0.0234384703734274
gen=1_member=699,func,-0.00575730946056944,0.0063554483382466,0.0232529896401887,-0.00521536916361307,-0.0132981525317666,-0.000211502668799026,0.00785640221617199,0.0173114784406344,0.0201979566778645,-0.0162661254753905
gen=1_member=700,func,0.0155016994057396,0.00838286553852832,0.0178397184114469,0.00919540642867199,0.0129974333616038,-0.00828510512715402,-0.00661483315815542,-0.0173553732442672,0.0341291573555099,-0.00593021060188606
gen=1_member=701,func,-0.00641482176443159,0.0092232797408167,0.0259345778302067,-0.00601866422435789,-0.0288877473342417,0.00516160124634076,0.0157447334240136,0.0147122021926318,0.00647973445129494,-0.0141840204183309
gen=1_member=702,func,0.0339687117463706,0.0244198518123958,0.00826932316273538,-0.0123000843310837,0.0189034287924466,0.00405510515533733,0.0106747700548235,-0.0341439380291427,0.0185502230837002,-0.0149071663373397
gen=1_member=703,func,0.0283672738106326,0.0276433252094086,0.00456454800028135,-0.00818361899325417,0.00480817710443018,-0.00540166719939244,0.00054061453072297,-0.0154601120864407,0.000496661996711098,-0.0100145483863982
gen=1_member=704,func,0.0139019558984856,0.0122026060835564,0.013546501242389,-0.020210244052397,-0.00850291863068953,-0.00923830163466763,0.019413337422526,0.00142847650814125,-0.00177628100306768,0.00127394460191798
gen=1_member=705,func,0.0107553875568132,0.0120349544628693,0.0232625603221847,-0.00626134205032657,0.000680228895725895,-0.00650419577864018,0.014046311004516,-0.0216285101634626,0.0240096951756535,-0.0197388374953422
gen=1_member=706,func,0.0398718330109397,0.0537968918440382,-0.00208946121264778,-0.0155032509687015,0.00585541147259366,-0.0249207472049334,0.00825831751192149,-0.0131984587522633,0.00616851229885585,-0.021796940705913
gen=1_member=707,func,-0.000313433780756543,0.0374905687414391,0.0125787382967011,-0.0203552380184793,-0.0130105007349674,0.00513541217565405,0.011529269721021,-0.0264268779831515,0.0405105428304803,-0.0210250761327401
gen=1_member=708,func,0.0272637682138226,0.0344822127278711,0.00755305107525507,-0.0118913500484027,0.00963070982258111,-0.007435443656408,0.00480329358278622,-0.0151635498622176,-0.0112254371063773,-0.01566420507259
gen=1_member=709,func,0.0042399008387044,0.0123904642817519,-0.00371008068952269,0.0141651674520226,0.0244508708014279,-0.0228748656686053,-0.0225208645285269,0.024579829308393,0.000406807938079051,-0.00795868231850549
gen=1_member=710,func,-0.00125907015449873,-0.00239370604657682,0.0101259774945322,-0.00520534251412943,-0.00739699332142683,-0.0130765882003601,-0.00500162134010856,0.00377522204889095,-0.00123308656996298,-0.0229192597097976
gen=1_member=711,func,0.0272841688419304,0.0283684968858592,-0.00112969480288301,-0.0149471349920928,0.00836121286024917,-0.012745320056651,0.00795859584374719,-0.00893245501792059,0.011994906699391,-0.0170387635505945
gen=1_member=712,func,0.00811856702145815,0.0132400980747176,0.04452997516591,-0.011414560154454,-0.0110763948418407,-0.00321162702266676,0.035773616854431,0.00519606093219642,-0.00236500239066413,0.000647039262163508
gen=1_member=713,func,0.00765064075999894,0.0128674379038247,0.00130226935941327,-0.00543086813452587,-0.00985748476258937,-0.0100976791247784,0.0131998848221437,-0.00569739857161613,0.0114311971258997,-0.022998962661168
gen=1_member=714,func,0.0263410424471209,0.0241969960560543,0.00419467626208153,-0.00457111508538629,0.0116214512286549,-0.0144388313899923,0.00873675868287778,-0.0182402865098998,0.0227712241953511,-0.0218152893903406
gen=1_member=715,func,-0.0143659223001334,-0.00897024362738476,-0.0025536171226507,-0.00170002894811919,-0.0139724979512529,-0.0279979785907622,0.00655789492772485,-0.00574392187863613,0.00793096127940049,-0.0162737404026384
gen=1_member=716,func,0.0264996776691354,0.0310641436521817,0.00450380393301848,-0.0212726855942338,0.0107304223112343,-0.0178150117790099,0.000465947241013554,-0.00502766419820703,-0.00779535925446499,-0.0125235475925882
gen=1_member=717,func,0.0224708333154223,0.00444688512471648,0.0255341659290962,-0.0155825610661944,0.0127626444374714,-0.011594533010256,-0.0088819373693459,-0.0121206836848795,0.0120767228533479,-0.0273080892036328
gen=1_member=718,func,-0.000426685841060708,0.0082979338256136,0.00568455881077156,0.0269573364873351,0.00102053308379658,-0.0175754187957317,0.012388792963399,0.00888064628512007,0.00638878442314488,-0.00243425545410656
gen=1_member=719,func,0.0281238553249204,0.0390517068631029,0.00419839477249303,-0.0129088895985617,0.00621493342873468,-0.0103869563003125,0.0138025958216451,-0.0187258901377293,-0.00238908075340412,-0.00961905949886353
gen=1_member=720,func,-0.00112533639519639,0.0132569621635465,0.00872297217016106,-0.00785381765998878,-0.0245701768990979,-0.0050285574947764,0.0210061827936469,0.000895088396461526,0.0213244735086861,-0.0176502873333093
gen=1_member=721,func,0.0125180750660492,0.021296011072479,0.0711713845903501,-0.010990481463314,-0.0312752000112115,0.00280477258622965,0.066935509951962,-0.0191969107773496,0.0292697884595986,-0.0157090942646027
gen=1_member=722,func,0.0199435898174034,0.0135425829584506,0.0316896128834954,-0.0348138336940245,0.00849756877864911,-0.0122680963762212,-0.010592445302141,-0.00737169978128052,-0.00270348613413812,-0.0266603578691304
gen=1_member=723,func,-0.00699759952888238,0.00289201043229,0.0127309871843074,-0.0140920029440974,-0.010742297556155,-0.00976204766689028,0.00342540886145085,0.0147272322162595,8.66027345694433e-05,-0.00418816355867711
gen=1_member=724,func,0.00897321395587035,0.0123694801031725,0.0172781067939868,-0.00888779418588779,-0.0227376842522175,0.0030903789196411,0.0222445499862473,0.0149638540090591,0.00820224396457864,-0.0156339807403585
gen=1_member=725,func,0.0202026735150172,0.02811759541556,0.00739449816594238,-0.0138809128363189,0.000918621494895552,-0.0207598334046954,0.022824833237241,-0.00927560589661916,-0.00188930145009057,-0.010042908930974
gen=1_member=726,func,0.017992978588025,0.0140259346865315,0.004828362058745,-0.0360515538434234,0.00367056769443286,-0.0311472015408641,-0.0176591369007617,0.0142022400725441,-0.0010836205528686,-0.00304698045736835
gen=1_member=727,func,0.0286348674971229,0.0461922659431224,-0.000841894766878574,0.00103358163994664,0.0106275466222546,-0.0261030509286959,0.00410483915617174,-0.00520492261704825,0.000627421110775218,-0.0140100982096321
gen=1_member=728,func,-0.00472411678339837,-0.00244970088499838,0.00108585334936088,-0.00116846204016288,-0.000145860170585055,-0.01321815871592,0.00135381323872238,-0.0209612712490548,0.00563352792708093,-0.0283983181676594
gen=1_member=729,func,0.0145820354853581,0.0137202220452345,0.026214932510488,-0.012368655910521,-0.000807345585478658,0.00331894006959443,0.0102228419034946,-0.0354626946656497,0.0224756728045789,-0.0319314559546878
gen=1_member=730,func,0.0274394690491892,0.0397363672291709,-0.00702720067859195,-0.000743814252582183,0.00875012381823118,-0.0123053122657998,-0.00533776165230798,0.00841373968028403,0.00986483404857376,-0.0149738274114036
gen=1_member=731,func,0.00450342151867861,0.00929416360868163,0.0371384218343355,-0.0375468130780067,-0.0211690517127484,-0.0194090703749362,0.0223193313489607,0.0217388488371468,-0.00377649935608846,-0.00943287020879085
gen=1_member=732,func,-0.00643663432501985,0.00928575001350419,0.0250397615050996,-0.0186393942224455,-0.0140321410710015,-0.0136344583437983,0.0210939822802858,-0.028662314189404,0.0165591104371585,-0.0251358750518853
gen=1_member=733,func,0.0351888829790204,0.0207764511362495,-0.0143600673235572,-0.0574571475132739,-5.03553592846291e-05,-0.0490604367914818,-0.00930863039288849,0.0307249608137639,-0.0188638698035509,-0.00299015253684802
gen=1_member=734,func,-0.00372318525367083,0.0352338822900248,0.0162805644610951,0.000899371475027632,-0.00500717331267521,-0.00760786159236802,0.0246923832424724,-0.020550534772628,0.019226835218253,-0.00368938930428403
gen=1_member=735,func,0.00818750146328081,0.0103135197973522,0.0245390746685373,-0.00636724502309203,-0.0117991208589396,0.00364344678748363,0.0167057955805512,0.0109091874386444,0.00591116872681729,0.00207618139851961
gen=1_member=736,func,0.00676574771673223,0.0587435454481745,0.00807680478332662,0.000937695143062266,0.0204774650073697,-0.0251547739693787,0.0179268741148089,-0.019670921042705,-0.00121363391467485,0.0136693922627203
gen=1_member=737,func,0.0195479771567261,0.00632183022055724,0.0126993928228316,-0.0368248028075879,0.00167063077557198,-0.0179052609577217,-0.0253903086254642,0.00131189807472165,-0.0106051673740901,-0.0178672892222942
gen=1_member=738,func,0.00529800881716764,0.00882920895147869,0.0287354233159004,-0.00251247860053058,-0.0134681535939693,-0.00692239469508077,0.0323957254297536,-0.00131563030789491,0.0180211340234011,-0.00807066705738627
gen=1_member=739,func,0.0121370781391081,0.00985482104966795,0.0278077106136784,-0.0149998032255676,-0.00281545423934602,0.00673076590470087,0.00730106676532122,-0.00993937315244693,0.00673266315034821,-0.017293536321666
gen=1_member=740,func,0.00829491920995814,0.0194570562361212,0.0180233605445892,-0.00735752568964597,-0.0124550209007431,-0.00200623901431707,0.0215921155667942,-0.0140374983587817,0.0087174587516706,-0.0146636165039164
gen=1_member=741,func,0.0107058226749414,0.0091876355301458,0.00946864328810449,-0.013639181154782,-0.0193882645675783,0.00422170509131462,0.0205404377614732,0.0163343585700317,0.00220448363051633,-0.0215034103205414
gen=1_member=742,func,-0.0168355421058162,0.0100176882205951,0.0167615109162449,0.00100568242588831,-0.0028541533498253,0.00735070883141714,0.00574843232876796,-0.00316629966355178,0.0195693890806869,-0.0368650257348934
gen=1_member=743,func,0.0175825198473638,0.0321688373475607,0.00347351340678004,0.0279939906823236,-0.0275565432983005,-0.00336240697130018,0.0348690322242602,-0.00710861165338422,0.038646520373773,-0.0138550238995885
gen=1_member=744,func,-0.000112966713387298,0.0151780608819397,0.0320372226963367,-0.0204419386248433,-0.0203090556941201,-0.00452486725092876,0.0244847511696379,0.0063511311281277,0.0177744545063111,-0.0170587418225878
gen=1_member=745,func,-0.00753593816479633,0.0243481595072759,-0.00175998251236062,0.0114658087649039,-0.0147672160183141,-0.0224199226879653,0.0160558974490323,-0.0125930553760085,0.0078891645497188,-0.00286711229370538
gen=1_member=746,func,0.00981227639854259,0.0445745623955045,-0.00994743028097698,-0.00700903022146557,0.000261970063460277,-0.0144221222214696,0.0244366317837389,-0.021104650776128,0.0210654364804383,-0.016650936022955
gen=1_member=747,func,0.0268117569568469,0.0266332263498613,-0.00623848202447047,0.0100309686868557,-0.00159968161067327,-0.0070374994120532,0.0187906439324974,-0.00860406395292276,0.0327411420616262,-0.0281544202804076
gen=1_member=748,func,-0.0142070896038152,0.00817453208112522,0.0423959332089228,-0.0104375523060313,0.0100936989453295,-0.00203827182651127,0.00170719206472144,-0.0280192203088808,0.0403686946138989,-0.0160023660073623
gen=1_member=749,func,-0.0067442587805444,-0.00720573946371415,0.0143745636208727,0.00182772981339895,-0.0157957130745294,-0.00139114227734345,0.0169714405941238,0.00012687022717433,0.0202600188686787,-0.0311186091098957
gen=1_member=750,func,0.0207511436318326,0.0236282070425642,0.00300330593448715,0.0046406284493871,-0.0202202254740622,-0.0128974761524708,0.0234623987059327,-0.0106332075847933,0.00681681134758964,-0.0115777648572888
gen=1_member=751,func,-0.00446056340136133,0.021973784391212,0.053014252630809,-0.0209120775099623,-0.0176307918281494,-0.0170730506529803,0.0451179439409078,0.0104977757214465,-0.00769503430220243,-0.00790654620322017
gen=1_member=752,func,0.00665604703015878,0.0133617079796645,0.00316271320546303,0.00611063354878207,-0.0143277102970564,-0.00463309702062988,0.00351109977563675,-0.010332942042859,0.0342518113143817,-0.0347039216380592
gen=1_member=753,func,0.010828357308536,0.0160126149544878,0.0388353729302031,-0.027084548300972,-0.0154143374004361,-0.0140908622263556,0.0283393841006509,0.00727492223637114,-0.00162823468738781,-0.0225781413093249
gen=1_member=754,func,0.0200706180208782,0.0405597863200657,-0.00150740504778881,-0.00858708722105891,-0.0232801148008761,0.0180820442252363,0.0166149324797819,-0.0105697938143043,0.033961524865634,-0.0218712878825478
gen=1_member=755,func,0.00212787558127928,0.0166771535999431,0.0360389827029166,-0.0166807676978885,-0.0266584400538597,0.00230941670543921,0.0143130895749629,-0.00370212656422485,0.0182088596519684,-0.0133783746958376
gen=1_member=756,func,0.00451341045168364,0.0229148245804825,0.0262225839780446,-0.0304293545143503,-0.00424179734486186,-0.0184752936097438,0.0301215156944906,0.0176482774615153,-0.0136182014172731,-0.00372239275318111
gen=1_member=757,func,-0.00189098916287299,0.0175344468844341,0.0026152103322524,-0.000952148424844248,-0.00383610673635684,-0.0128421067022208,-0.013489524226789,0.045700298537961,-0.00328477601998889,-0.0141601389922407
gen=1_member=758,func,0.000963124296476344,-0.000636870696450412,0.0211280331991398,-0.00633927329163692,-0.0137549878772811,-0.0105707922853404,0.0224588470171381,0.000836414647024063,0.0123335791335627,-0.0127596524574725
gen=1_member=759,func,0.0122104233450286,0.0435391355516152,0.0358443436843178,-0.0381532682989268,-0.00222076992145853,-0.0385508732641866,0.026838217328861,0.0190064184037914,-0.0221222902914549,-0.0120942264695971
gen=1_member=760,func,-0.0199341537472934,0.0153373508271977,0.0233565824209299,0.00391059424215399,-0.0197882140817705,0.00564924681741445,0.0127232975316258,0.00765648151068989,0.036318495021571,-0.0249453585990954
gen=1_member=761,func,0.00197004600183529,0.0194885036244597,0.00979978010955511,0.00214721321063952,-0.0117722652215952,-0.00678443376596081,-0.00439663615563525,0.0138095752940771,0.0282246782528742,-0.00832038057584502
gen=1_member=762,func,0.0227547923199579,0.0403496433927673,-0.0085598079242595,-0.00511413690097867,-0.00170174508091299,-0.0107037020681349,0.0258435572219298,-0.0385809489076305,0.0322858568851353,-0.0329590308038315
gen=1_member=763,func,-0.00347172739598509,0.00292377211246386,-0.00903478084785521,0.0181566046128323,-0.0215826496198186,-0.000740676271196899,0.0180089264267554,0.0233706091053408,0.0185848096866121,-0.0171394282815949
gen=1_member=764,func,0.0113433311950931,0.00178386606671867,0.0195910599318707,-0.012996706401042,-0.00565250712293482,0.00781967081421898,0.0057335067372552,-0.0151763361587456,0.0100205559098255,-0.0219867132400812
gen=1_member=765,func,-0.00262178262100717,0.0145693889625724,0.038998155079497,-0.0219422633457406,-0.0170733526879246,-0.0123692071242635,0.0155039850079268,0.0210708360745201,-0.0133266830168262,-0.0187976005334011
gen=1_member=766,func,0.0359835449796967,0.051487153440602,0.00935289158726818,-0.0170671873719989,-0.00147883995913768,-0.0194862524538908,0.0135553758282361,-0.0310511994169416,0.00725873290153295,-0.0259914231361273
gen=1_member=767,func,0.0342683078023638,0.0436305290114376,0.00728205450388671,-0.0154683800984735,0.00258607104397918,0.0118645320594749,0.0103837077333961,-0.0344860412122597,0.0458875266149826,-0.0364771217473072
gen=1_member=768,func,0.011825834896755,0.0079618891983197,0.02016024697393,-0.0146133972069256,-0.00401179569836913,-0.00704378072496224,0.0128665275055114,-0.00387797494304472,-0.00521535071340699,-0.00167083463862444
gen=1_member=769,func,0.00609478940767792,0.0124224954991174,0.00480603394111837,-0.017070755468506,-0.0112245944430989,0.00307003890824363,0.00340850331623498,0.0342196808239625,0.0119307477853766,-0.00799040257388065
gen=1_member=770,func,0.00376104702866713,0.0105306351185937,0.0481229807784978,-0.0116072191654142,-0.0323806287577453,0.0164288802697887,0.0519262935654417,-0.00645963801791488,0.0332937156807521,-0.0184361877066045
gen=1_member=771,func,0.0319005930965269,0.039952273138908,0.0231856874748168,0.00185231604414165,-0.00869432306270927,0.00814126005087121,0.0370952366400419,-0.0300264341756403,0.0468446212834498,-0.0220717414760167
gen=1_member=772,func,0.017595180466605,0.0126894007069181,-0.0101938858383377,0.026641785958839,0.003189217009218,-0.0096626039252819,0.00981278666293723,-0.00487020140885472,0.0337414050504532,-0.0240082336820457
gen=1_member=773,func,0.0221236773558316,0.0265952304619168,0.0115347508420958,-0.00680564756705599,0.00101144705639453,-0.00241109718812029,0.0301597641836814,-0.0392629007516041,0.032176163073486,-0.0200184631925127
gen=1_member=774,func,0.00491942710666976,0.00426715169265808,0.022467156094481,-0.00334418201336214,-0.00567219550121076,0.000420235891321022,0.0126961597205905,-0.00977385000286747,0.000248180282490404,-0.00894128576400368
gen=1_member=775,func,0.0160818449298699,0.032647378250387,0.0281558805351585,-0.00986684745115502,-0.0187978966465959,0.00611081536192447,0.0522289337005374,-0.0143677045904756,0.00506024948690853,-0.0120413868999633
gen=1_member=776,func,0.00956194797230194,0.0128262279684553,0.044873349201165,-0.0189574318880162,-0.0172656640477195,-0.018550637604605,0.0412252434904125,0.000848819971695872,0.00180643225017797,-0.0200564062763233
gen=1_member=777,func,0.0225329583237263,0.0104005549751221,-0.00919743794870412,0.00935185011687004,0.000808942095394553,-0.0143656580523519,0.00713273293465045,0.00439480724100306,0.0123417265534424,-0.026720551387104
gen=1_member=778,func,-0.00957413359514262,0.00520693033996922,0.0392591500526758,-0.0215810815785696,-0.0210798753178381,-0.0236989440076008,0.00879070245912802,0.0171222061447743,-0.0080731662188032,-0.0172877554902888
gen=1_member=779,func,0.010894979573726,0.0139143326527109,0.021373940016342,-0.0244194519658985,-0.00027523801496541,-0.00856524487648075,0.0267110645844016,-0.000293510290460073,-0.00692739487029507,0.00696796645227586
gen=1_member=780,func,0.032619313061461,0.0106128845873781,0.031849978260984,-0.0138798328535432,0.00388228089677486,0.00388029869644037,-2.90903099810736e-05,-0.0493578518538626,0.032267040823072,-0.0305809962014456
gen=1_member=781,func,0.0176794204811302,0.0110995879550194,0.0163636082403679,-0.0166814710636371,-0.0103351981629993,0.00671715134483748,0.00436827017675031,-0.0252413624126731,0.0316229623811294,-0.034193530817109
gen=1_member=782,func,0.0128770647551599,0.0263087579360173,-0.00227103660628178,0.0145532945362544,0.00524161570060252,-0.015379849115139,0.0180938593441105,0.0125640912035857,0.0111075453408637,-0.00419359952716659
gen=1_member=783,func,0.0237284979387541,0.0258615429256876,0.0202979655623774,-0.0136002942908418,-0.0206396406664676,-0.0201566779302442,0.0433196694237276,0.00976133363320047,0.0167653634004224,-0.00793053347621118
gen=1_member=784,func,0.0033808492414201,0.0120410404602338,-0.00831720957717555,-0.0117127543222222,-0.017600368287516,-0.0136684618353955,0.00935377988515665,0.0252291390113813,0.00247544947031266,-0.0140704995132886
gen=1_member=785,func,0.00303378135183863,0.0362243550871954,0.0161249117686966,-0.0174422063507038,-0.00686064123761673,-0.000285998808603304,0.00906199097164384,0.00502036194679703,0.0227003254166157,-0.0159207762410658
gen=1_member=786,func,0.00388513003413065,0.011884007567546,0.0338164591159347,-0.0173844011861831,-0.00851061314853331,-0.000538686651183582,0.00350477020961296,-0.000380410750331289,0.00453827934380739,-0.0123597092762782
gen=1_member=787,func,-0.00621896297816324,0.0431877211464939,0.00638342731451892,-0.0126265350329228,0.0258235489000222,-0.0215732897847428,0.00257954441629767,-0.00438133603272024,0.0116522698662001,0.0127025098062939
gen=1_member=788,func,0.0142945244662862,0.0166905297216869,0.02554402243416,0.00192418415732537,0.00358751210998948,-0.00680938305513587,5.30713763310397e-05,-0.0214468624267489,-0.00987562932763791,-0.00815792023968994
gen=1_member=789,func,0.0225655981437508,0.0318159412190165,0.0133714818353193,-0.0166093961075297,0.00458413272764045,-0.0162667985828645,0.0274974263943377,-0.00842407506908435,0.00826044165630186,-0.0164578484506062
gen=1_member=790,func,0.0266455253808335,0.0453262598883588,-0.00402537455839018,-0.0238943422707171,0.00787405139066648,-0.0225288678289652,0.0189628252043111,-0.0242167727209816,0.0173736283145312,-0.0247373922685517
gen=1_member=791,func,-0.0127069076006118,0.0163417623331598,0.0178145796917548,-0.0194543920108936,-0.0109126052488032,-0.0109548931159726,0.0161720439348896,-0.00957815519403719,0.00839292164860996,-0.0258450648211688
gen=1_member=792,func,0.00902399003474164,0.0295112025826711,0.00927698675418266,-0.0201902736204792,-0.00664770123515682,-0.00537063126320258,0.0193161656393678,-0.00437171038218441,0.0110584465508016,-0.0227857323432596
gen=1_member=793,func,0.0194679028711779,0.0166417984458774,0.0258907550599253,-0.019808515085123,0.00573019076569245,-0.0052082304450457,0.0169542862661159,-0.00898252398486489,0.00490949513842938,-0.0122840627598065
gen=1_member=794,func,0.00432180009053223,0.0052768521067463,0.0406603449946826,-0.0126656463840328,-0.0149502104798525,-0.00952640982154881,0.033811806288717,-0.0268297099163587,0.0266709113803866,-0.0233330961453466
gen=1_member=795,func,0.00562019749265723,0.0257336375402157,0.0283871420482376,-0.0228481871554147,-0.0026724879891521,-0.0184674631994245,0.0212560191782374,0.00679106480681626,-0.0168533487020105,-0.00780629092643442
gen=1_member=796,func,0.0269635749439963,0.0197528661775827,0.0180578717163647,-0.0217266873756405,-0.00840935414615334,-0.00538531699231798,0.0133532367386443,-0.0231154574547981,0.0164183940750021,-0.0154102237934229
gen=1_member=797,func,0.0240079534411951,0.0321797417572279,0.0021129394578626,-0.0184654701997149,-0.0100651461737286,-0.0188285198547079,0.0175486331957304,-0.0144926053063077,0.00583372444975143,-0.0286475449982662
gen=1_member=798,func,0.0169260881289156,0.0205679004280128,0.0292942971737562,-0.0101432247905885,-0.00323918244347809,-0.00181579248245564,0.0383166360339796,-0.00362473226357283,-0.00881473755806258,0.00238703124992042
gen=1_member=799,func,0.0114977980248539,0.0253828921768058,-0.010362634474054,-0.00184127317321343,0.00127334281518548,-0.0150174285737719,0.0146804591980898,-0.0101343476916196,0.013766510940422,-0.0151175687829691
gen=1_member=800,func,0.00252413637858944,0.0132159263889974,0.018506022830216,0.00113712902764033,-0.0218292734377544,0.0109326320344101,0.0111541771369903,0.016632533528899,0.00931595203406618,-0.0218495765744311
gen=1_member=801,func,0.0219933658668687,0.0209080179359867,0.0222581844976672,-0.0138444101311878,-0.0120962803047119,-0.0104214532595953,0.0187228587962471,0.00767289302794493,0.0112091352047455,-0.0250462543548354
gen=1_member=802,func,0.0115968492107014,0.0102387281581065,0.0248822525511582,-0.0213522314647028,-0.0159170070423608,-0.00704647640381841,0.0372162614893807,2.01166840253612e-05,0.0111029147946224,-0.00172613117820408
gen=1_member=803,func,0.0144695032760295,0.02880328732019,-0.00477073935988708,-0.000245311575637797,-0.00852380054380847,-0.0127328540281534,0.0212513451220984,-0.00972280630242778,0.0218340822726211,-0.0240831149244503
gen=1_member=804,func,0.0152280183622041,0.0144121067742707,0.0153569665781975,-0.00557554761341163,-0.00359746490651181,0.00616458016769128,-0.0107095047550587,0.00678849065974744,0.0250123590802398,-0.0207236246557613
gen=1_member=805,func,0.0140930212138937,0.0250380359290456,-0.00464249695691115,0.00447312775243781,0.00449997490501105,-0.0179892900870765,0.0226041610043872,0.0133940868186968,0.00651803770766267,-0.0073405874350676
gen=1_member=806,func,0.0372653505476651,0.0406428332155278,-0.0026503704184088,-0.0225548192377267,-0.0041792982903887,-0.0348212589597456,0.0105627842740523,-0.000194626609365212,0.0109396423914019,-0.0216082441119933
gen=1_member=807,func,0.0100611642085045,0.0456375818135859,0.00465482897699806,-0.0361636013876873,0.0129785011883032,-0.0378464327523817,0.00341481667221479,0.00589104210200813,0.00385940426459069,0.000759480226176138
gen=1_member=808,func,0.0250903802247473,0.0208072899687717,-0.00016874505910093,-0.0347087501768894,-0.00906790147091825,-0.0190142304567187,0.0157749219518496,0.0139622487773389,-0.000832959765578404,-0.00615956882257934
gen=1_member=809,func,0.0208320779792834,0.024274246292963,0.00663556102562027,0.00305997087841642,-0.00578431531686723,-0.00814158717139867,0.0119348307936455,-0.0214869755468481,-0.00546384033563446,-0.00917355343306831
gen=1_member=810,func,0.0231049641490715,0.0296683126838855,0.0167729540010366,-0.0268296721849416,0.0141272706321312,-0.0103363972962873,-0.00548411439092497,-0.00563017766724402,-0.0156834549538541,-0.0115186227694543
gen=1_member=811,func,0.0194268905407695,0.0271204650721991,-0.00208644364243821,-0.00490471275578555,0.00583468549287413,-0.00364393601328744,-0.00804097722981039,0.000998879132942759,0.0151012991766225,-0.0287148348918125
gen=1_member=812,func,0.00716088853598628,0.0349398792405379,0.0110559814420537,-0.0165649844690904,-0.0033096125841938,-0.0180228095166948,0.00518041581016285,0.0209457065874077,0.00558039147406247,-0.00786364354343551
gen=1_member=813,func,0.0261640362318133,0.0260695345723843,0.0273224188817309,-0.0324453583538203,-0.00506467848309897,-0.0183975678888126,0.028837681015092,-0.012412871894043,0.0113066526832688,-0.0136190800817227
gen=1_member=814,func,0.0240224722611415,0.0494457879695022,-0.0041691960507062,0.0138948233352828,0.000234804316968333,-0.0190010160169601,0.0101829872970234,-0.0038410930606318,0.00695334273421746,-0.00567740868438551
gen=1_member=815,func,-0.00553404409566897,0.00101140914189819,0.0311732716092536,-0.0104766587199295,-0.0288003449018688,0.000502945356601653,0.0369413724817063,-2.33621366494893e-05,0.0162450908541838,-0.0184894466212924
gen=1_member=816,func,0.0158131032920176,0.029082116946134,0.00540075195636315,-0.00843399089194305,-0.000491024516101108,0.00992972821239669,0.00275399347172625,0.0178671544426795,0.0277968698980006,-0.0130971425609225
gen=1_member=817,func,0.0146279978922874,0.0213007022884352,0.0163075393125874,-0.0114199194833076,-0.0130679028004257,-0.006554579544565,0.0148176461532504,0.00963232003671997,0.0093425393099451,-0.00574693932889358
gen=1_member=818,func,0.0158587345348738,0.0185946556687077,0.00299120499606042,-0.00665750509156381,-0.00757464312892674,-0.0016239725261178,0.0107546641828891,-0.00291581085422258,0.0156299087363974,-0.0154893308503639
gen=1_member=819,func,0.010468048750806,0.0129911777592882,0.0409285178618731,-0.0184148570833343,-0.0178528639322599,0.0129208459818859,0.024831522158302,-0.0104963552234279,0.0290389064963013,-0.0278373723748833
gen=1_member=820,func,0.00520693248994135,0.0339535829946456,0.0178834330592539,0.00944820346950775,0.0120219239174199,0.00625829773892454,-0.00101012145646214,-0.00021779440756859,0.0455843089710772,-0.00476782445717225
gen=1_member=821,func,0.0381706250509491,0.0350708312211752,-0.00580456231881565,0.0020508590032023,-0.00253709130884665,0.0121918363113539,0.0147999764217559,-0.0247575970915628,0.0458277974618183,-0.0459573929326918
gen=1_member=822,func,0.0107084225981291,0.0144438225011379,0.0283003300645286,0.00589654014180858,-0.02177121991582,0.0149368181522775,0.0135991186411111,-0.00884770492727567,-0.000196058952274423,-0.00494186589017856
gen=1_member=823,func,-0.00595115975686298,0.0188667775046376,0.0125684746300201,0.00109490841098001,-0.010408612614922,0.0113739278653406,0.00670212002191563,0.0320807341477301,0.0195403727986145,-0.00262688039409375
gen=1_member=824,func,-0.00232258642840725,0.00491774827682054,0.0169621319656575,-0.00180231975518067,-0.0173417958727021,0.0191779825610352,0.00222222200804223,0.0204606613079513,0.0181371738081484,-0.0274330242714401
gen=1_member=825,func,0.0144156469866354,0.0188520787654107,0.0454967843252985,-0.018970164457155,-0.031828308479796,0.00829189242458628,0.0537328041369782,-0.00100003681885351,0.0333869088862718,-0.0105688870030418
gen=1_member=826,func,0.00679543850199307,0.0114353363042325,0.0167902723952397,-0.00734761170568422,-0.00435205573320848,-0.00575244887816359,0.00702064854582224,-0.00979440225204682,0.0120972687920268,-0.010310081572517
gen=1_member=827,func,-0.00400336755553543,0.000488085717822127,0.00638957673105059,9.50642538635063e-05,0.00488979724094749,-0.0201772070091355,0.00454429173953316,-0.0142007783124826,0.00711287231898598,-0.0241168063006728
gen=1_member=828,func,0.0118599570527545,0.013969749898953,0.0222607136273679,-0.0109421036730244,-0.0181245485027597,-0.00492390551326079,0.0296363959426326,0.00664206841635241,0.00733667950177476,-0.017694859355931
gen=1_member=829,func,0.00107214538657464,0.0118084893538268,0.0236308628896659,0.00341990213983675,0.0037450275290996,-0.0413247228778675,0.0129620844051315,0.0181699736631277,-0.00293158088364387,-0.0135649693452194
gen=1_member=830,func,-0.00438655456733929,-0.00269769539443391,0.00881744498225361,-0.0117300893255612,-0.00940328662333616,-0.0140813175810045,-0.00661585983083166,0.0228548458482365,0.008415081048945,-0.0226327076790296
gen=1_member=831,func,0.0233922310120241,0.0424525928213591,-0.00413778494770501,-0.0150898708716708,0.00422548406099309,-0.024412937245112,0.0298944940826677,-0.0273195784575272,0.0283364501106006,-0.00949602608748491
gen=1_member=832,func,-3.79614415174298e-05,-0.000552685763739848,0.0341384472518225,-0.0199884761260959,-0.0177350295894488,-0.00766713710088625,0.019593958660646,-0.00276399796108072,0.00431403769687782,-0.0265332250381911
gen=1_member=833,func,-0.00664660660188839,0.0206948829387618,0.0449170499607205,-0.0424367778828383,-0.0182842952708551,-0.0443218510033469,0.0310878305098933,0.0213902919238455,-0.0367025970591265,-0.0112270867431301
gen=1_member=834,func,0.0148950439467129,0.0465691872151098,-0.00337542445579315,-0.0170564987078198,0.0106332476956992,-0.0269412589522322,0.0234857631676711,-0.0228389152057419,0.018107120184141,-0.0142302570627786
gen=1_member=835,func,0.0262521182354667,0.0110671301100718,0.0286340451401706,-0.0212142443093086,-0.00332366592486723,-0.0112219608825684,8.20052378960427e-05,-0.0163190223905828,0.0152248359499734,-0.0351956271836448
gen=1_member=836,func,0.00805936364082919,0.0175621170036785,0.0371761686570291,-0.00962842403390311,-0.0182069493709333,0.0112684352638817,0.0296495782471791,0.00848695952865139,0.00970620640755021,-0.00962224773743598
gen=1_member=837,func,-0.00881722568627725,-0.00667072615001598,0.00620544669420633,-0.00398113254494712,-0.0113804607172827,-7.31557738778161e-06,-0.00458999962492681,0.0251138512514995,0.0178926524464924,-0.0271597487718632
gen=1_member=838,func,0.0141902986076653,0.00968847920861029,0.0278087801006978,-0.0133488637010846,-0.0107526610024534,0.0037935439740857,0.0335139883994363,0.00117049626879661,-0.00551006604005618,0.0106816117283555
gen=1_member=839,func,0.0364110535750033,0.0409151864824653,-0.0101486454458777,-0.025869992959593,0.00945206742287317,-0.0155931513884306,0.0181275427971128,-0.0189921177697925,0.00680979462382712,-0.00423509611927384
gen=1_member=840,func,0.0139740526775746,0.0225233702649361,0.018507543032222,-0.00936381405930156,-0.00629113692777083,-0.0111674397710022,0.024962898449681,-0.00390832292283334,-0.00600525113844226,-0.00808737851379697
gen=1_member=841,func,0.0144381810233757,0.0128011572786042,0.0272341177765904,-0.00218105246847588,-0.0117251289774562,-0.00272546423687436,0.0209603310652152,-0.0181262088934248,0.0164320213986794,-0.0153874482955908
gen=1_member=842,func,0.0284435859351604,0.00811964026067917,0.0253724983028256,-0.009876249109114,0.00584007871946331,0.0155535780520605,-0.00685329568562948,-0.0331532861697182,0.0231812364524938,-0.0451549577414121
gen=1_member=843,func,0.000448813585516129,0.000885555245816086,0.0172411826585848,-0.000281678431820845,-0.0154146497414497,-0.00142247312454577,-8.96564923571325e-05,0.00942252896566128,0.01134763603203,-0.020236736345581
gen=1_member=844,func,0.0104628795884025,0.00602920553974471,0.0312929267755081,-0.016350966167391,-0.00440077410170279,0.00379908983463184,0.00298923133100171,-0.0150628725313069,0.0123084831250636,-0.0238286827451497
gen=1_member=845,func,0.00233119202657169,0.0171769400070796,0.051278060572129,-0.0153547467837045,-0.0204094745571269,0.00290238586255089,0.0553598137462632,-0.00578913004973656,0.00962558769939342,-0.00523642989264586
gen=1_member=846,func,-0.00204441916496074,0.0176818835951719,0.0100321784814166,-0.0304897163805727,-0.00482696415977593,-0.0144382834677936,-0.0155087119937128,0.0219640196012221,-0.0115730166039831,-0.0142415748697684
gen=1_member=847,func,0.0315380489863062,0.0517819071558114,4.96220036895218e-05,-0.00927573459057457,0.00838193414788811,-0.0298073446543666,0.0109481219997956,-0.00878157865904456,-0.0118649151934549,-0.0165613731316466
gen=1_member=848,func,-0.0185427556137792,0.0592934372960367,-0.00892814309091893,0.0193451822874373,0.0235938774144997,-0.023365932120956,0.0169269825858676,-0.00937133952168038,0.0307824320975707,0.0169551508768457
gen=1_member=849,func,0.0130965069324446,0.0146302036090088,0.0180053729943097,-0.0114316592324727,-0.00587713492318113,-0.019691499886367,0.0202823351337056,0.0045909699528751,-2.408957021343e-07,-0.0200693500405731
gen=1_member=850,func,0.0197640998074575,0.0219784284955831,0.00808104316758253,0.0050530612011318,-0.00244904879049359,0.00525196894648565,-0.00440347045052051,0.00293875624626899,0.00206108195691616,-0.0259920113643065
gen=1_member=851,func,-0.000660764640957658,0.00947041200450593,0.0414671657510225,-0.022326601427906,-0.0172472264450559,-0.0161173792828639,0.0301992636793636,0.00783632263750971,-0.00072621163464319,-0.0116841770754328
gen=1_member=852,func,0.00404937022379799,0.0236284690682611,0.0178368335937135,-0.0165092556080427,-0.00731714130417808,0.00202602652191504,-0.00884023610447379,0.0146003018940794,0.0141994858757385,-0.0112844803526789
gen=1_member=853,func,0.0213804661753928,0.0171625592304515,0.0219284936533854,-0.0193536077822372,0.00045059704627219,-0.00532090915573026,0.0120441347103539,-0.0252825945912405,0.00839170858685484,-0.0309790471710001
gen=1_member=854,func,0.00848578804277028,0.0105463577307156,0.0245734917696846,-0.00714989938401195,0.00132709015212583,-0.00931256289663381,0.00393201542283075,-0.00882794329072371,-0.00508183560203391,-0.0106336065995747
gen=1_member=855,func,0.0177458271983925,0.0112989083334472,0.0289880307895293,0.00863127485739546,-0.0205192696433289,0.00427180487286587,0.00901995040051871,-0.00323636939029751,0.0280205296796534,-0.0153526110481888
gen=1_member=856,func,0.00751677533578529,0.0193511716204279,0.0169083740507081,-0.0225329333437141,0.00973207476204579,-0.0105256617375982,-0.00487174320051446,0.000692890699867414,0.00166993201995288,-0.00322542168770535
gen=1_member=857,func,0.0130073948750363,0.0208159962283954,0.0144958740072417,-0.000798910646902741,-0.00967767559829468,0.00654762435466662,-0.00319359160406929,0.0192476595130288,0.00290205695954038,-0.0178509016539062
gen=1_member=858,func,-0.0115417363407423,0.0138324755943142,0.00703740871520553,-0.0116490068428268,-0.0194996580655786,0.00739024868755244,0.0161386145396977,0.0219472152583379,0.00211836417832348,-0.0205087213349314
gen=1_member=859,func,0.0220312129943816,0.0323620497596979,0.0167822235746638,-0.00502758987287635,-0.0200935171830706,0.00282124299798979,0.0203537940581025,-0.00800497979540682,0.0212730088482036,-0.0188005786741302
gen=1_member=860,func,0.0131475427465339,0.00663487636221245,-0.00640277627865511,-0.0492824908331002,-0.00607720469260451,-0.0344276898077749,-0.0251207363328953,0.0249193776135484,-0.00109813965743876,-0.0141889900875165
gen=1_member=861,func,-0.000805010967390603,0.00999926840754067,0.0193413138237852,-0.0144049800513739,-0.0085879211856512,-0.0192150332371826,0.0153850835162892,0.017043253869686,-0.00492666786957809,-0.0317955050180708
gen=1_member=862,func,0.00648897213148419,0.0200382537737491,0.012745900234633,-0.0207436694166255,-0.00797484959831111,-0.017592911938482,0.0021002544099589,0.0185002127039552,-0.0193063286098497,-0.0303728440123778
gen=1_member=863,func,0.0255279310024618,0.0272374217768015,-0.00175616782853483,-0.012495138952835,0.0117502818320006,-0.0055303368051811,0.0101107284011133,-0.0190827042566195,0.00560927641352186,0.00065130894755944
gen=1_member=864,func,0.0224066988824288,0.0380729818672413,0.000222294819621119,0.0142435194152014,-0.00766964301410864,0.00943530394909309,0.0184665790391185,0.0183815392188703,0.0400916754668843,-0.00972874511680069
gen=1_member=865,func,0.00234485122369141,0.0148038625663781,0.0190081569917515,-0.0075975893480984,-0.00658638150806384,-0.0152449470925903,0.0124001710954469,0.00753046606839103,0.00702657915296875,-0.0121573396040164
gen=1_member=866,func,0.00631066247352638,0.0126414470943663,0.0221068755200039,-0.00561299423705316,-0.00791616773303801,0.00480707497151064,0.0283316967605754,-0.0117919914378362,0.0108238644359121,-0.000243334031984149
gen=1_member=867,func,0.0148733513921732,0.00417875620252344,0.0377743801791209,-0.00177811336129554,-0.0165312931947067,0.00115028304825448,0.0313876625979566,-0.0215143540099829,0.0546662485017924,-0.0226890970112762
gen=1_member=868,func,-0.00275771265079655,0.0130021443117896,0.0199987926525812,0.0089942572828061,-0.0150810879250362,-0.00238860818473039,0.012579512331764,0.00909039788571113,0.0168076461778891,-0.0185793041032242
gen=1_member=869,func,0.0100451325468025,0.0177063568596351,0.0155008070311665,-0.00940236855126518,-0.00095043555449741,0.00152587327936453,0.00396807676628885,-0.0214030941588951,0.00816499355747545,-0.0231723895163357
gen=1_member=870,func,0.00533800413099101,0.0651421841337867,-0.0119940862385963,0.00362106751834719,0.0132911032151546,-0.0179003612732653,0.0231137823106,-0.0357328156750556,0.033589635337812,-0.00355434170364601
gen=1_member=871,func,0.0160696741164076,0.0260098963059399,0.0282848256360662,-0.0354166577775816,-0.0203733778741443,-0.0319161124934868,0.0390142999684177,0.0246028222288997,-0.00384592497111634,0.00335028641676367
gen=1_member=872,func,-0.0087489477433998,0.0422388264465319,0.000257034541462157,-0.00421667852897076,-0.0155625683606116,-0.000205468562128402,0.0175389750939744,-0.0114179652212065,0.0392936816314836,-0.0156778135987627
gen=1_member=873,func,-0.00245672903595556,0.0346563184286352,-0.0156771566454746,0.00602860178619879,-0.0198759037245659,-0.0142049990233898,0.0185849639694837,-0.0104346614496144,0.0384822356007209,-0.024554574503498
gen=1_member=874,func,-0.00540819006874057,0.015385956413853,0.00443405487759204,0.00476346487057448,-0.0152770104504345,-0.0114955317174339,-5.39974520113243e-05,0.00368765088395107,0.0196374840179036,-0.00981870931200541
gen=1_member=875,func,0.019457334975527,0.0168954114200165,-0.00902692601499611,0.0167466803901135,0.00294967916591071,-0.00222038154849516,0.00984850510200148,-0.00848101615355628,0.0286082847903198,-0.0246177190357463
gen=1_member=876,func,0.0234304135626339,0.0266733568129054,-0.000543543391203814,-0.0032247655478313,-0.00171884021445302,-0.0175250433486566,0.0098233982617318,-0.0203861533701437,0.0173764275107466,-0.017997409988896
gen=1_member=877,func,0.00410750233998167,0.0245498719745468,0.0192562678553737,0.000250232878159302,-0.000948778603561374,-0.0287023486709547,0.0123342527333831,0.0210419179973899,-0.0113669169739244,-0.00720833754126806
gen=1_member=878,func,-0.0103136330584838,-0.00724520867832581,0.00284239214685382,0.014629550232425,-0.0188198566628258,-0.00383926270071615,0.0255918258115592,0.0141371187062405,0.0254667653236955,-0.0330010653045759
gen=1_member=879,func,-0.0201368871114499,-0.00654691438665824,0.0090649293901806,0.0111187455133049,-0.0164040279362317,0.00529871319949974,-0.00264334134366018,0.00351032570796165,0.0269837662914616,-0.0431742582145001
gen=1_member=880,func,0.0472465549451194,0.0597561602002787,-0.000216497740298023,-0.0303920215763666,0.0200296411785242,-0.0359344576158068,0.0389631485250313,-0.0110805886111816,0.00176532996923926,-0.0246126736878974
gen=1_member=881,func,0.00981015847553368,0.00475813884207622,0.0147056313441116,0.00845363509324999,-0.00137704290168607,-0.0101850871092703,0.00508021744385206,0.00493869364104148,0.0214319954401424,-0.0072471099813652
gen=1_member=882,func,0.0230490504310042,0.0317777335013382,0.0213149243396558,-0.00559434620379894,0.0173579148246166,0.00488623277628441,-0.00536576262073072,-0.00997770319035611,0.0108331042303714,-0.00846437974983931
gen=1_member=883,func,-4.12778737395505e-05,0.029187421672457,0.00500022571515694,0.0236354315104091,-0.00371546635525621,-0.000751255640413616,0.0114674512393066,0.0176330729902652,0.0184792751101093,0.00416636210564139
gen=1_member=884,func,0.0117213456060627,0.0180817211982981,0.0217387165430748,-0.00374115137463687,-0.0173843243875034,0.00165371288142773,0.0348675414422626,-0.0264052653132342,0.015506806027786,-0.0082573680381883
gen=1_member=885,func,0.0151524711028032,0.020359310106205,0.00248011067505449,-0.00754011202164916,-0.00903609560457062,-0.0196677881996561,0.0237313946741913,-0.000175894739834175,0.0186217086991152,-0.0206914508053136
gen=1_member=886,func,0.00780428825600429,0.0157654227295483,0.0050091961118272,-0.00284923625308663,0.01102444176002,-0.0223337833954857,0.00581966883906953,-0.0175018975434061,0.0172866428527569,-0.0170091100368679
gen=1_member=887,func,0.0183279632675304,0.0145377095202739,-0.0303647155920001,0.0222362653392659,-0.0143568138653847,-0.00657867953818587,0.0210083648737808,-0.0103436624646315,0.0487927316880563,-0.0246180453646926
gen=1_member=888,func,0.0161761732560917,0.00717347481929337,0.00637599063239423,-0.012994726406055,-0.014516484238621,-0.0199393168808515,0.0214814291762109,-0.0301329396494833,0.0195655179140397,-0.0404419542005792
gen=1_member=889,func,-0.00780288884672984,0.0172330800218003,0.018799520331207,-0.000363047852365624,-0.0259739585896624,-0.00384792076333432,0.0452862367582647,-0.00958294714928884,0.0341619431240624,-0.0256096720210958
gen=1_member=890,func,0.00181569040330103,0.00904910493795703,0.0299392432841754,-0.0071570336150944,-0.0123031839188585,-0.00532967736415042,0.0333698121625787,-0.00666663191146785,0.0125906975636567,-0.007433508939142
gen=1_member=891,func,0.0131714232108733,0.0283368656780466,0.0300427025041451,-0.0117363513919472,-0.0233093153165571,0.0155635446700199,0.021218119903328,0.0115379178600778,0.0284052255232862,-0.0174914030681296
gen=1_member=892,func,6.05898463473063e-05,0.00990930078891687,0.0150815456511475,-0.00757488967375915,0.0011589609269489,-0.0255266265712922,0.00825070600550453,-0.00137208128372211,0.00697495484524716,-0.0216213580905899
gen=1_member=893,func,0.0205508125505603,0.0246900367631557,0.00194439039831985,-0.00607054468600301,0.000377123323128013,-0.0137925475370069,0.0158234401869787,-0.0124306611572395,-0.00436855488938468,-0.00829558307038683
gen=1_member=894,func,0.0121520681312724,0.0151299718416554,0.0461748544345721,-0.0107913769761734,-0.00697311254375931,-0.000362309156353302,0.0550972299640205,-0.00475495797654548,0.0139345517225737,-0.00679942188799022
gen=1_member=895,func,0.000341719905088482,0.0332184469101571,0.00727220048557586,0.00352442490902031,0.000173800769531076,-0.00419143740170577,0.0113365516595134,-0.00675294971539703,0.00850553798511586,5.83665430588798e-05
gen=1_member=896,func,-0.00621710922233401,0.00108929660953314,0.00923720730028468,0.00582179351792468,-0.00232331324219914,-0.0130297975396199,0.0138912825206526,-0.00281569481896436,0.0134942983029671,-0.0172521289975532
gen=1_member=897,func,0.00490445816192042,0.00592997889548145,-0.00818791500357487,0.00945292940710903,-0.0100617674160257,-0.0122486921860014,0.0211836751374996,-0.00864619281564231,0.0126888629002235,-0.037276860474884
gen=1_member=898,func,0.00143586396332235,5.49029081835292e-05,0.0163675487782728,-0.0115712289589674,-0.0195985723100969,0.0151103686072414,0.00858471047014217,0.00877969224129095,0.0203966875342877,-0.0341935449429046
gen=1_member=899,func,0.00211443081078414,-0.0018383314364593,0.0137543202285961,-0.0151602183711277,-0.0189073039483046,-0.00963529667439688,0.00601999424490354,0.0216578665879705,0.01326599335583,-0.0215862154748837
