real_name,x1,x2,x3,x4,x5
gen=0_member=92,-3.82584,2.35174,1.32664,4.174,-4.67833
